origin,origin_city,destination,destination_city,departure_at,return_at,airline,flight_number,price,currency,stops,expires_at,fetched_at,source,trip_type,source_endpoint,flight_duration_min
YTO,Toronto,CUN,Cancun,2026-09-30 00:00:00+00:00,,,,209,USD,2,,2026-09-29 22:05:37.609843+00:00,travelpayouts,one_way,month-matrix,559
YTO,Toronto,CUN,Cancun,2026-09-30 15:00:00+00:00,,UA,2860,209,USD,2,,2026-09-29 22:05:38.074571+00:00,travelpayouts,one_way,prices_for_dates,559
YTO,Toronto,CUN,Cancun,2026-09-30 00:00:00+00:00,,,,207,USD,2,,2026-09-29 22:05:38.591757+00:00,travelpayouts,one_way,latest,559
YTO,Toronto,CUN,Cancun,2026-09-30 10:10:00+00:00,2026-10-06 18:12:00+00:00,UA,1345,329,USD,1,,2026-09-29 22:05:40.019239+00:00,travelpayouts,round_trip,prices_for_dates,1353
YTO,Toronto,CUN,Cancun,2026-09-30 15:00:00+00:00,2026-10-05 22:22:00+00:00,UA,2860,368,USD,2,,2026-09-29 22:05:40.019239+00:00,travelpayouts,round_trip,prices_for_dates,1606
YTO,Toronto,CUN,Cancun,2026-09-30 00:00:00+00:00,2026-10-06 00:00:00+00:00,,,326,USD,1,,2026-09-29 22:05:40.520611+00:00,travelpayouts,round_trip,latest,1353
YTO,Toronto,CUN,Cancun,2026-09-30 00:00:00+00:00,2026-10-05 00:00:00+00:00,,,365,USD,2,,2026-09-29 22:05:40.520611+00:00,travelpayouts,round_trip,latest,1606
YTO,Toronto,CUN,Cancun,2026-10-05 00:00:00+00:00,,,,197,USD,2,,2026-09-29 22:05:41.025358+00:00,travelpayouts,one_way,month-matrix,965
YTO,Toronto,CUN,Cancun,2026-10-24 00:00:00+00:00,,,,200,USD,1,,2026-09-29 22:05:41.025358+00:00,travelpayouts,one_way,month-matrix,1775
YTO,Toronto,CUN,Cancun,2026-10-04 00:00:00+00:00,,,,203,USD,0,,2026-09-29 22:05:41.025358+00:00,travelpayouts,one_way,month-matrix,0
YTO,Toronto,CUN,Cancun,2026-10-25 00:00:00+00:00,,,,206,USD,0,,2026-09-29 22:05:41.025358+00:00,travelpayouts,one_way,month-matrix,0
YTO,Toronto,CUN,Cancun,2026-10-03 00:00:00+00:00,,,,209,USD,2,,2026-09-29 22:05:41.025358+00:00,travelpayouts,one_way,month-matrix,559
YTO,Toronto,CUN,Cancun,2026-10-01 00:00:00+00:00,,,,211,USD,2,,2026-09-29 22:05:41.025358+00:00,travelpayouts,one_way,month-matrix,799
YTO,Toronto,CUN,Cancun,2026-10-26 00:00:00+00:00,,,,212,USD,1,,2026-09-29 22:05:41.025358+00:00,travelpayouts,one_way,month-matrix,1053
YTO,Toronto,CUN,Cancun,2026-10-02 00:00:00+00:00,,,,217,USD,1,,2026-09-29 22:05:41.025358+00:00,travelpayouts,one_way,month-matrix,412
YTO,Toronto,CUN,Cancun,2026-10-12 00:00:00+00:00,,,,221,USD,1,,2026-09-29 22:05:41.025358+00:00,travelpayouts,one_way,month-matrix,849
YTO,Toronto,CUN,Cancun,2026-10-11 00:00:00+00:00,,,,225,USD,2,,2026-09-29 22:05:41.025358+00:00,travelpayouts,one_way,month-matrix,1962
YTO,Toronto,CUN,Cancun,2026-10-16 00:00:00+00:00,,,,264,USD,0,,2026-09-29 22:05:41.025358+00:00,travelpayouts,one_way,month-matrix,0
YTO,Toronto,CUN,Cancun,2026-10-17 00:00:00+00:00,,,,264,USD,0,,2026-09-29 22:05:41.025358+00:00,travelpayouts,one_way,month-matrix,0
YTO,Toronto,CUN,Cancun,2026-10-18 00:00:00+00:00,,,,264,USD,0,,2026-09-29 22:05:41.025358+00:00,travelpayouts,one_way,month-matrix,0
YTO,Toronto,CUN,Cancun,2026-10-19 00:00:00+00:00,,,,264,USD,0,,2026-09-29 22:05:41.025358+00:00,travelpayouts,one_way,month-matrix,0
YTO,Toronto,CUN,Cancun,2026-10-20 00:00:00+00:00,,,,264,USD,0,,2026-09-29 22:05:41.025358+00:00,travelpayouts,one_way,month-matrix,0
YTO,Toronto,CUN,Cancun,2026-10-21 00:00:00+00:00,,,,264,USD,0,,2026-09-29 22:05:41.025358+00:00,travelpayouts,one_way,month-matrix,0
YTO,Toronto,CUN,Cancun,2026-10-22 00:00:00+00:00,,,,264,USD,0,,2026-09-29 22:05:41.025358+00:00,travelpayouts,one_way,month-matrix,0
YTO,Toronto,CUN,Cancun,2026-10-23 00:00:00+00:00,,,,264,USD,0,,2026-09-29 22:05:41.025358+00:00,travelpayouts,one_way,month-matrix,0
YTO,Toronto,CUN,Cancun,2026-10-13 00:00:00+00:00,,,,274,USD,0,,2026-09-29 22:05:41.025358+00:00,travelpayouts,one_way,month-matrix,0
YTO,Toronto,CUN,Cancun,2026-10-14 00:00:00+00:00,,,,274,USD,0,,2026-09-29 22:05:41.025358+00:00,travelpayouts,one_way,month-matrix,0
YTO,Toronto,CUN,Cancun,2026-10-06 00:00:00+00:00,,,,278,USD,0,,2026-09-29 22:05:41.025358+00:00,travelpayouts,one_way,month-matrix,0
YTO,Toronto,CUN,Cancun,2026-10-07 00:00:00+00:00,,,,278,USD,0,,2026-09-29 22:05:41.025358+00:00,travelpayouts,one_way,month-matrix,0
YTO,Toronto,CUN,Cancun,2026-10-15 00:00:00+00:00,,,,327,USD,1,,2026-09-29 22:05:41.025358+00:00,travelpayouts,one_way,month-matrix,871
YTO,Toronto,CUN,Cancun,2026-10-08 00:00:00+00:00,,,,358,USD,2,,2026-09-29 22:05:41.025358+00:00,travelpayouts,one_way,month-matrix,1916
YTO,Toronto,CUN,Cancun,2026-10-10 00:00:00+00:00,,,,405,USD,2,,2026-09-29 22:05:41.025358+00:00,travelpayouts,one_way,month-matrix,1985
YTO,Toronto,CUN,Cancun,2026-10-09 00:00:00+00:00,,,,416,USD,1,,2026-09-29 22:05:41.025358+00:00,travelpayouts,one_way,month-matrix,871
YTO,Toronto,CUN,Cancun,2026-10-06 00:00:00+00:00,,UA,3711,197,USD,2,,2026-09-29 22:05:41.486593+00:00,travelpayouts,one_way,prices_for_dates,965
YTO,Toronto,CUN,Cancun,2026-10-24 12:00:00+00:00,,WS,381,200,USD,1,,2026-09-29 22:05:41.486593+00:00,travelpayouts,one_way,prices_for_dates,1775
YTO,Toronto,CUN,Cancun,2026-10-03 15:00:00+00:00,,UA,2860,209,USD,2,,2026-09-29 22:05:41.486593+00:00,travelpayouts,one_way,prices_for_dates,559
YTO,Toronto,CUN,Cancun,2026-10-01 11:00:00+00:00,,UA,1612,211,USD,2,,2026-09-29 22:05:41.486593+00:00,travelpayouts,one_way,prices_for_dates,799
YTO,Toronto,CUN,Cancun,2026-10-26 22:21:00+00:00,,AA,1111,212,USD,1,,2026-09-29 22:05:41.486593+00:00,travelpayouts,one_way,prices_for_dates,1053
YTO,Toronto,CUN,Cancun,2026-10-02 10:10:00+00:00,,UA,1345,217,USD,1,,2026-09-29 22:05:41.486593+00:00,travelpayouts,one_way,prices_for_dates,412
YTO,Toronto,CUN,Cancun,2026-10-12 10:10:00+00:00,,UA,1345,221,USD,1,,2026-09-29 22:05:41.486593+00:00,travelpayouts,one_way,prices_for_dates,849
YTO,Toronto,CUN,Cancun,2026-10-11 11:30:00+00:00,,UA,3435,225,USD,2,,2026-09-29 22:05:41.486593+00:00,travelpayouts,one_way,prices_for_dates,1962
YTO,Toronto,CUN,Cancun,2026-10-15 12:30:00+00:00,,CM,471,327,USD,1,,2026-09-29 22:05:41.486593+00:00,travelpayouts,one_way,prices_for_dates,871
YTO,Toronto,CUN,Cancun,2026-10-08 14:05:00+00:00,,F8,2660,358,USD,2,,2026-09-29 22:05:41.486593+00:00,travelpayouts,one_way,prices_for_dates,1916
YTO,Toronto,CUN,Cancun,2026-10-10 19:53:00+00:00,,UA,2236,405,USD,2,,2026-09-29 22:05:41.486593+00:00,travelpayouts,one_way,prices_for_dates,1985
YTO,Toronto,CUN,Cancun,2026-10-09 12:30:00+00:00,,CM,471,416,USD,1,,2026-09-29 22:05:41.486593+00:00,travelpayouts,one_way,prices_for_dates,871
YTO,Toronto,CUN,Cancun,2026-10-05 00:00:00+00:00,,,,195,USD,2,,2026-09-29 22:05:41.971646+00:00,travelpayouts,one_way,latest,965
YTO,Toronto,CUN,Cancun,2026-10-24 00:00:00+00:00,,,,199,USD,1,,2026-09-29 22:05:41.971646+00:00,travelpayouts,one_way,latest,1775
YTO,Toronto,CUN,Cancun,2026-10-04 00:00:00+00:00,,,,201,USD,0,,2026-09-29 22:05:41.971646+00:00,travelpayouts,one_way,latest,0
YTO,Toronto,CUN,Cancun,2026-10-25 00:00:00+00:00,,,,204,USD,0,,2026-09-29 22:05:41.971646+00:00,travelpayouts,one_way,latest,0
YTO,Toronto,CUN,Cancun,2026-10-03 00:00:00+00:00,,,,207,USD,2,,2026-09-29 22:05:41.971646+00:00,travelpayouts,one_way,latest,559
YTO,Toronto,CUN,Cancun,2026-10-01 00:00:00+00:00,,,,209,USD,2,,2026-09-29 22:05:41.971646+00:00,travelpayouts,one_way,latest,799
YTO,Toronto,CUN,Cancun,2026-10-26 00:00:00+00:00,,,,210,USD,1,,2026-09-29 22:05:41.971646+00:00,travelpayouts,one_way,latest,1053
YTO,Toronto,CUN,Cancun,2026-10-02 00:00:00+00:00,,,,215,USD,1,,2026-09-29 22:05:41.971646+00:00,travelpayouts,one_way,latest,412
YTO,Toronto,CUN,Cancun,2026-10-12 00:00:00+00:00,,,,219,USD,1,,2026-09-29 22:05:41.971646+00:00,travelpayouts,one_way,latest,849
YTO,Toronto,CUN,Cancun,2026-10-11 00:00:00+00:00,,,,223,USD,2,,2026-09-29 22:05:41.971646+00:00,travelpayouts,one_way,latest,1962
YTO,Toronto,CUN,Cancun,2026-10-16 00:00:00+00:00,,,,262,USD,0,,2026-09-29 22:05:41.971646+00:00,travelpayouts,one_way,latest,0
YTO,Toronto,CUN,Cancun,2026-10-17 00:00:00+00:00,,,,262,USD,0,,2026-09-29 22:05:41.971646+00:00,travelpayouts,one_way,latest,0
YTO,Toronto,CUN,Cancun,2026-10-18 00:00:00+00:00,,,,262,USD,0,,2026-09-29 22:05:41.971646+00:00,travelpayouts,one_way,latest,0
YTO,Toronto,CUN,Cancun,2026-10-19 00:00:00+00:00,,,,262,USD,0,,2026-09-29 22:05:41.971646+00:00,travelpayouts,one_way,latest,0
YTO,Toronto,CUN,Cancun,2026-10-20 00:00:00+00:00,,,,262,USD,0,,2026-09-29 22:05:41.971646+00:00,travelpayouts,one_way,latest,0
YTO,Toronto,CUN,Cancun,2026-10-21 00:00:00+00:00,,,,262,USD,0,,2026-09-29 22:05:41.971646+00:00,travelpayouts,one_way,latest,0
YTO,Toronto,CUN,Cancun,2026-10-22 00:00:00+00:00,,,,262,USD,0,,2026-09-29 22:05:41.971646+00:00,travelpayouts,one_way,latest,0
YTO,Toronto,CUN,Cancun,2026-10-23 00:00:00+00:00,,,,262,USD,0,,2026-09-29 22:05:41.971646+00:00,travelpayouts,one_way,latest,0
YTO,Toronto,CUN,Cancun,2026-10-13 00:00:00+00:00,,,,272,USD,0,,2026-09-29 22:05:41.971646+00:00,travelpayouts,one_way,latest,0
YTO,Toronto,CUN,Cancun,2026-10-14 00:00:00+00:00,,,,272,USD,0,,2026-09-29 22:05:41.971646+00:00,travelpayouts,one_way,latest,0
YTO,Toronto,CUN,Cancun,2026-10-06 00:00:00+00:00,,,,275,USD,0,,2026-09-29 22:05:41.971646+00:00,travelpayouts,one_way,latest,0
YTO,Toronto,CUN,Cancun,2026-10-07 00:00:00+00:00,,,,275,USD,0,,2026-09-29 22:05:41.971646+00:00,travelpayouts,one_way,latest,0
YTO,Toronto,CUN,Cancun,2026-10-15 00:00:00+00:00,,,,325,USD,1,,2026-09-29 22:05:41.971646+00:00,travelpayouts,one_way,latest,871
YTO,Toronto,CUN,Cancun,2026-10-08 00:00:00+00:00,,,,355,USD,2,,2026-09-29 22:05:41.971646+00:00,travelpayouts,one_way,latest,1916
YTO,Toronto,CUN,Cancun,2026-10-10 00:00:00+00:00,,,,402,USD,2,,2026-09-29 22:05:41.971646+00:00,travelpayouts,one_way,latest,1985
YTO,Toronto,CUN,Cancun,2026-10-09 00:00:00+00:00,,,,412,USD,1,,2026-09-29 22:05:41.971646+00:00,travelpayouts,one_way,latest,871
YTO,Toronto,CUN,Cancun,2026-10-02 00:00:00+00:00,2026-10-04 00:00:00+00:00,,,356,USD,2,,2026-09-29 22:05:43.063296+00:00,travelpayouts,round_trip,month-matrix,2502
YTO,Toronto,CUN,Cancun,2026-10-08 00:00:00+00:00,2026-10-10 00:00:00+00:00,,,543,USD,0,,2026-09-29 22:05:43.063296+00:00,travelpayouts,round_trip,month-matrix,495
YTO,Toronto,CUN,Cancun,2026-10-09 00:00:00+00:00,2026-10-11 00:00:00+00:00,,,822,USD,1,,2026-09-29 22:05:43.063296+00:00,travelpayouts,round_trip,month-matrix,730
YTO,Toronto,CUN,Cancun,2026-10-03 10:10:00+00:00,2026-10-10 12:51:00+00:00,UA,1345,339,USD,1,,2026-09-29 22:05:43.589445+00:00,travelpayouts,round_trip,prices_for_dates,1392
YTO,Toronto,CUN,Cancun,2026-10-02 21:15:00+00:00,2026-10-04 22:22:00+00:00,UA,278,356,USD,2,,2026-09-29 22:05:43.589445+00:00,travelpayouts,round_trip,prices_for_dates,2502
YTO,Toronto,CUN,Cancun,2026-10-04 15:00:00+00:00,2026-10-14 12:51:00+00:00,UA,2860,365,USD,2,,2026-09-29 22:05:43.589445+00:00,travelpayouts,round_trip,prices_for_dates,2418
YTO,Toronto,CUN,Cancun,2026-10-03 15:00:00+00:00,2026-10-14 12:51:00+00:00,UA,2860,371,USD,2,,2026-09-29 22:05:43.589445+00:00,travelpayouts,round_trip,prices_for_dates,1272
YTO,Toronto,CUN,Cancun,2026-10-06 01:00:00+00:00,2026-10-15 20:38:00+00:00,UA,5874,372,USD,2,,2026-09-29 22:05:43.589445+00:00,travelpayouts,round_trip,prices_for_dates,1998
YTO,Toronto,CUN,Cancun,2026-10-03 02:25:00+00:00,2026-10-10 01:00:00+00:00,AC,129,380,USD,1,,2026-09-29 22:05:43.589445+00:00,travelpayouts,round_trip,prices_for_dates,1804
YTO,Toronto,CUN,Cancun,2026-10-15 12:30:00+00:00,2026-10-20 18:54:00+00:00,CM,471,448,USD,1,,2026-09-29 22:05:43.589445+00:00,travelpayouts,round_trip,prices_for_dates,2209
YTO,Toronto,CUN,Cancun,2026-10-15 12:30:00+00:00,2026-10-21 16:15:00+00:00,CM,471,498,USD,1,,2026-09-29 22:05:43.589445+00:00,travelpayouts,round_trip,prices_for_dates,2160
YTO,Toronto,CUN,Cancun,2026-10-07 12:50:00+00:00,2026-10-11 00:15:00+00:00,UA,763,529,USD,3,,2026-09-29 22:05:43.589445+00:00,travelpayouts,round_trip,prices_for_dates,1208
YTO,Toronto,CUN,Cancun,2026-10-08 13:15:00+00:00,2026-10-11 00:15:00+00:00,WS,2128,543,USD,0,,2026-09-29 22:05:43.589445+00:00,travelpayouts,round_trip,prices_for_dates,495
YTO,Toronto,CUN,Cancun,2026-10-08 10:15:00+00:00,2026-10-23 02:05:00+00:00,AA,5887,642,USD,1,,2026-09-29 22:05:43.589445+00:00,travelpayouts,round_trip,prices_for_dates,1972
YTO,Toronto,CUN,Cancun,2026-10-06 12:50:00+00:00,2026-10-11 18:30:00+00:00,UA,763,647,USD,2,,2026-09-29 22:05:43.589445+00:00,travelpayouts,round_trip,prices_for_dates,934
YTO,Toronto,CUN,Cancun,2026-10-07 11:16:00+00:00,2026-10-17 22:20:00+00:00,AA,4542,696,USD,2,,2026-09-29 22:05:43.589445+00:00,travelpayouts,round_trip,prices_for_dates,1064
YTO,Toronto,CUN,Cancun,2026-10-08 13:15:00+00:00,2026-10-11 18:30:00+00:00,WS,2128,716,USD,0,,2026-09-29 22:05:43.589445+00:00,travelpayouts,round_trip,prices_for_dates,500
YTO,Toronto,CUN,Cancun,2026-10-10 17:15:00+00:00,2026-10-11 00:15:00+00:00,PD,791,773,USD,0,,2026-09-29 22:05:43.589445+00:00,travelpayouts,round_trip,prices_for_dates,484
YTO,Toronto,CUN,Cancun,2026-10-09 15:55:00+00:00,2026-10-11 18:30:00+00:00,P3,2221,822,USD,1,,2026-09-29 22:05:43.589445+00:00,travelpayouts,round_trip,prices_for_dates,730
YTO,Toronto,CUN,Cancun,2026-10-03 00:00:00+00:00,2026-10-10 00:00:00+00:00,,,336,USD,1,,2026-09-29 22:05:44.110300+00:00,travelpayouts,round_trip,latest,1392
YTO,Toronto,CUN,Cancun,2026-10-03 00:00:00+00:00,2026-10-11 00:00:00+00:00,,,352,USD,0,,2026-09-29 22:05:44.110300+00:00,travelpayouts,round_trip,latest,0
YTO,Toronto,CUN,Cancun,2026-10-03 00:00:00+00:00,2026-10-12 00:00:00+00:00,,,352,USD,0,,2026-09-29 22:05:44.110300+00:00,travelpayouts,round_trip,latest,0
YTO,Toronto,CUN,Cancun,2026-10-03 00:00:00+00:00,2026-10-13 00:00:00+00:00,,,352,USD,0,,2026-09-29 22:05:44.110300+00:00,travelpayouts,round_trip,latest,0
YTO,Toronto,CUN,Cancun,2026-10-02 00:00:00+00:00,2026-10-04 00:00:00+00:00,,,353,USD,2,,2026-09-29 22:05:44.110300+00:00,travelpayouts,round_trip,latest,2502
YTO,Toronto,CUN,Cancun,2026-10-02 00:00:00+00:00,2026-10-05 00:00:00+00:00,,,365,USD,0,,2026-09-29 22:05:44.110300+00:00,travelpayouts,round_trip,latest,0
YTO,Toronto,CUN,Cancun,2026-10-02 00:00:00+00:00,2026-10-06 00:00:00+00:00,,,365,USD,0,,2026-09-29 22:05:44.110300+00:00,travelpayouts,round_trip,latest,0
YTO,Toronto,CUN,Cancun,2026-10-02 00:00:00+00:00,2026-10-07 00:00:00+00:00,,,365,USD,0,,2026-09-29 22:05:44.110300+00:00,travelpayouts,round_trip,latest,0
YTO,Toronto,CUN,Cancun,2026-10-02 00:00:00+00:00,2026-10-08 00:00:00+00:00,,,365,USD,0,,2026-09-29 22:05:44.110300+00:00,travelpayouts,round_trip,latest,0
YTO,Toronto,CUN,Cancun,2026-10-03 00:00:00+00:00,2026-10-14 00:00:00+00:00,,,368,USD,2,,2026-09-29 22:05:44.110300+00:00,travelpayouts,round_trip,latest,1272
YTO,Toronto,CUN,Cancun,2026-10-05 00:00:00+00:00,2026-10-15 00:00:00+00:00,,,369,USD,2,,2026-09-29 22:05:44.110300+00:00,travelpayouts,round_trip,latest,1998
YTO,Toronto,CUN,Cancun,2026-10-04 00:00:00+00:00,2026-10-14 00:00:00+00:00,,,369,USD,2,,2026-09-29 22:05:44.110300+00:00,travelpayouts,round_trip,latest,1681
YTO,Toronto,CUN,Cancun,2026-10-02 00:00:00+00:00,2026-10-09 00:00:00+00:00,,,377,USD,1,,2026-09-29 22:05:44.110300+00:00,travelpayouts,round_trip,latest,1804
YTO,Toronto,CUN,Cancun,2026-10-15 00:00:00+00:00,2026-10-20 00:00:00+00:00,,,444,USD,1,,2026-09-29 22:05:44.110300+00:00,travelpayouts,round_trip,latest,2209
YTO,Toronto,CUN,Cancun,2026-10-15 00:00:00+00:00,2026-10-21 00:00:00+00:00,,,494,USD,1,,2026-09-29 22:05:44.110300+00:00,travelpayouts,round_trip,latest,2160
YTO,Toronto,CUN,Cancun,2026-10-07 00:00:00+00:00,2026-10-10 00:00:00+00:00,,,525,USD,3,,2026-09-29 22:05:44.110300+00:00,travelpayouts,round_trip,latest,1208
YTO,Toronto,CUN,Cancun,2026-10-08 00:00:00+00:00,2026-10-10 00:00:00+00:00,,,538,USD,0,,2026-09-29 22:05:44.110300+00:00,travelpayouts,round_trip,latest,495
YTO,Toronto,CUN,Cancun,2026-10-07 00:00:00+00:00,2026-10-11 00:00:00+00:00,,,608,USD,0,,2026-09-29 22:05:44.110300+00:00,travelpayouts,round_trip,latest,0
YTO,Toronto,CUN,Cancun,2026-10-07 00:00:00+00:00,2026-10-12 00:00:00+00:00,,,608,USD,0,,2026-09-29 22:05:44.110300+00:00,travelpayouts,round_trip,latest,0
YTO,Toronto,CUN,Cancun,2026-10-07 00:00:00+00:00,2026-10-13 00:00:00+00:00,,,608,USD,0,,2026-09-29 22:05:44.110300+00:00,travelpayouts,round_trip,latest,0
YTO,Toronto,CUN,Cancun,2026-10-07 00:00:00+00:00,2026-10-14 00:00:00+00:00,,,608,USD,0,,2026-09-29 22:05:44.110300+00:00,travelpayouts,round_trip,latest,0
YTO,Toronto,CUN,Cancun,2026-10-07 00:00:00+00:00,2026-10-15 00:00:00+00:00,,,608,USD,0,,2026-09-29 22:05:44.110300+00:00,travelpayouts,round_trip,latest,0
YTO,Toronto,CUN,Cancun,2026-10-07 00:00:00+00:00,2026-10-16 00:00:00+00:00,,,608,USD,0,,2026-09-29 22:05:44.110300+00:00,travelpayouts,round_trip,latest,0
YTO,Toronto,CUN,Cancun,2026-10-08 00:00:00+00:00,2026-10-22 00:00:00+00:00,,,637,USD,1,,2026-09-29 22:05:44.110300+00:00,travelpayouts,round_trip,latest,1972
YTO,Toronto,CUN,Cancun,2026-10-06 00:00:00+00:00,2026-10-11 00:00:00+00:00,,,642,USD,2,,2026-09-29 22:05:44.110300+00:00,travelpayouts,round_trip,latest,934
YTO,Toronto,CUN,Cancun,2026-10-08 00:00:00+00:00,2026-10-12 00:00:00+00:00,,,673,USD,0,,2026-09-29 22:05:44.110300+00:00,travelpayouts,round_trip,latest,0
YTO,Toronto,CUN,Cancun,2026-10-08 00:00:00+00:00,2026-10-13 00:00:00+00:00,,,673,USD,0,,2026-09-29 22:05:44.110300+00:00,travelpayouts,round_trip,latest,0
YTO,Toronto,CUN,Cancun,2026-10-08 00:00:00+00:00,2026-10-14 00:00:00+00:00,,,673,USD,0,,2026-09-29 22:05:44.110300+00:00,travelpayouts,round_trip,latest,0
YTO,Toronto,CUN,Cancun,2026-10-08 00:00:00+00:00,2026-10-15 00:00:00+00:00,,,673,USD,0,,2026-09-29 22:05:44.110300+00:00,travelpayouts,round_trip,latest,0
YTO,Toronto,CUN,Cancun,2026-10-08 00:00:00+00:00,2026-10-16 00:00:00+00:00,,,673,USD,0,,2026-09-29 22:05:44.110300+00:00,travelpayouts,round_trip,latest,0
YTO,Toronto,CUN,Cancun,2026-10-08 00:00:00+00:00,2026-10-17 00:00:00+00:00,,,673,USD,0,,2026-09-29 22:05:44.110300+00:00,travelpayouts,round_trip,latest,0
YTO,Toronto,CUN,Cancun,2026-10-08 00:00:00+00:00,2026-10-18 00:00:00+00:00,,,673,USD,0,,2026-09-29 22:05:44.110300+00:00,travelpayouts,round_trip,latest,0
YTO,Toronto,CUN,Cancun,2026-10-08 00:00:00+00:00,2026-10-19 00:00:00+00:00,,,673,USD,0,,2026-09-29 22:05:44.110300+00:00,travelpayouts,round_trip,latest,0
YTO,Toronto,CUN,Cancun,2026-10-08 00:00:00+00:00,2026-10-20 00:00:00+00:00,,,673,USD,0,,2026-09-29 22:05:44.110300+00:00,travelpayouts,round_trip,latest,0
YTO,Toronto,CUN,Cancun,2026-10-08 00:00:00+00:00,2026-10-21 00:00:00+00:00,,,673,USD,0,,2026-09-29 22:05:44.110300+00:00,travelpayouts,round_trip,latest,0
YTO,Toronto,CUN,Cancun,2026-10-07 00:00:00+00:00,2026-10-17 00:00:00+00:00,,,690,USD,2,,2026-09-29 22:05:44.110300+00:00,travelpayouts,round_trip,latest,1064
YTO,Toronto,CUN,Cancun,2026-10-08 00:00:00+00:00,2026-10-11 00:00:00+00:00,,,710,USD,0,,2026-09-29 22:05:44.110300+00:00,travelpayouts,round_trip,latest,500
YTO,Toronto,CUN,Cancun,2026-10-10 00:00:00+00:00,2026-10-10 00:00:00+00:00,,,766,USD,0,,2026-09-29 22:05:44.110300+00:00,travelpayouts,round_trip,latest,484
YTO,Toronto,CUN,Cancun,2026-10-09 00:00:00+00:00,2026-10-11 00:00:00+00:00,,,815,USD,1,,2026-09-29 22:05:44.110300+00:00,travelpayouts,round_trip,latest,730
YTO,Toronto,CUN,Cancun,2026-11-15 00:00:00+00:00,,,,151,USD,1,,2026-09-29 22:05:44.584760+00:00,travelpayouts,one_way,month-matrix,390
YTO,Toronto,CUN,Cancun,2026-11-14 00:00:00+00:00,,,,176,USD,0,,2026-09-29 22:05:44.584760+00:00,travelpayouts,one_way,month-matrix,260
YTO,Toronto,CUN,Cancun,2026-11-15 17:15:00+00:00,,PD,2259,151,USD,1,,2026-09-29 22:05:45.114247+00:00,travelpayouts,one_way,prices_for_dates,390
YTO,Toronto,CUN,Cancun,2026-11-15 00:10:00+00:00,,AC,1814,176,USD,0,,2026-09-29 22:05:45.114247+00:00,travelpayouts,one_way,prices_for_dates,260
YTO,Toronto,CUN,Cancun,2026-11-15 00:00:00+00:00,,,,170,USD,0,,2026-09-29 22:05:45.677795+00:00,travelpayouts,one_way,latest,270
YTO,Toronto,CUN,Cancun,2026-11-14 00:00:00+00:00,,,,174,USD,0,,2026-09-29 22:05:45.677795+00:00,travelpayouts,one_way,latest,260
YTO,Toronto,CUN,Cancun,2026-11-20 20:40:00+00:00,2026-12-01 02:35:00+00:00,WS,2136,278,USD,0,,2026-09-29 22:05:47.215004+00:00,travelpayouts,round_trip,prices_for_dates,515
YTO,Toronto,CUN,Cancun,2026-11-16 20:40:00+00:00,2026-11-24 02:35:00+00:00,WS,2136,284,USD,0,,2026-09-29 22:05:47.215004+00:00,travelpayouts,round_trip,prices_for_dates,515
YTO,Toronto,CUN,Cancun,2026-11-01 20:55:00+00:00,2026-11-09 02:05:00+00:00,PD,766,289,USD,0,,2026-09-29 22:05:47.215004+00:00,travelpayouts,round_trip,prices_for_dates,478
YTO,Toronto,CUN,Cancun,2026-11-21 00:10:00+00:00,2026-12-02 02:30:00+00:00,AC,1814,304,USD,0,,2026-09-29 22:05:47.215004+00:00,travelpayouts,round_trip,prices_for_dates,495
YTO,Toronto,CUN,Cancun,2026-11-02 13:00:00+00:00,2026-11-09 02:05:00+00:00,PD,763,305,USD,0,,2026-09-29 22:05:47.215004+00:00,travelpayouts,round_trip,prices_for_dates,478
YTO,Toronto,CUN,Cancun,2026-11-27 00:10:00+00:00,2027-01-14 19:45:00+00:00,AC,1814,330,USD,0,,2026-09-29 22:05:47.215004+00:00,travelpayouts,round_trip,prices_for_dates,510
YTO,Toronto,CUN,Cancun,2026-11-20 00:00:00+00:00,2026-11-30 00:00:00+00:00,,,276,USD,0,,2026-09-29 22:05:47.739261+00:00,travelpayouts,round_trip,latest,515
YTO,Toronto,CUN,Cancun,2026-11-16 00:00:00+00:00,2026-11-23 00:00:00+00:00,,,281,USD,0,,2026-09-29 22:05:47.739261+00:00,travelpayouts,round_trip,latest,515
YTO,Toronto,CUN,Cancun,2026-11-01 00:00:00+00:00,2026-11-08 00:00:00+00:00,,,286,USD,0,,2026-09-29 22:05:47.739261+00:00,travelpayouts,round_trip,latest,478
YTO,Toronto,CUN,Cancun,2026-11-20 00:00:00+00:00,2026-12-01 00:00:00+00:00,,,301,USD,0,,2026-09-29 22:05:47.739261+00:00,travelpayouts,round_trip,latest,495
YTO,Toronto,CUN,Cancun,2026-11-02 00:00:00+00:00,2026-11-08 00:00:00+00:00,,,302,USD,0,,2026-09-29 22:05:47.739261+00:00,travelpayouts,round_trip,latest,478
YTO,Toronto,CUN,Cancun,2026-11-26 00:00:00+00:00,2027-01-14 00:00:00+00:00,,,327,USD,0,,2026-09-29 22:05:47.739261+00:00,travelpayouts,round_trip,latest,510
YTO,Toronto,CUN,Cancun,2026-12-24 00:00:00+00:00,,,,232,USD,2,,2026-09-29 22:05:48.259897+00:00,travelpayouts,one_way,month-matrix,1561
YTO,Toronto,CUN,Cancun,2026-12-17 00:00:00+00:00,,,,301,USD,0,,2026-09-29 22:05:48.259897+00:00,travelpayouts,one_way,month-matrix,250
YTO,Toronto,CUN,Cancun,2026-12-19 00:00:00+00:00,,,,302,USD,0,,2026-09-29 22:05:48.259897+00:00,travelpayouts,one_way,month-matrix,0
YTO,Toronto,CUN,Cancun,2026-12-20 00:00:00+00:00,,,,302,USD,0,,2026-09-29 22:05:48.259897+00:00,travelpayouts,one_way,month-matrix,0
YTO,Toronto,CUN,Cancun,2026-12-21 00:00:00+00:00,,,,302,USD,0,,2026-09-29 22:05:48.259897+00:00,travelpayouts,one_way,month-matrix,0
YTO,Toronto,CUN,Cancun,2026-12-22 00:00:00+00:00,,,,302,USD,0,,2026-09-29 22:05:48.259897+00:00,travelpayouts,one_way,month-matrix,0
YTO,Toronto,CUN,Cancun,2026-12-23 00:00:00+00:00,,,,302,USD,0,,2026-09-29 22:05:48.259897+00:00,travelpayouts,one_way,month-matrix,0
YTO,Toronto,CUN,Cancun,2026-12-18 00:00:00+00:00,,,,371,USD,0,,2026-09-29 22:05:48.259897+00:00,travelpayouts,one_way,month-matrix,250
YTO,Toronto,CUN,Cancun,2026-12-24 15:53:00+00:00,,UA,3499,232,USD,2,,2026-09-29 22:05:48.821417+00:00,travelpayouts,one_way,prices_for_dates,1561
YTO,Toronto,CUN,Cancun,2026-12-17 20:50:00+00:00,,PD,763,301,USD,0,,2026-09-29 22:05:48.821417+00:00,travelpayouts,one_way,prices_for_dates,250
YTO,Toronto,CUN,Cancun,2026-12-18 20:50:00+00:00,,PD,766,371,USD,0,,2026-09-29 22:05:48.821417+00:00,travelpayouts,one_way,prices_for_dates,250
YTO,Toronto,CUN,Cancun,2026-12-24 00:00:00+00:00,,,,230,USD,2,,2026-09-29 22:05:49.346286+00:00,travelpayouts,one_way,latest,1561
YTO,Toronto,CUN,Cancun,2026-12-17 00:00:00+00:00,,,,299,USD,0,,2026-09-29 22:05:49.346286+00:00,travelpayouts,one_way,latest,250
YTO,Toronto,CUN,Cancun,2026-12-19 00:00:00+00:00,,,,299,USD,0,,2026-09-29 22:05:49.346286+00:00,travelpayouts,one_way,latest,0
YTO,Toronto,CUN,Cancun,2026-12-20 00:00:00+00:00,,,,299,USD,0,,2026-09-29 22:05:49.346286+00:00,travelpayouts,one_way,latest,0
YTO,Toronto,CUN,Cancun,2026-12-21 00:00:00+00:00,,,,299,USD,0,,2026-09-29 22:05:49.346286+00:00,travelpayouts,one_way,latest,0
YTO,Toronto,CUN,Cancun,2026-12-22 00:00:00+00:00,,,,299,USD,0,,2026-09-29 22:05:49.346286+00:00,travelpayouts,one_way,latest,0
YTO,Toronto,CUN,Cancun,2026-12-23 00:00:00+00:00,,,,299,USD,0,,2026-09-29 22:05:49.346286+00:00,travelpayouts,one_way,latest,0
YTO,Toronto,CUN,Cancun,2026-12-18 00:00:00+00:00,,,,368,USD,0,,2026-09-29 22:05:49.346286+00:00,travelpayouts,one_way,latest,250
YTO,Toronto,CUN,Cancun,2026-12-06 20:05:00+00:00,2026-12-14 01:15:00+00:00,TS,7005,266,USD,0,,2026-09-29 22:05:50.894934+00:00,travelpayouts,round_trip,prices_for_dates,478
YTO,Toronto,CUN,Cancun,2026-12-06 20:05:00+00:00,2026-12-14 18:10:00+00:00,PD,763,272,USD,0,,2026-09-29 22:05:50.894934+00:00,travelpayouts,round_trip,prices_for_dates,478
YTO,Toronto,CUN,Cancun,2026-12-07 13:00:00+00:00,2026-12-14 01:15:00+00:00,PD,763,274,USD,0,,2026-09-29 22:05:50.894934+00:00,travelpayouts,round_trip,prices_for_dates,478
YTO,Toronto,CUN,Cancun,2026-12-05 19:35:00+00:00,2026-12-12 17:55:00+00:00,F8,2612,282,USD,0,,2026-09-29 22:05:50.894934+00:00,travelpayouts,round_trip,prices_for_dates,505
YTO,Toronto,CUN,Cancun,2026-12-04 13:00:00+00:00,2026-12-12 00:45:00+00:00,PD,766,298,USD,0,,2026-09-29 22:05:50.894934+00:00,travelpayouts,round_trip,prices_for_dates,490
YTO,Toronto,CUN,Cancun,2026-12-04 13:00:00+00:00,2026-12-10 19:55:00+00:00,PD,766,299,USD,0,,2026-09-29 22:05:50.894934+00:00,travelpayouts,round_trip,prices_for_dates,685
YTO,Toronto,CUN,Cancun,2026-12-15 12:45:00+00:00,2026-12-24 00:40:00+00:00,F8,2610,323,USD,0,,2026-09-29 22:05:50.894934+00:00,travelpayouts,round_trip,prices_for_dates,510
YTO,Toronto,CUN,Cancun,2026-12-29 22:55:00+00:00,2027-01-05 16:45:00+00:00,WS,385,438,USD,1,,2026-09-29 22:05:50.894934+00:00,travelpayouts,round_trip,prices_for_dates,1365
YTO,Toronto,CUN,Cancun,2026-12-22 20:40:00+00:00,2026-12-29 17:55:00+00:00,WS,2136,453,USD,0,,2026-09-29 22:05:50.894934+00:00,travelpayouts,round_trip,prices_for_dates,520
YTO,Toronto,CUN,Cancun,2026-12-19 19:10:00+00:00,2026-12-26 17:55:00+00:00,WS,447,465,USD,1,,2026-09-29 22:05:50.894934+00:00,travelpayouts,round_trip,prices_for_dates,1735
YTO,Toronto,CUN,Cancun,2026-12-22 20:40:00+00:00,2026-12-28 20:25:00+00:00,WS,2136,480,USD,0,,2026-09-29 22:05:50.894934+00:00,travelpayouts,round_trip,prices_for_dates,1130
YTO,Toronto,CUN,Cancun,2026-12-26 22:40:00+00:00,2027-01-10 02:00:00+00:00,AC,119,498,USD,1,,2026-09-29 22:05:50.894934+00:00,travelpayouts,round_trip,prices_for_dates,1028
YTO,Toronto,CUN,Cancun,2026-12-27 12:30:00+00:00,2027-01-03 22:15:00+00:00,WS,629,856,USD,1,,2026-09-29 22:05:50.894934+00:00,travelpayouts,round_trip,prices_for_dates,2090
YTO,Toronto,CUN,Cancun,2026-12-26 00:00:00+00:00,2027-01-03 03:25:00+00:00,WS,657,876,USD,1,,2026-09-29 22:05:50.894934+00:00,travelpayouts,round_trip,prices_for_dates,2510
YTO,Toronto,CUN,Cancun,2026-12-06 00:00:00+00:00,2026-12-13 00:00:00+00:00,,,264,USD,0,,2026-09-29 22:05:51.405852+00:00,travelpayouts,round_trip,latest,478
YTO,Toronto,CUN,Cancun,2026-12-06 00:00:00+00:00,2026-12-14 00:00:00+00:00,,,270,USD,0,,2026-09-29 22:05:51.405852+00:00,travelpayouts,round_trip,latest,478
YTO,Toronto,CUN,Cancun,2026-12-07 00:00:00+00:00,2026-12-13 00:00:00+00:00,,,272,USD,0,,2026-09-29 22:05:51.405852+00:00,travelpayouts,round_trip,latest,478
YTO,Toronto,CUN,Cancun,2026-12-05 00:00:00+00:00,2026-12-12 00:00:00+00:00,,,280,USD,0,,2026-09-29 22:05:51.405852+00:00,travelpayouts,round_trip,latest,505
YTO,Toronto,CUN,Cancun,2026-12-04 00:00:00+00:00,2026-12-11 00:00:00+00:00,,,296,USD,0,,2026-09-29 22:05:51.405852+00:00,travelpayouts,round_trip,latest,490
YTO,Toronto,CUN,Cancun,2026-12-04 00:00:00+00:00,2026-12-10 00:00:00+00:00,,,297,USD,1,,2026-09-29 22:05:51.405852+00:00,travelpayouts,round_trip,latest,685
YTO,Toronto,CUN,Cancun,2026-12-15 00:00:00+00:00,2026-12-23 00:00:00+00:00,,,320,USD,0,,2026-09-29 22:05:51.405852+00:00,travelpayouts,round_trip,latest,510
YTO,Toronto,CUN,Cancun,2026-12-29 00:00:00+00:00,2027-01-05 00:00:00+00:00,,,434,USD,1,,2026-09-29 22:05:51.405852+00:00,travelpayouts,round_trip,latest,1365
YTO,Toronto,CUN,Cancun,2026-12-22 00:00:00+00:00,2026-12-29 00:00:00+00:00,,,449,USD,0,,2026-09-29 22:05:51.405852+00:00,travelpayouts,round_trip,latest,520
YTO,Toronto,CUN,Cancun,2026-12-19 00:00:00+00:00,2026-12-26 00:00:00+00:00,,,461,USD,1,,2026-09-29 22:05:51.405852+00:00,travelpayouts,round_trip,latest,1735
YTO,Toronto,CUN,Cancun,2026-12-22 00:00:00+00:00,2026-12-28 00:00:00+00:00,,,476,USD,1,,2026-09-29 22:05:51.405852+00:00,travelpayouts,round_trip,latest,1130
YTO,Toronto,CUN,Cancun,2026-12-26 00:00:00+00:00,2027-01-09 00:00:00+00:00,,,494,USD,1,,2026-09-29 22:05:51.405852+00:00,travelpayouts,round_trip,latest,1028
YTO,Toronto,CUN,Cancun,2026-12-27 00:00:00+00:00,2027-01-03 00:00:00+00:00,,,849,USD,1,,2026-09-29 22:05:51.405852+00:00,travelpayouts,round_trip,latest,2090
YTO,Toronto,CUN,Cancun,2026-12-25 00:00:00+00:00,2027-01-02 00:00:00+00:00,,,868,USD,1,,2026-09-29 22:05:51.405852+00:00,travelpayouts,round_trip,latest,2510
YTO,Toronto,PVR,Puerto Vallarta,2026-10-09 00:00:00+00:00,,,,347,USD,1,,2026-09-29 22:05:58.221604+00:00,travelpayouts,one_way,month-matrix,1367
YTO,Toronto,PVR,Puerto Vallarta,2026-10-09 19:00:00+00:00,,UA,3705,347,USD,1,,2026-09-29 22:05:58.742758+00:00,travelpayouts,one_way,prices_for_dates,1367
YTO,Toronto,PVR,Puerto Vallarta,2026-10-09 00:00:00+00:00,,,,344,USD,1,,2026-09-29 22:05:59.301768+00:00,travelpayouts,one_way,latest,1367
YTO,Toronto,PVR,Puerto Vallarta,2026-10-30 14:53:00+00:00,2026-11-16 21:31:00+00:00,UA,450,334,USD,2,,2026-09-29 22:06:00.881899+00:00,travelpayouts,round_trip,prices_for_dates,2526
YTO,Toronto,PVR,Puerto Vallarta,2026-10-30 00:00:00+00:00,2026-11-16 00:00:00+00:00,,,331,USD,2,,2026-09-29 22:06:01.406642+00:00,travelpayouts,round_trip,latest,2526
YTO,Toronto,PVR,Puerto Vallarta,2026-11-21 17:30:00+00:00,,PD,771,329,USD,0,2026-09-29 23:06:03+00:00,2026-09-29 22:06:03.535914+00:00,travelpayouts,one_way,calendar,
YTO,Toronto,PVR,Puerto Vallarta,2026-11-21 17:30:00+00:00,2026-11-26 00:10:00+00:00,PD,771,329,USD,0,,2026-09-29 22:06:05.053462+00:00,travelpayouts,round_trip,prices_for_dates,624
YTO,Toronto,PVR,Puerto Vallarta,2026-11-21 00:00:00+00:00,2026-11-25 00:00:00+00:00,,,326,USD,0,,2026-09-29 22:06:05.599729+00:00,travelpayouts,round_trip,latest,624
YTO,Toronto,PVR,Puerto Vallarta,2026-12-15 17:30:00+00:00,,TS,7057,330,USD,0,2026-09-29 23:06:07+00:00,2026-09-29 22:06:07.735141+00:00,travelpayouts,one_way,calendar,
YTO,Toronto,PVR,Puerto Vallarta,2026-12-15 17:30:00+00:00,2026-12-22 19:00:00+00:00,TS,7057,330,USD,0,,2026-09-29 22:06:09.274300+00:00,travelpayouts,round_trip,prices_for_dates,635
YTO,Toronto,PVR,Puerto Vallarta,2026-12-15 00:00:00+00:00,2026-12-22 00:00:00+00:00,,,327,USD,0,,2026-09-29 22:06:09.753445+00:00,travelpayouts,round_trip,latest,635
YTO,Toronto,PUJ,Punta Cana,2026-09-30 00:00:00+00:00,,,,493,USD,0,,2026-09-29 22:06:10.321427+00:00,travelpayouts,one_way,month-matrix,270
YTO,Toronto,PUJ,Punta Cana,2026-09-30 10:30:00+00:00,,DM,4179,493,USD,0,,2026-09-29 22:06:10.803739+00:00,travelpayouts,one_way,prices_for_dates,270
YTO,Toronto,PUJ,Punta Cana,2026-09-30 00:00:00+00:00,,,,489,USD,0,,2026-09-29 22:06:11.364674+00:00,travelpayouts,one_way,latest,270
YTO,Toronto,PUJ,Punta Cana,2026-10-06 00:00:00+00:00,,,,361,USD,1,,2026-09-29 22:06:15.564273+00:00,travelpayouts,one_way,month-matrix,486
YTO,Toronto,PUJ,Punta Cana,2026-10-07 00:00:00+00:00,,,,363,USD,0,,2026-09-29 22:06:15.564273+00:00,travelpayouts,one_way,month-matrix,0
YTO,Toronto,PUJ,Punta Cana,2026-10-08 00:00:00+00:00,,,,363,USD,0,,2026-09-29 22:06:15.564273+00:00,travelpayouts,one_way,month-matrix,0
YTO,Toronto,PUJ,Punta Cana,2026-10-09 00:00:00+00:00,,,,363,USD,0,,2026-09-29 22:06:15.564273+00:00,travelpayouts,one_way,month-matrix,0
YTO,Toronto,PUJ,Punta Cana,2026-10-10 00:00:00+00:00,,,,366,USD,2,,2026-09-29 22:06:15.564273+00:00,travelpayouts,one_way,month-matrix,2440
YTO,Toronto,PUJ,Punta Cana,2026-10-06 10:00:00+00:00,,AA,1746,361,USD,1,,2026-09-29 22:06:16.088790+00:00,travelpayouts,one_way,prices_for_dates,486
YTO,Toronto,PUJ,Punta Cana,2026-10-11 00:00:00+00:00,,UA,3711,366,USD,2,,2026-09-29 22:06:16.088790+00:00,travelpayouts,one_way,prices_for_dates,2440
YTO,Toronto,PUJ,Punta Cana,2026-10-06 00:00:00+00:00,,,,358,USD,1,,2026-09-29 22:06:16.580643+00:00,travelpayouts,one_way,latest,486
YTO,Toronto,PUJ,Punta Cana,2026-10-07 00:00:00+00:00,,,,360,USD,0,,2026-09-29 22:06:16.580643+00:00,travelpayouts,one_way,latest,0
YTO,Toronto,PUJ,Punta Cana,2026-10-08 00:00:00+00:00,,,,360,USD,0,,2026-09-29 22:06:16.580643+00:00,travelpayouts,one_way,latest,0
YTO,Toronto,PUJ,Punta Cana,2026-10-09 00:00:00+00:00,,,,360,USD,0,,2026-09-29 22:06:16.580643+00:00,travelpayouts,one_way,latest,0
YTO,Toronto,PUJ,Punta Cana,2026-10-10 00:00:00+00:00,,,,363,USD,2,,2026-09-29 22:06:16.580643+00:00,travelpayouts,one_way,latest,2440
YTO,Toronto,PUJ,Punta Cana,2026-10-03 00:00:00+00:00,2026-10-04 00:00:00+00:00,,,676,USD,1,,2026-09-29 22:06:17.136781+00:00,travelpayouts,round_trip,month-matrix,1860
YTO,Toronto,PUJ,Punta Cana,2026-10-31 13:00:00+00:00,2026-11-07 11:04:00+00:00,F8,2634,292,USD,0,,2026-09-29 22:06:18.295301+00:00,travelpayouts,round_trip,prices_for_dates,561
YTO,Toronto,PUJ,Punta Cana,2026-10-26 22:00:00+00:00,2026-11-01 21:33:00+00:00,AA,5886,386,USD,1,,2026-09-29 22:06:18.295301+00:00,travelpayouts,round_trip,prices_for_dates,1706
YTO,Toronto,PUJ,Punta Cana,2026-10-20 10:15:00+00:00,2026-10-27 23:09:00+00:00,AA,5887,433,USD,1,,2026-09-29 22:06:18.295301+00:00,travelpayouts,round_trip,prices_for_dates,823
YTO,Toronto,PUJ,Punta Cana,2026-10-23 10:30:00+00:00,2026-10-29 23:09:00+00:00,DM,5863,451,USD,0,,2026-09-29 22:06:18.295301+00:00,travelpayouts,round_trip,prices_for_dates,556
YTO,Toronto,PUJ,Punta Cana,2026-10-02 19:53:00+00:00,2026-10-09 20:12:00+00:00,UA,2236,464,USD,1,,2026-09-29 22:06:18.295301+00:00,travelpayouts,round_trip,prices_for_dates,2929
YTO,Toronto,PUJ,Punta Cana,2026-10-03 13:00:00+00:00,2026-10-04 19:05:00+00:00,TS,186,676,USD,0,,2026-09-29 22:06:18.295301+00:00,travelpayouts,round_trip,prices_for_dates,1860
YTO,Toronto,PUJ,Punta Cana,2026-10-12 00:55:00+00:00,2026-10-18 19:35:00+00:00,UA,8556,679,USD,1,,2026-09-29 22:06:18.295301+00:00,travelpayouts,round_trip,prices_for_dates,1444
YTO,Toronto,PUJ,Punta Cana,2026-10-07 10:30:00+00:00,2026-10-18 23:35:00+00:00,DM,5863,981,USD,0,,2026-09-29 22:06:18.295301+00:00,travelpayouts,round_trip,prices_for_dates,2470
YTO,Toronto,PUJ,Punta Cana,2026-10-31 00:00:00+00:00,2026-11-07 00:00:00+00:00,,,289,USD,0,,2026-09-29 22:06:18.810696+00:00,travelpayouts,round_trip,latest,561
YTO,Toronto,PUJ,Punta Cana,2026-10-26 00:00:00+00:00,2026-11-01 00:00:00+00:00,,,383,USD,1,,2026-09-29 22:06:18.810696+00:00,travelpayouts,round_trip,latest,1706
YTO,Toronto,PUJ,Punta Cana,2026-10-20 00:00:00+00:00,2026-10-27 00:00:00+00:00,,,429,USD,1,,2026-09-29 22:06:18.810696+00:00,travelpayouts,round_trip,latest,823
YTO,Toronto,PUJ,Punta Cana,2026-10-23 00:00:00+00:00,2026-10-29 00:00:00+00:00,,,447,USD,0,,2026-09-29 22:06:18.810696+00:00,travelpayouts,round_trip,latest,556
YTO,Toronto,PUJ,Punta Cana,2026-10-02 00:00:00+00:00,2026-10-09 00:00:00+00:00,,,460,USD,1,,2026-09-29 22:06:18.810696+00:00,travelpayouts,round_trip,latest,2929
YTO,Toronto,PUJ,Punta Cana,2026-10-03 00:00:00+00:00,2026-10-04 00:00:00+00:00,,,671,USD,1,,2026-09-29 22:06:18.810696+00:00,travelpayouts,round_trip,latest,1860
YTO,Toronto,PUJ,Punta Cana,2026-10-11 00:00:00+00:00,2026-10-18 00:00:00+00:00,,,674,USD,1,,2026-09-29 22:06:18.810696+00:00,travelpayouts,round_trip,latest,1444
YTO,Toronto,PUJ,Punta Cana,2026-10-07 00:00:00+00:00,2026-10-18 00:00:00+00:00,,,973,USD,1,,2026-09-29 22:06:18.810696+00:00,travelpayouts,round_trip,latest,2470
YTO,Toronto,PUJ,Punta Cana,2026-11-24 00:00:00+00:00,,,,210,USD,0,,2026-09-29 22:06:19.316577+00:00,travelpayouts,one_way,month-matrix,280
YTO,Toronto,PUJ,Punta Cana,2026-11-04 00:00:00+00:00,,,,227,USD,0,,2026-09-29 22:06:19.316577+00:00,travelpayouts,one_way,month-matrix,0
YTO,Toronto,PUJ,Punta Cana,2026-11-05 00:00:00+00:00,,,,227,USD,0,,2026-09-29 22:06:19.316577+00:00,travelpayouts,one_way,month-matrix,0
YTO,Toronto,PUJ,Punta Cana,2026-11-06 00:00:00+00:00,,,,227,USD,0,,2026-09-29 22:06:19.316577+00:00,travelpayouts,one_way,month-matrix,0
YTO,Toronto,PUJ,Punta Cana,2026-11-07 00:00:00+00:00,,,,227,USD,0,,2026-09-29 22:06:19.316577+00:00,travelpayouts,one_way,month-matrix,0
YTO,Toronto,PUJ,Punta Cana,2026-11-08 00:00:00+00:00,,,,227,USD,0,,2026-09-29 22:06:19.316577+00:00,travelpayouts,one_way,month-matrix,0
YTO,Toronto,PUJ,Punta Cana,2026-11-09 00:00:00+00:00,,,,227,USD,0,,2026-09-29 22:06:19.316577+00:00,travelpayouts,one_way,month-matrix,0
YTO,Toronto,PUJ,Punta Cana,2026-11-10 00:00:00+00:00,,,,227,USD,0,,2026-09-29 22:06:19.316577+00:00,travelpayouts,one_way,month-matrix,0
YTO,Toronto,PUJ,Punta Cana,2026-11-11 00:00:00+00:00,,,,227,USD,0,,2026-09-29 22:06:19.316577+00:00,travelpayouts,one_way,month-matrix,0
YTO,Toronto,PUJ,Punta Cana,2026-11-12 00:00:00+00:00,,,,227,USD,0,,2026-09-29 22:06:19.316577+00:00,travelpayouts,one_way,month-matrix,0
YTO,Toronto,PUJ,Punta Cana,2026-11-13 00:00:00+00:00,,,,227,USD,0,,2026-09-29 22:06:19.316577+00:00,travelpayouts,one_way,month-matrix,0
YTO,Toronto,PUJ,Punta Cana,2026-11-14 00:00:00+00:00,,,,227,USD,0,,2026-09-29 22:06:19.316577+00:00,travelpayouts,one_way,month-matrix,0
YTO,Toronto,PUJ,Punta Cana,2026-11-15 00:00:00+00:00,,,,227,USD,0,,2026-09-29 22:06:19.316577+00:00,travelpayouts,one_way,month-matrix,0
YTO,Toronto,PUJ,Punta Cana,2026-11-16 00:00:00+00:00,,,,227,USD,0,,2026-09-29 22:06:19.316577+00:00,travelpayouts,one_way,month-matrix,0
YTO,Toronto,PUJ,Punta Cana,2026-11-17 00:00:00+00:00,,,,227,USD,0,,2026-09-29 22:06:19.316577+00:00,travelpayouts,one_way,month-matrix,0
YTO,Toronto,PUJ,Punta Cana,2026-11-18 00:00:00+00:00,,,,227,USD,0,,2026-09-29 22:06:19.316577+00:00,travelpayouts,one_way,month-matrix,0
YTO,Toronto,PUJ,Punta Cana,2026-11-19 00:00:00+00:00,,,,227,USD,0,,2026-09-29 22:06:19.316577+00:00,travelpayouts,one_way,month-matrix,0
YTO,Toronto,PUJ,Punta Cana,2026-11-20 00:00:00+00:00,,,,227,USD,0,,2026-09-29 22:06:19.316577+00:00,travelpayouts,one_way,month-matrix,0
YTO,Toronto,PUJ,Punta Cana,2026-11-21 00:00:00+00:00,,,,227,USD,0,,2026-09-29 22:06:19.316577+00:00,travelpayouts,one_way,month-matrix,0
YTO,Toronto,PUJ,Punta Cana,2026-11-22 00:00:00+00:00,,,,227,USD,0,,2026-09-29 22:06:19.316577+00:00,travelpayouts,one_way,month-matrix,0
YTO,Toronto,PUJ,Punta Cana,2026-11-23 00:00:00+00:00,,,,227,USD,0,,2026-09-29 22:06:19.316577+00:00,travelpayouts,one_way,month-matrix,0
YTO,Toronto,PUJ,Punta Cana,2026-11-03 00:00:00+00:00,,,,244,USD,0,,2026-09-29 22:06:19.316577+00:00,travelpayouts,one_way,month-matrix,260
YTO,Toronto,PUJ,Punta Cana,2026-11-24 21:00:00+00:00,,AC,1798,210,USD,0,,2026-09-29 22:06:19.828684+00:00,travelpayouts,one_way,prices_for_dates,280
YTO,Toronto,PUJ,Punta Cana,2026-11-03 19:00:00+00:00,,TS,286,244,USD,0,,2026-09-29 22:06:19.828684+00:00,travelpayouts,one_way,prices_for_dates,260
YTO,Toronto,PUJ,Punta Cana,2026-11-24 00:00:00+00:00,,,,208,USD,0,,2026-09-29 22:06:20.337367+00:00,travelpayouts,one_way,latest,280
YTO,Toronto,PUJ,Punta Cana,2026-11-04 00:00:00+00:00,,,,225,USD,0,,2026-09-29 22:06:20.337367+00:00,travelpayouts,one_way,latest,0
YTO,Toronto,PUJ,Punta Cana,2026-11-05 00:00:00+00:00,,,,225,USD,0,,2026-09-29 22:06:20.337367+00:00,travelpayouts,one_way,latest,0
YTO,Toronto,PUJ,Punta Cana,2026-11-06 00:00:00+00:00,,,,225,USD,0,,2026-09-29 22:06:20.337367+00:00,travelpayouts,one_way,latest,0
YTO,Toronto,PUJ,Punta Cana,2026-11-07 00:00:00+00:00,,,,225,USD,0,,2026-09-29 22:06:20.337367+00:00,travelpayouts,one_way,latest,0
YTO,Toronto,PUJ,Punta Cana,2026-11-08 00:00:00+00:00,,,,225,USD,0,,2026-09-29 22:06:20.337367+00:00,travelpayouts,one_way,latest,0
YTO,Toronto,PUJ,Punta Cana,2026-11-09 00:00:00+00:00,,,,225,USD,0,,2026-09-29 22:06:20.337367+00:00,travelpayouts,one_way,latest,0
YTO,Toronto,PUJ,Punta Cana,2026-11-10 00:00:00+00:00,,,,225,USD,0,,2026-09-29 22:06:20.337367+00:00,travelpayouts,one_way,latest,0
YTO,Toronto,PUJ,Punta Cana,2026-11-11 00:00:00+00:00,,,,225,USD,0,,2026-09-29 22:06:20.337367+00:00,travelpayouts,one_way,latest,0
YTO,Toronto,PUJ,Punta Cana,2026-11-12 00:00:00+00:00,,,,225,USD,0,,2026-09-29 22:06:20.337367+00:00,travelpayouts,one_way,latest,0
YTO,Toronto,PUJ,Punta Cana,2026-11-13 00:00:00+00:00,,,,225,USD,0,,2026-09-29 22:06:20.337367+00:00,travelpayouts,one_way,latest,0
YTO,Toronto,PUJ,Punta Cana,2026-11-14 00:00:00+00:00,,,,225,USD,0,,2026-09-29 22:06:20.337367+00:00,travelpayouts,one_way,latest,0
YTO,Toronto,PUJ,Punta Cana,2026-11-15 00:00:00+00:00,,,,225,USD,0,,2026-09-29 22:06:20.337367+00:00,travelpayouts,one_way,latest,0
YTO,Toronto,PUJ,Punta Cana,2026-11-16 00:00:00+00:00,,,,225,USD,0,,2026-09-29 22:06:20.337367+00:00,travelpayouts,one_way,latest,0
YTO,Toronto,PUJ,Punta Cana,2026-11-17 00:00:00+00:00,,,,225,USD,0,,2026-09-29 22:06:20.337367+00:00,travelpayouts,one_way,latest,0
YTO,Toronto,PUJ,Punta Cana,2026-11-18 00:00:00+00:00,,,,225,USD,0,,2026-09-29 22:06:20.337367+00:00,travelpayouts,one_way,latest,0
YTO,Toronto,PUJ,Punta Cana,2026-11-19 00:00:00+00:00,,,,225,USD,0,,2026-09-29 22:06:20.337367+00:00,travelpayouts,one_way,latest,0
YTO,Toronto,PUJ,Punta Cana,2026-11-20 00:00:00+00:00,,,,225,USD,0,,2026-09-29 22:06:20.337367+00:00,travelpayouts,one_way,latest,0
YTO,Toronto,PUJ,Punta Cana,2026-11-21 00:00:00+00:00,,,,225,USD,0,,2026-09-29 22:06:20.337367+00:00,travelpayouts,one_way,latest,0
YTO,Toronto,PUJ,Punta Cana,2026-11-22 00:00:00+00:00,,,,225,USD,0,,2026-09-29 22:06:20.337367+00:00,travelpayouts,one_way,latest,0
YTO,Toronto,PUJ,Punta Cana,2026-11-23 00:00:00+00:00,,,,225,USD,0,,2026-09-29 22:06:20.337367+00:00,travelpayouts,one_way,latest,0
YTO,Toronto,PUJ,Punta Cana,2026-11-03 00:00:00+00:00,,,,242,USD,0,,2026-09-29 22:06:20.337367+00:00,travelpayouts,one_way,latest,260
YTO,Toronto,PUJ,Punta Cana,2026-12-02 00:00:00+00:00,,,,201,USD,0,,2026-09-29 22:06:24.452095+00:00,travelpayouts,one_way,month-matrix,282
YTO,Toronto,PUJ,Punta Cana,2026-12-01 00:00:00+00:00,,,,220,USD,0,,2026-09-29 22:06:24.452095+00:00,travelpayouts,one_way,month-matrix,260
YTO,Toronto,PUJ,Punta Cana,2026-12-03 00:00:00+00:00,,,,244,USD,0,,2026-09-29 22:06:24.452095+00:00,travelpayouts,one_way,month-matrix,0
YTO,Toronto,PUJ,Punta Cana,2026-12-04 00:00:00+00:00,,,,244,USD,0,,2026-09-29 22:06:24.452095+00:00,travelpayouts,one_way,month-matrix,0
YTO,Toronto,PUJ,Punta Cana,2026-12-05 00:00:00+00:00,,,,244,USD,0,,2026-09-29 22:06:24.452095+00:00,travelpayouts,one_way,month-matrix,0
YTO,Toronto,PUJ,Punta Cana,2026-12-06 00:00:00+00:00,,,,244,USD,0,,2026-09-29 22:06:24.452095+00:00,travelpayouts,one_way,month-matrix,0
YTO,Toronto,PUJ,Punta Cana,2026-12-07 00:00:00+00:00,,,,244,USD,0,,2026-09-29 22:06:24.452095+00:00,travelpayouts,one_way,month-matrix,0
YTO,Toronto,PUJ,Punta Cana,2026-12-08 00:00:00+00:00,,,,244,USD,0,,2026-09-29 22:06:24.452095+00:00,travelpayouts,one_way,month-matrix,0
YTO,Toronto,PUJ,Punta Cana,2026-12-09 00:00:00+00:00,,,,244,USD,0,,2026-09-29 22:06:24.452095+00:00,travelpayouts,one_way,month-matrix,0
YTO,Toronto,PUJ,Punta Cana,2026-12-10 00:00:00+00:00,,,,244,USD,0,,2026-09-29 22:06:24.452095+00:00,travelpayouts,one_way,month-matrix,0
YTO,Toronto,PUJ,Punta Cana,2026-12-11 00:00:00+00:00,,,,244,USD,0,,2026-09-29 22:06:24.452095+00:00,travelpayouts,one_way,month-matrix,0
YTO,Toronto,PUJ,Punta Cana,2026-12-12 00:00:00+00:00,,,,244,USD,0,,2026-09-29 22:06:24.452095+00:00,travelpayouts,one_way,month-matrix,0
YTO,Toronto,PUJ,Punta Cana,2026-12-13 00:00:00+00:00,,,,244,USD,0,,2026-09-29 22:06:24.452095+00:00,travelpayouts,one_way,month-matrix,0
YTO,Toronto,PUJ,Punta Cana,2026-12-14 00:00:00+00:00,,,,244,USD,0,,2026-09-29 22:06:24.452095+00:00,travelpayouts,one_way,month-matrix,0
YTO,Toronto,PUJ,Punta Cana,2026-12-15 00:00:00+00:00,,,,244,USD,0,,2026-09-29 22:06:24.452095+00:00,travelpayouts,one_way,month-matrix,0
YTO,Toronto,PUJ,Punta Cana,2026-12-16 00:00:00+00:00,,,,244,USD,0,,2026-09-29 22:06:24.452095+00:00,travelpayouts,one_way,month-matrix,0
YTO,Toronto,PUJ,Punta Cana,2026-12-28 00:00:00+00:00,,,,262,USD,0,,2026-09-29 22:06:24.452095+00:00,travelpayouts,one_way,month-matrix,275
YTO,Toronto,PUJ,Punta Cana,2026-12-17 00:00:00+00:00,,,,287,USD,1,,2026-09-29 22:06:24.452095+00:00,travelpayouts,one_way,month-matrix,920
YTO,Toronto,PUJ,Punta Cana,2026-12-24 00:00:00+00:00,,,,331,USD,0,,2026-09-29 22:06:24.452095+00:00,travelpayouts,one_way,month-matrix,0
YTO,Toronto,PUJ,Punta Cana,2026-12-25 00:00:00+00:00,,,,331,USD,0,,2026-09-29 22:06:24.452095+00:00,travelpayouts,one_way,month-matrix,0
YTO,Toronto,PUJ,Punta Cana,2026-12-26 00:00:00+00:00,,,,331,USD,0,,2026-09-29 22:06:24.452095+00:00,travelpayouts,one_way,month-matrix,0
YTO,Toronto,PUJ,Punta Cana,2026-12-27 00:00:00+00:00,,,,331,USD,0,,2026-09-29 22:06:24.452095+00:00,travelpayouts,one_way,month-matrix,0
YTO,Toronto,PUJ,Punta Cana,2026-12-18 00:00:00+00:00,,,,343,USD,0,,2026-09-29 22:06:24.452095+00:00,travelpayouts,one_way,month-matrix,0
YTO,Toronto,PUJ,Punta Cana,2026-12-19 00:00:00+00:00,,,,343,USD,0,,2026-09-29 22:06:24.452095+00:00,travelpayouts,one_way,month-matrix,0
YTO,Toronto,PUJ,Punta Cana,2026-12-20 00:00:00+00:00,,,,343,USD,0,,2026-09-29 22:06:24.452095+00:00,travelpayouts,one_way,month-matrix,0
YTO,Toronto,PUJ,Punta Cana,2026-12-21 00:00:00+00:00,,,,343,USD,0,,2026-09-29 22:06:24.452095+00:00,travelpayouts,one_way,month-matrix,0
YTO,Toronto,PUJ,Punta Cana,2026-12-22 00:00:00+00:00,,,,343,USD,0,,2026-09-29 22:06:24.452095+00:00,travelpayouts,one_way,month-matrix,0
YTO,Toronto,PUJ,Punta Cana,2026-12-23 00:00:00+00:00,,,,400,USD,1,,2026-09-29 22:06:24.452095+00:00,travelpayouts,one_way,month-matrix,885
YTO,Toronto,PUJ,Punta Cana,2026-12-02 11:30:00+00:00,,DM,5863,201,USD,0,,2026-09-29 22:06:25.004565+00:00,travelpayouts,one_way,prices_for_dates,282
YTO,Toronto,PUJ,Punta Cana,2026-12-01 19:00:00+00:00,,TS,286,220,USD,0,,2026-09-29 22:06:25.004565+00:00,travelpayouts,one_way,prices_for_dates,260
YTO,Toronto,PUJ,Punta Cana,2026-12-28 14:00:00+00:00,,F8,2634,262,USD,0,,2026-09-29 22:06:25.004565+00:00,travelpayouts,one_way,prices_for_dates,275
YTO,Toronto,PUJ,Punta Cana,2026-12-18 00:10:00+00:00,,PD,2267,287,USD,1,,2026-09-29 22:06:25.004565+00:00,travelpayouts,one_way,prices_for_dates,920
YTO,Toronto,PUJ,Punta Cana,2026-12-23 12:00:00+00:00,,PD,151,400,USD,1,,2026-09-29 22:06:25.004565+00:00,travelpayouts,one_way,prices_for_dates,885
YTO,Toronto,PUJ,Punta Cana,2026-12-02 00:00:00+00:00,,,,199,USD,0,,2026-09-29 22:06:25.544218+00:00,travelpayouts,one_way,latest,282
YTO,Toronto,PUJ,Punta Cana,2026-12-01 00:00:00+00:00,,,,218,USD,0,,2026-09-29 22:06:25.544218+00:00,travelpayouts,one_way,latest,260
YTO,Toronto,PUJ,Punta Cana,2026-12-03 00:00:00+00:00,,,,242,USD,0,,2026-09-29 22:06:25.544218+00:00,travelpayouts,one_way,latest,0
YTO,Toronto,PUJ,Punta Cana,2026-12-04 00:00:00+00:00,,,,242,USD,0,,2026-09-29 22:06:25.544218+00:00,travelpayouts,one_way,latest,0
YTO,Toronto,PUJ,Punta Cana,2026-12-05 00:00:00+00:00,,,,242,USD,0,,2026-09-29 22:06:25.544218+00:00,travelpayouts,one_way,latest,0
YTO,Toronto,PUJ,Punta Cana,2026-12-06 00:00:00+00:00,,,,242,USD,0,,2026-09-29 22:06:25.544218+00:00,travelpayouts,one_way,latest,0
YTO,Toronto,PUJ,Punta Cana,2026-12-07 00:00:00+00:00,,,,242,USD,0,,2026-09-29 22:06:25.544218+00:00,travelpayouts,one_way,latest,0
YTO,Toronto,PUJ,Punta Cana,2026-12-08 00:00:00+00:00,,,,242,USD,0,,2026-09-29 22:06:25.544218+00:00,travelpayouts,one_way,latest,0
YTO,Toronto,PUJ,Punta Cana,2026-12-09 00:00:00+00:00,,,,242,USD,0,,2026-09-29 22:06:25.544218+00:00,travelpayouts,one_way,latest,0
YTO,Toronto,PUJ,Punta Cana,2026-12-10 00:00:00+00:00,,,,242,USD,0,,2026-09-29 22:06:25.544218+00:00,travelpayouts,one_way,latest,0
YTO,Toronto,PUJ,Punta Cana,2026-12-11 00:00:00+00:00,,,,242,USD,0,,2026-09-29 22:06:25.544218+00:00,travelpayouts,one_way,latest,0
YTO,Toronto,PUJ,Punta Cana,2026-12-12 00:00:00+00:00,,,,242,USD,0,,2026-09-29 22:06:25.544218+00:00,travelpayouts,one_way,latest,0
YTO,Toronto,PUJ,Punta Cana,2026-12-13 00:00:00+00:00,,,,242,USD,0,,2026-09-29 22:06:25.544218+00:00,travelpayouts,one_way,latest,0
YTO,Toronto,PUJ,Punta Cana,2026-12-14 00:00:00+00:00,,,,242,USD,0,,2026-09-29 22:06:25.544218+00:00,travelpayouts,one_way,latest,0
YTO,Toronto,PUJ,Punta Cana,2026-12-15 00:00:00+00:00,,,,242,USD,0,,2026-09-29 22:06:25.544218+00:00,travelpayouts,one_way,latest,0
YTO,Toronto,PUJ,Punta Cana,2026-12-16 00:00:00+00:00,,,,242,USD,0,,2026-09-29 22:06:25.544218+00:00,travelpayouts,one_way,latest,0
YTO,Toronto,PUJ,Punta Cana,2026-12-28 00:00:00+00:00,,,,260,USD,0,,2026-09-29 22:06:25.544218+00:00,travelpayouts,one_way,latest,275
YTO,Toronto,PUJ,Punta Cana,2026-12-17 00:00:00+00:00,,,,284,USD,1,,2026-09-29 22:06:25.544218+00:00,travelpayouts,one_way,latest,920
YTO,Toronto,PUJ,Punta Cana,2026-12-24 00:00:00+00:00,,,,328,USD,0,,2026-09-29 22:06:25.544218+00:00,travelpayouts,one_way,latest,0
YTO,Toronto,PUJ,Punta Cana,2026-12-25 00:00:00+00:00,,,,328,USD,0,,2026-09-29 22:06:25.544218+00:00,travelpayouts,one_way,latest,0
YTO,Toronto,PUJ,Punta Cana,2026-12-26 00:00:00+00:00,,,,328,USD,0,,2026-09-29 22:06:25.544218+00:00,travelpayouts,one_way,latest,0
YTO,Toronto,PUJ,Punta Cana,2026-12-27 00:00:00+00:00,,,,328,USD,0,,2026-09-29 22:06:25.544218+00:00,travelpayouts,one_way,latest,0
YTO,Toronto,PUJ,Punta Cana,2026-12-18 00:00:00+00:00,,,,340,USD,0,,2026-09-29 22:06:25.544218+00:00,travelpayouts,one_way,latest,0
YTO,Toronto,PUJ,Punta Cana,2026-12-19 00:00:00+00:00,,,,340,USD,0,,2026-09-29 22:06:25.544218+00:00,travelpayouts,one_way,latest,0
YTO,Toronto,PUJ,Punta Cana,2026-12-20 00:00:00+00:00,,,,340,USD,0,,2026-09-29 22:06:25.544218+00:00,travelpayouts,one_way,latest,0
YTO,Toronto,PUJ,Punta Cana,2026-12-21 00:00:00+00:00,,,,340,USD,0,,2026-09-29 22:06:25.544218+00:00,travelpayouts,one_way,latest,0
YTO,Toronto,PUJ,Punta Cana,2026-12-22 00:00:00+00:00,,,,340,USD,0,,2026-09-29 22:06:25.544218+00:00,travelpayouts,one_way,latest,0
YTO,Toronto,PUJ,Punta Cana,2026-12-23 00:00:00+00:00,,,,396,USD,1,,2026-09-29 22:06:25.544218+00:00,travelpayouts,one_way,latest,885
YTO,Toronto,PUJ,Punta Cana,2026-12-31 14:00:00+00:00,2027-01-18 00:04:00+00:00,F8,2634,313,USD,0,,2026-09-29 22:06:27.178025+00:00,travelpayouts,round_trip,prices_for_dates,561
YTO,Toronto,PUJ,Punta Cana,2026-12-01 19:00:00+00:00,2026-12-05 01:25:00+00:00,TS,286,393,USD,0,,2026-09-29 22:06:27.178025+00:00,travelpayouts,round_trip,prices_for_dates,535
YTO,Toronto,PUJ,Punta Cana,2026-12-07 19:00:00+00:00,2026-12-14 19:40:00+00:00,TS,286,394,USD,0,,2026-09-29 22:06:27.178025+00:00,travelpayouts,round_trip,prices_for_dates,535
YTO,Toronto,PUJ,Punta Cana,2026-12-28 11:30:00+00:00,2027-01-08 19:35:00+00:00,DM,5863,523,USD,0,,2026-09-29 22:06:27.178025+00:00,travelpayouts,round_trip,prices_for_dates,572
YTO,Toronto,PUJ,Punta Cana,2026-12-30 11:30:00+00:00,2027-01-10 19:35:00+00:00,DM,4179,528,USD,0,,2026-09-29 22:06:27.178025+00:00,travelpayouts,round_trip,prices_for_dates,572
YTO,Toronto,PUJ,Punta Cana,2026-12-20 16:45:00+00:00,2026-12-26 21:19:00+00:00,AA,3604,576,USD,1,,2026-09-29 22:06:27.178025+00:00,travelpayouts,round_trip,prices_for_dates,2742
YTO,Toronto,PUJ,Punta Cana,2026-12-21 19:00:00+00:00,2026-12-29 01:15:00+00:00,TS,286,579,USD,0,,2026-09-29 22:06:27.178025+00:00,travelpayouts,round_trip,prices_for_dates,980
YTO,Toronto,PUJ,Punta Cana,2026-12-29 14:00:00+00:00,2027-01-07 19:35:00+00:00,F8,2634,587,USD,0,,2026-09-29 22:06:27.178025+00:00,travelpayouts,round_trip,prices_for_dates,565
YTO,Toronto,PUJ,Punta Cana,2026-12-27 20:54:00+00:00,2027-01-07 21:41:00+00:00,AA,5030,754,USD,1,,2026-09-29 22:06:27.178025+00:00,travelpayouts,round_trip,prices_for_dates,2217
YTO,Toronto,PUJ,Punta Cana,2026-12-23 22:50:00+00:00,2027-01-02 03:55:00+00:00,PD,2477,759,USD,1,,2026-09-29 22:06:27.178025+00:00,travelpayouts,round_trip,prices_for_dates,2263
YTO,Toronto,PUJ,Punta Cana,2026-12-23 20:25:00+00:00,2027-01-04 03:55:00+00:00,TS,7217,771,USD,1,,2026-09-29 22:06:27.178025+00:00,travelpayouts,round_trip,prices_for_dates,940
YTO,Toronto,PUJ,Punta Cana,2026-12-27 05:40:00+00:00,2027-01-04 18:05:00+00:00,WS,2108,1021,USD,0,,2026-09-29 22:06:27.178025+00:00,travelpayouts,round_trip,prices_for_dates,565
YTO,Toronto,PUJ,Punta Cana,2026-12-19 11:20:00+00:00,2027-01-04 03:55:00+00:00,AC,480,1046,USD,1,,2026-09-29 22:06:27.178025+00:00,travelpayouts,round_trip,prices_for_dates,1613
YTO,Toronto,PUJ,Punta Cana,2026-12-31 00:00:00+00:00,2027-01-17 00:00:00+00:00,,,311,USD,0,,2026-09-29 22:06:27.684843+00:00,travelpayouts,round_trip,latest,561
YTO,Toronto,PUJ,Punta Cana,2026-12-01 00:00:00+00:00,2026-12-04 00:00:00+00:00,,,389,USD,0,,2026-09-29 22:06:27.684843+00:00,travelpayouts,round_trip,latest,535
YTO,Toronto,PUJ,Punta Cana,2026-12-07 00:00:00+00:00,2026-12-14 00:00:00+00:00,,,391,USD,0,,2026-09-29 22:06:27.684843+00:00,travelpayouts,round_trip,latest,535
YTO,Toronto,PUJ,Punta Cana,2026-12-28 00:00:00+00:00,2027-01-08 00:00:00+00:00,,,519,USD,0,,2026-09-29 22:06:27.684843+00:00,travelpayouts,round_trip,latest,572
YTO,Toronto,PUJ,Punta Cana,2026-12-30 00:00:00+00:00,2027-01-10 00:00:00+00:00,,,524,USD,0,,2026-09-29 22:06:27.684843+00:00,travelpayouts,round_trip,latest,572
YTO,Toronto,PUJ,Punta Cana,2026-12-20 00:00:00+00:00,2026-12-26 00:00:00+00:00,,,571,USD,1,,2026-09-29 22:06:27.684843+00:00,travelpayouts,round_trip,latest,2742
YTO,Toronto,PUJ,Punta Cana,2026-12-21 00:00:00+00:00,2026-12-28 00:00:00+00:00,,,575,USD,1,,2026-09-29 22:06:27.684843+00:00,travelpayouts,round_trip,latest,980
YTO,Toronto,PUJ,Punta Cana,2026-12-29 00:00:00+00:00,2027-01-07 00:00:00+00:00,,,582,USD,0,,2026-09-29 22:06:27.684843+00:00,travelpayouts,round_trip,latest,565
YTO,Toronto,PUJ,Punta Cana,2026-12-27 00:00:00+00:00,2027-01-07 00:00:00+00:00,,,748,USD,1,,2026-09-29 22:06:27.684843+00:00,travelpayouts,round_trip,latest,2217
YTO,Toronto,PUJ,Punta Cana,2026-12-23 00:00:00+00:00,2027-01-01 00:00:00+00:00,,,753,USD,1,,2026-09-29 22:06:27.684843+00:00,travelpayouts,round_trip,latest,2263
YTO,Toronto,PUJ,Punta Cana,2026-12-23 00:00:00+00:00,2027-01-02 00:00:00+00:00,,,758,USD,0,,2026-09-29 22:06:27.684843+00:00,travelpayouts,round_trip,latest,0
YTO,Toronto,PUJ,Punta Cana,2026-12-23 00:00:00+00:00,2027-01-03 00:00:00+00:00,,,764,USD,1,,2026-09-29 22:06:27.684843+00:00,travelpayouts,round_trip,latest,940
YTO,Toronto,PUJ,Punta Cana,2026-12-27 00:00:00+00:00,2027-01-05 00:00:00+00:00,,,880,USD,0,,2026-09-29 22:06:27.684843+00:00,travelpayouts,round_trip,latest,0
YTO,Toronto,PUJ,Punta Cana,2026-12-27 00:00:00+00:00,2027-01-06 00:00:00+00:00,,,880,USD,0,,2026-09-29 22:06:27.684843+00:00,travelpayouts,round_trip,latest,0
YTO,Toronto,PUJ,Punta Cana,2026-12-27 00:00:00+00:00,2027-01-04 00:00:00+00:00,,,1012,USD,0,,2026-09-29 22:06:27.684843+00:00,travelpayouts,round_trip,latest,565
YTO,Toronto,PUJ,Punta Cana,2026-12-19 00:00:00+00:00,2027-01-03 00:00:00+00:00,,,1037,USD,1,,2026-09-29 22:06:27.684843+00:00,travelpayouts,round_trip,latest,1613
YTO,Toronto,LAX,Los Angeles,2026-10-14 00:00:00+00:00,,,,220,USD,1,,2026-09-29 22:06:48.068393+00:00,travelpayouts,one_way,month-matrix,436
YTO,Toronto,LAX,Los Angeles,2026-10-13 00:00:00+00:00,,,,272,USD,1,,2026-09-29 22:06:48.068393+00:00,travelpayouts,one_way,month-matrix,546
YTO,Toronto,LAX,Los Angeles,2026-10-03 00:00:00+00:00,,,,305,USD,2,,2026-09-29 22:06:48.068393+00:00,travelpayouts,one_way,month-matrix,2405
YTO,Toronto,LAX,Los Angeles,2026-10-04 00:00:00+00:00,,,,324,USD,0,,2026-09-29 22:06:48.068393+00:00,travelpayouts,one_way,month-matrix,0
YTO,Toronto,LAX,Los Angeles,2026-10-05 00:00:00+00:00,,,,324,USD,0,,2026-09-29 22:06:48.068393+00:00,travelpayouts,one_way,month-matrix,0
YTO,Toronto,LAX,Los Angeles,2026-10-10 00:00:00+00:00,,,,335,USD,0,,2026-09-29 22:06:48.068393+00:00,travelpayouts,one_way,month-matrix,0
YTO,Toronto,LAX,Los Angeles,2026-10-11 00:00:00+00:00,,,,335,USD,0,,2026-09-29 22:06:48.068393+00:00,travelpayouts,one_way,month-matrix,0
YTO,Toronto,LAX,Los Angeles,2026-10-12 00:00:00+00:00,,,,335,USD,0,,2026-09-29 22:06:48.068393+00:00,travelpayouts,one_way,month-matrix,0
YTO,Toronto,LAX,Los Angeles,2026-10-06 00:00:00+00:00,,,,342,USD,2,,2026-09-29 22:06:48.068393+00:00,travelpayouts,one_way,month-matrix,639
YTO,Toronto,LAX,Los Angeles,2026-10-07 00:00:00+00:00,,,,370,USD,0,,2026-09-29 22:06:48.068393+00:00,travelpayouts,one_way,month-matrix,0
YTO,Toronto,LAX,Los Angeles,2026-10-08 00:00:00+00:00,,,,370,USD,0,,2026-09-29 22:06:48.068393+00:00,travelpayouts,one_way,month-matrix,0
YTO,Toronto,LAX,Los Angeles,2026-10-14 12:50:00+00:00,,UA,763,220,USD,1,,2026-09-29 22:06:48.552171+00:00,travelpayouts,one_way,prices_for_dates,436
YTO,Toronto,LAX,Los Angeles,2026-10-13 11:00:00+00:00,,UA,1612,272,USD,1,,2026-09-29 22:06:48.552171+00:00,travelpayouts,one_way,prices_for_dates,546
YTO,Toronto,LAX,Los Angeles,2026-10-04 01:40:00+00:00,,F8,637,305,USD,2,,2026-09-29 22:06:48.552171+00:00,travelpayouts,one_way,prices_for_dates,2405
YTO,Toronto,LAX,Los Angeles,2026-10-06 12:00:00+00:00,,AA,5192,342,USD,2,,2026-09-29 22:06:48.552171+00:00,travelpayouts,one_way,prices_for_dates,639
YTO,Toronto,LAX,Los Angeles,2026-10-14 00:00:00+00:00,,,,225,USD,0,,2026-09-29 22:06:49.076063+00:00,travelpayouts,one_way,latest,315
YTO,Toronto,LAX,Los Angeles,2026-10-13 00:00:00+00:00,,,,270,USD,1,,2026-09-29 22:06:49.076063+00:00,travelpayouts,one_way,latest,546
YTO,Toronto,LAX,Los Angeles,2026-10-03 00:00:00+00:00,,,,302,USD,2,,2026-09-29 22:06:49.076063+00:00,travelpayouts,one_way,latest,2405
YTO,Toronto,LAX,Los Angeles,2026-10-04 00:00:00+00:00,,,,321,USD,0,,2026-09-29 22:06:49.076063+00:00,travelpayouts,one_way,latest,0
YTO,Toronto,LAX,Los Angeles,2026-10-05 00:00:00+00:00,,,,321,USD,0,,2026-09-29 22:06:49.076063+00:00,travelpayouts,one_way,latest,0
YTO,Toronto,LAX,Los Angeles,2026-10-10 00:00:00+00:00,,,,332,USD,0,,2026-09-29 22:06:49.076063+00:00,travelpayouts,one_way,latest,0
YTO,Toronto,LAX,Los Angeles,2026-10-11 00:00:00+00:00,,,,332,USD,0,,2026-09-29 22:06:49.076063+00:00,travelpayouts,one_way,latest,0
YTO,Toronto,LAX,Los Angeles,2026-10-12 00:00:00+00:00,,,,332,USD,0,,2026-09-29 22:06:49.076063+00:00,travelpayouts,one_way,latest,0
YTO,Toronto,LAX,Los Angeles,2026-10-06 00:00:00+00:00,,,,339,USD,2,,2026-09-29 22:06:49.076063+00:00,travelpayouts,one_way,latest,639
YTO,Toronto,LAX,Los Angeles,2026-10-07 00:00:00+00:00,,,,367,USD,0,,2026-09-29 22:06:49.076063+00:00,travelpayouts,one_way,latest,0
YTO,Toronto,LAX,Los Angeles,2026-10-08 00:00:00+00:00,,,,367,USD,0,,2026-09-29 22:06:49.076063+00:00,travelpayouts,one_way,latest,0
YTO,Toronto,LAX,Los Angeles,2026-10-25 10:00:00+00:00,2026-11-03 19:45:00+00:00,WS,627,376,USD,1,,2026-09-29 22:06:50.689032+00:00,travelpayouts,round_trip,prices_for_dates,1027
YTO,Toronto,LAX,Los Angeles,2026-10-16 15:05:00+00:00,2026-10-19 14:30:00+00:00,PD,663,535,USD,0,,2026-09-29 22:06:50.689032+00:00,travelpayouts,round_trip,prices_for_dates,1190
YTO,Toronto,LAX,Los Angeles,2026-10-25 00:00:00+00:00,2026-11-03 00:00:00+00:00,,,373,USD,1,,2026-09-29 22:06:51.215033+00:00,travelpayouts,round_trip,latest,1027
YTO,Toronto,LAX,Los Angeles,2026-10-16 00:00:00+00:00,2026-10-19 00:00:00+00:00,,,521,USD,1,,2026-09-29 22:06:51.215033+00:00,travelpayouts,round_trip,latest,750
YTO,Toronto,LAX,Los Angeles,2026-11-26 00:00:00+00:00,,,,226,USD,1,,2026-09-29 22:06:51.698311+00:00,travelpayouts,one_way,month-matrix,472
YTO,Toronto,LAX,Los Angeles,2026-11-26 11:45:00+00:00,,UA,3514,226,USD,1,,2026-09-29 22:06:52.259055+00:00,travelpayouts,one_way,prices_for_dates,472
YTO,Toronto,LAX,Los Angeles,2026-11-26 00:00:00+00:00,,,,224,USD,1,,2026-09-29 22:06:52.801346+00:00,travelpayouts,one_way,latest,472
YTO,Toronto,LAX,Los Angeles,2026-11-14 00:00:00+00:00,2026-11-16 00:00:00+00:00,,,407,USD,0,,2026-09-29 22:06:53.832715+00:00,travelpayouts,round_trip,month-matrix,620
YTO,Toronto,LAX,Los Angeles,2026-11-14 19:05:00+00:00,2026-11-17 01:35:00+00:00,AC,789,407,USD,0,,2026-09-29 22:06:54.319793+00:00,travelpayouts,round_trip,prices_for_dates,620
YTO,Toronto,LAX,Los Angeles,2026-11-24 21:10:00+00:00,2026-12-01 01:35:00+00:00,UA,568,411,USD,1,,2026-09-29 22:06:54.319793+00:00,travelpayouts,round_trip,prices_for_dates,816
YTO,Toronto,LAX,Los Angeles,2026-11-14 00:00:00+00:00,2026-11-16 00:00:00+00:00,,,404,USD,0,,2026-09-29 22:06:54.878202+00:00,travelpayouts,round_trip,latest,620
YTO,Toronto,LAX,Los Angeles,2026-11-24 00:00:00+00:00,2026-11-30 00:00:00+00:00,,,407,USD,1,,2026-09-29 22:06:54.878202+00:00,travelpayouts,round_trip,latest,816
YTO,Toronto,LAX,Los Angeles,2026-12-19 00:00:00+00:00,,,,290,USD,1,,2026-09-29 22:06:55.366439+00:00,travelpayouts,one_way,month-matrix,514
YTO,Toronto,LAX,Los Angeles,2026-12-19 21:35:00+00:00,,P3,2705,290,USD,1,,2026-09-29 22:06:55.891573+00:00,travelpayouts,one_way,prices_for_dates,514
YTO,Toronto,LAX,Los Angeles,2026-12-19 00:00:00+00:00,,,,287,USD,1,,2026-09-29 22:06:56.447874+00:00,travelpayouts,one_way,latest,514
YTO,Toronto,LAX,Los Angeles,2026-12-01 14:55:00+00:00,2026-12-12 21:35:00+00:00,PD,663,375,USD,0,,2026-09-29 22:06:58.034016+00:00,travelpayouts,round_trip,prices_for_dates,622
YTO,Toronto,LAX,Los Angeles,2026-12-15 12:00:00+00:00,2026-12-20 01:00:00+00:00,WS,433,467,USD,2,,2026-09-29 22:06:58.034016+00:00,travelpayouts,round_trip,prices_for_dates,1625
YTO,Toronto,LAX,Los Angeles,2026-12-01 00:00:00+00:00,2026-12-12 00:00:00+00:00,,,372,USD,0,,2026-09-29 22:06:58.548917+00:00,travelpayouts,round_trip,latest,622
YTO,Toronto,LAX,Los Angeles,2026-12-15 00:00:00+00:00,2026-12-19 00:00:00+00:00,,,463,USD,2,,2026-09-29 22:06:58.548917+00:00,travelpayouts,round_trip,latest,1625
YTO,Toronto,AMS,Amsterdam,2026-09-29 00:00:00+00:00,,,,261,USD,1,,2026-09-29 22:07:15.367476+00:00,travelpayouts,one_way,month-matrix,900
YTO,Toronto,AMS,Amsterdam,2026-09-30 00:00:00+00:00,,,,299,USD,1,,2026-09-29 22:07:15.367476+00:00,travelpayouts,one_way,month-matrix,1285
YTO,Toronto,AMS,Amsterdam,2026-09-30 03:55:00+00:00,,TS,230,261,USD,1,,2026-09-29 22:07:15.853878+00:00,travelpayouts,one_way,prices_for_dates,900
YTO,Toronto,AMS,Amsterdam,2026-09-30 11:35:00+00:00,,WS,800,299,USD,1,,2026-09-29 22:07:15.853878+00:00,travelpayouts,one_way,prices_for_dates,1285
YTO,Toronto,AMS,Amsterdam,2026-09-30 00:00:00+00:00,,,,462,USD,2,,2026-09-29 22:07:16.378499+00:00,travelpayouts,one_way,latest,1345
YTO,Toronto,AMS,Amsterdam,2026-09-29 00:00:00+00:00,,,,508,USD,2,,2026-09-29 22:07:16.378499+00:00,travelpayouts,one_way,latest,1770
YTO,Toronto,AMS,Amsterdam,2026-10-10 00:00:00+00:00,,,,230,USD,1,,2026-09-29 22:07:20.603847+00:00,travelpayouts,one_way,month-matrix,1660
YTO,Toronto,AMS,Amsterdam,2026-10-11 00:00:00+00:00,,,,265,USD,0,,2026-09-29 22:07:20.603847+00:00,travelpayouts,one_way,month-matrix,0
YTO,Toronto,AMS,Amsterdam,2026-10-05 00:00:00+00:00,,,,275,USD,0,,2026-09-29 22:07:20.603847+00:00,travelpayouts,one_way,month-matrix,0
YTO,Toronto,AMS,Amsterdam,2026-10-06 00:00:00+00:00,,,,275,USD,0,,2026-09-29 22:07:20.603847+00:00,travelpayouts,one_way,month-matrix,0
YTO,Toronto,AMS,Amsterdam,2026-10-07 00:00:00+00:00,,,,275,USD,0,,2026-09-29 22:07:20.603847+00:00,travelpayouts,one_way,month-matrix,0
YTO,Toronto,AMS,Amsterdam,2026-10-08 00:00:00+00:00,,,,275,USD,0,,2026-09-29 22:07:20.603847+00:00,travelpayouts,one_way,month-matrix,0
YTO,Toronto,AMS,Amsterdam,2026-10-09 00:00:00+00:00,,,,275,USD,0,,2026-09-29 22:07:20.603847+00:00,travelpayouts,one_way,month-matrix,0
YTO,Toronto,AMS,Amsterdam,2026-10-12 00:00:00+00:00,,,,299,USD,0,,2026-09-29 22:07:20.603847+00:00,travelpayouts,one_way,month-matrix,445
YTO,Toronto,AMS,Amsterdam,2026-10-13 00:00:00+00:00,,,,300,USD,0,,2026-09-29 22:07:20.603847+00:00,travelpayouts,one_way,month-matrix,0
YTO,Toronto,AMS,Amsterdam,2026-10-14 00:00:00+00:00,,,,300,USD,0,,2026-09-29 22:07:20.603847+00:00,travelpayouts,one_way,month-matrix,445
YTO,Toronto,AMS,Amsterdam,2026-10-04 00:00:00+00:00,,,,321,USD,0,,2026-09-29 22:07:20.603847+00:00,travelpayouts,one_way,month-matrix,445
YTO,Toronto,AMS,Amsterdam,2026-10-03 00:00:00+00:00,,,,338,USD,0,,2026-09-29 22:07:20.603847+00:00,travelpayouts,one_way,month-matrix,445
YTO,Toronto,AMS,Amsterdam,2026-10-15 00:00:00+00:00,,,,375,USD,0,,2026-09-29 22:07:20.603847+00:00,travelpayouts,one_way,month-matrix,0
YTO,Toronto,AMS,Amsterdam,2026-10-16 00:00:00+00:00,,,,375,USD,0,,2026-09-29 22:07:20.603847+00:00,travelpayouts,one_way,month-matrix,0
YTO,Toronto,AMS,Amsterdam,2026-10-17 00:00:00+00:00,,,,375,USD,0,,2026-09-29 22:07:20.603847+00:00,travelpayouts,one_way,month-matrix,0
YTO,Toronto,AMS,Amsterdam,2026-10-18 00:00:00+00:00,,,,375,USD,0,,2026-09-29 22:07:20.603847+00:00,travelpayouts,one_way,month-matrix,0
YTO,Toronto,AMS,Amsterdam,2026-10-19 00:00:00+00:00,,,,375,USD,0,,2026-09-29 22:07:20.603847+00:00,travelpayouts,one_way,month-matrix,0
YTO,Toronto,AMS,Amsterdam,2026-10-20 00:00:00+00:00,,,,375,USD,0,,2026-09-29 22:07:20.603847+00:00,travelpayouts,one_way,month-matrix,0
YTO,Toronto,AMS,Amsterdam,2026-10-21 00:00:00+00:00,,,,375,USD,0,,2026-09-29 22:07:20.603847+00:00,travelpayouts,one_way,month-matrix,0
YTO,Toronto,AMS,Amsterdam,2026-10-22 00:00:00+00:00,,,,375,USD,0,,2026-09-29 22:07:20.603847+00:00,travelpayouts,one_way,month-matrix,0
YTO,Toronto,AMS,Amsterdam,2026-10-01 00:00:00+00:00,,,,424,USD,2,,2026-09-29 22:07:20.603847+00:00,travelpayouts,one_way,month-matrix,1935
YTO,Toronto,AMS,Amsterdam,2026-10-02 00:00:00+00:00,,,,450,USD,2,,2026-09-29 22:07:20.603847+00:00,travelpayouts,one_way,month-matrix,2360
YTO,Toronto,AMS,Amsterdam,2026-10-23 00:00:00+00:00,,,,450,USD,1,,2026-09-29 22:07:20.603847+00:00,travelpayouts,one_way,month-matrix,1000
YTO,Toronto,AMS,Amsterdam,2026-10-11 03:55:00+00:00,,TS,230,230,USD,1,,2026-09-29 22:07:21.107152+00:00,travelpayouts,one_way,prices_for_dates,1660
YTO,Toronto,AMS,Amsterdam,2026-10-13 03:45:00+00:00,,TS,376,299,USD,0,,2026-09-29 22:07:21.107152+00:00,travelpayouts,one_way,prices_for_dates,445
YTO,Toronto,AMS,Amsterdam,2026-10-15 03:45:00+00:00,,TS,376,300,USD,0,,2026-09-29 22:07:21.107152+00:00,travelpayouts,one_way,prices_for_dates,445
YTO,Toronto,AMS,Amsterdam,2026-10-05 03:45:00+00:00,,TS,376,321,USD,0,,2026-09-29 22:07:21.107152+00:00,travelpayouts,one_way,prices_for_dates,445
YTO,Toronto,AMS,Amsterdam,2026-10-04 03:45:00+00:00,,TS,376,338,USD,0,,2026-09-29 22:07:21.107152+00:00,travelpayouts,one_way,prices_for_dates,445
YTO,Toronto,AMS,Amsterdam,2026-10-01 22:00:00+00:00,,TS,541,424,USD,2,,2026-09-29 22:07:21.107152+00:00,travelpayouts,one_way,prices_for_dates,1935
YTO,Toronto,AMS,Amsterdam,2026-10-02 15:55:00+00:00,,PD,2221,450,USD,2,,2026-09-29 22:07:21.107152+00:00,travelpayouts,one_way,prices_for_dates,2360
YTO,Toronto,AMS,Amsterdam,2026-10-23 21:40:00+00:00,,AC,836,450,USD,1,,2026-09-29 22:07:21.107152+00:00,travelpayouts,one_way,prices_for_dates,1000
YTO,Toronto,AMS,Amsterdam,2026-10-10 00:00:00+00:00,,,,228,USD,1,,2026-09-29 22:07:21.665340+00:00,travelpayouts,one_way,latest,1660
YTO,Toronto,AMS,Amsterdam,2026-10-11 00:00:00+00:00,,,,262,USD,0,,2026-09-29 22:07:21.665340+00:00,travelpayouts,one_way,latest,0
YTO,Toronto,AMS,Amsterdam,2026-10-05 00:00:00+00:00,,,,273,USD,0,,2026-09-29 22:07:21.665340+00:00,travelpayouts,one_way,latest,0
YTO,Toronto,AMS,Amsterdam,2026-10-06 00:00:00+00:00,,,,273,USD,0,,2026-09-29 22:07:21.665340+00:00,travelpayouts,one_way,latest,0
YTO,Toronto,AMS,Amsterdam,2026-10-07 00:00:00+00:00,,,,273,USD,0,,2026-09-29 22:07:21.665340+00:00,travelpayouts,one_way,latest,0
YTO,Toronto,AMS,Amsterdam,2026-10-08 00:00:00+00:00,,,,273,USD,0,,2026-09-29 22:07:21.665340+00:00,travelpayouts,one_way,latest,0
YTO,Toronto,AMS,Amsterdam,2026-10-09 00:00:00+00:00,,,,273,USD,0,,2026-09-29 22:07:21.665340+00:00,travelpayouts,one_way,latest,0
YTO,Toronto,AMS,Amsterdam,2026-10-12 00:00:00+00:00,,,,297,USD,0,,2026-09-29 22:07:21.665340+00:00,travelpayouts,one_way,latest,445
YTO,Toronto,AMS,Amsterdam,2026-10-13 00:00:00+00:00,,,,297,USD,0,,2026-09-29 22:07:21.665340+00:00,travelpayouts,one_way,latest,0
YTO,Toronto,AMS,Amsterdam,2026-10-14 00:00:00+00:00,,,,297,USD,0,,2026-09-29 22:07:21.665340+00:00,travelpayouts,one_way,latest,445
YTO,Toronto,AMS,Amsterdam,2026-10-04 00:00:00+00:00,,,,318,USD,0,,2026-09-29 22:07:21.665340+00:00,travelpayouts,one_way,latest,445
YTO,Toronto,AMS,Amsterdam,2026-10-03 00:00:00+00:00,,,,335,USD,0,,2026-09-29 22:07:21.665340+00:00,travelpayouts,one_way,latest,445
YTO,Toronto,AMS,Amsterdam,2026-10-15 00:00:00+00:00,,,,372,USD,0,,2026-09-29 22:07:21.665340+00:00,travelpayouts,one_way,latest,0
YTO,Toronto,AMS,Amsterdam,2026-10-16 00:00:00+00:00,,,,372,USD,0,,2026-09-29 22:07:21.665340+00:00,travelpayouts,one_way,latest,0
YTO,Toronto,AMS,Amsterdam,2026-10-17 00:00:00+00:00,,,,372,USD,0,,2026-09-29 22:07:21.665340+00:00,travelpayouts,one_way,latest,0
YTO,Toronto,AMS,Amsterdam,2026-10-18 00:00:00+00:00,,,,372,USD,0,,2026-09-29 22:07:21.665340+00:00,travelpayouts,one_way,latest,0
YTO,Toronto,AMS,Amsterdam,2026-10-19 00:00:00+00:00,,,,372,USD,0,,2026-09-29 22:07:21.665340+00:00,travelpayouts,one_way,latest,0
YTO,Toronto,AMS,Amsterdam,2026-10-20 00:00:00+00:00,,,,372,USD,0,,2026-09-29 22:07:21.665340+00:00,travelpayouts,one_way,latest,0
YTO,Toronto,AMS,Amsterdam,2026-10-21 00:00:00+00:00,,,,372,USD,0,,2026-09-29 22:07:21.665340+00:00,travelpayouts,one_way,latest,0
YTO,Toronto,AMS,Amsterdam,2026-10-22 00:00:00+00:00,,,,372,USD,0,,2026-09-29 22:07:21.665340+00:00,travelpayouts,one_way,latest,0
YTO,Toronto,AMS,Amsterdam,2026-10-01 00:00:00+00:00,,,,421,USD,2,,2026-09-29 22:07:21.665340+00:00,travelpayouts,one_way,latest,1935
YTO,Toronto,AMS,Amsterdam,2026-10-02 00:00:00+00:00,,,,446,USD,2,,2026-09-29 22:07:21.665340+00:00,travelpayouts,one_way,latest,2360
YTO,Toronto,AMS,Amsterdam,2026-10-23 00:00:00+00:00,,,,446,USD,1,,2026-09-29 22:07:21.665340+00:00,travelpayouts,one_way,latest,1000
YTO,Toronto,AMS,Amsterdam,2026-10-12 03:45:00+00:00,2026-10-17 12:55:00+00:00,TS,376,474,USD,0,,2026-09-29 22:07:23.198117+00:00,travelpayouts,round_trip,prices_for_dates,940
YTO,Toronto,AMS,Amsterdam,2026-10-13 03:45:00+00:00,2026-10-19 12:55:00+00:00,TS,376,496,USD,0,,2026-09-29 22:07:23.198117+00:00,travelpayouts,round_trip,prices_for_dates,940
YTO,Toronto,AMS,Amsterdam,2026-10-30 12:20:00+00:00,2026-11-16 11:05:00+00:00,AC,7862,536,USD,2,,2026-09-29 22:07:23.198117+00:00,travelpayouts,round_trip,prices_for_dates,1615
YTO,Toronto,AMS,Amsterdam,2026-10-25 19:00:00+00:00,2026-11-10 11:05:00+00:00,AC,416,549,USD,2,,2026-09-29 22:07:23.198117+00:00,travelpayouts,round_trip,prices_for_dates,1270
YTO,Toronto,AMS,Amsterdam,2026-10-29 12:20:00+00:00,2026-11-15 06:00:00+00:00,AC,7862,553,USD,2,,2026-09-29 22:07:23.198117+00:00,travelpayouts,round_trip,prices_for_dates,2040
YTO,Toronto,AMS,Amsterdam,2026-10-30 12:20:00+00:00,2026-11-15 06:00:00+00:00,AC,7862,553,USD,2,,2026-09-29 22:07:23.198117+00:00,travelpayouts,round_trip,prices_for_dates,2040
YTO,Toronto,AMS,Amsterdam,2026-10-25 02:55:00+00:00,2026-11-10 15:50:00+00:00,VS,148,555,USD,1,,2026-09-29 22:07:23.198117+00:00,travelpayouts,round_trip,prices_for_dates,1115
YTO,Toronto,AMS,Amsterdam,2026-10-11 01:00:00+00:00,2026-10-17 16:30:00+00:00,AC,428,589,USD,1,,2026-09-29 22:07:23.198117+00:00,travelpayouts,round_trip,prices_for_dates,3245
YTO,Toronto,AMS,Amsterdam,2026-10-11 00:00:00+00:00,2026-10-17 00:00:00+00:00,,,470,USD,0,,2026-09-29 22:07:23.686585+00:00,travelpayouts,round_trip,latest,940
YTO,Toronto,AMS,Amsterdam,2026-10-12 00:00:00+00:00,2026-10-19 00:00:00+00:00,,,492,USD,0,,2026-09-29 22:07:23.686585+00:00,travelpayouts,round_trip,latest,940
YTO,Toronto,AMS,Amsterdam,2026-10-30 00:00:00+00:00,2026-11-16 00:00:00+00:00,,,531,USD,2,,2026-09-29 22:07:23.686585+00:00,travelpayouts,round_trip,latest,1615
YTO,Toronto,AMS,Amsterdam,2026-10-25 00:00:00+00:00,2026-11-10 00:00:00+00:00,,,544,USD,2,,2026-09-29 22:07:23.686585+00:00,travelpayouts,round_trip,latest,1270
YTO,Toronto,AMS,Amsterdam,2026-10-29 00:00:00+00:00,2026-11-15 00:00:00+00:00,,,548,USD,2,,2026-09-29 22:07:23.686585+00:00,travelpayouts,round_trip,latest,2040
YTO,Toronto,AMS,Amsterdam,2026-10-30 00:00:00+00:00,2026-11-15 00:00:00+00:00,,,548,USD,2,,2026-09-29 22:07:23.686585+00:00,travelpayouts,round_trip,latest,2040
YTO,Toronto,AMS,Amsterdam,2026-10-24 00:00:00+00:00,2026-11-10 00:00:00+00:00,,,550,USD,1,,2026-09-29 22:07:23.686585+00:00,travelpayouts,round_trip,latest,1115
YTO,Toronto,AMS,Amsterdam,2026-10-10 00:00:00+00:00,2026-10-17 00:00:00+00:00,,,584,USD,2,,2026-09-29 22:07:23.686585+00:00,travelpayouts,round_trip,latest,3245
YTO,Toronto,AMS,Amsterdam,2026-11-25 00:00:00+00:00,,,,335,USD,3,,2026-09-29 22:07:24.260935+00:00,travelpayouts,one_way,month-matrix,1630
YTO,Toronto,AMS,Amsterdam,2026-11-26 00:00:00+00:00,,,,350,USD,0,,2026-09-29 22:07:24.260935+00:00,travelpayouts,one_way,month-matrix,0
YTO,Toronto,AMS,Amsterdam,2026-11-27 00:00:00+00:00,,,,350,USD,0,,2026-09-29 22:07:24.260935+00:00,travelpayouts,one_way,month-matrix,0
YTO,Toronto,AMS,Amsterdam,2026-11-28 00:00:00+00:00,,,,350,USD,0,,2026-09-29 22:07:24.260935+00:00,travelpayouts,one_way,month-matrix,0
YTO,Toronto,AMS,Amsterdam,2026-11-29 00:00:00+00:00,,,,366,USD,2,,2026-09-29 22:07:24.260935+00:00,travelpayouts,one_way,month-matrix,1030
YTO,Toronto,AMS,Amsterdam,2026-11-25 19:45:00+00:00,,PD,2471,335,USD,3,,2026-09-29 22:07:24.794340+00:00,travelpayouts,one_way,prices_for_dates,1630
YTO,Toronto,AMS,Amsterdam,2026-11-29 22:50:00+00:00,,PD,2477,366,USD,2,,2026-09-29 22:07:24.794340+00:00,travelpayouts,one_way,prices_for_dates,1030
YTO,Toronto,AMS,Amsterdam,2026-11-25 00:00:00+00:00,,,,332,USD,3,,2026-09-29 22:07:25.288597+00:00,travelpayouts,one_way,latest,1630
YTO,Toronto,AMS,Amsterdam,2026-11-26 00:00:00+00:00,,,,347,USD,0,,2026-09-29 22:07:25.288597+00:00,travelpayouts,one_way,latest,0
YTO,Toronto,AMS,Amsterdam,2026-11-27 00:00:00+00:00,,,,347,USD,0,,2026-09-29 22:07:25.288597+00:00,travelpayouts,one_way,latest,0
YTO,Toronto,AMS,Amsterdam,2026-11-28 00:00:00+00:00,,,,347,USD,0,,2026-09-29 22:07:25.288597+00:00,travelpayouts,one_way,latest,0
YTO,Toronto,AMS,Amsterdam,2026-11-29 00:00:00+00:00,,,,363,USD,2,,2026-09-29 22:07:25.288597+00:00,travelpayouts,one_way,latest,1030
YTO,Toronto,AMS,Amsterdam,2026-11-20 00:40:00+00:00,2026-12-01 11:55:00+00:00,FI,602,428,USD,1,,2026-09-29 22:07:26.871284+00:00,travelpayouts,round_trip,prices_for_dates,1740
YTO,Toronto,AMS,Amsterdam,2026-11-22 00:40:00+00:00,2026-12-05 11:55:00+00:00,FI,602,430,USD,1,,2026-09-29 22:07:26.871284+00:00,travelpayouts,round_trip,prices_for_dates,1295
YTO,Toronto,AMS,Amsterdam,2026-11-23 00:40:00+00:00,2026-12-05 11:55:00+00:00,FI,602,493,USD,1,,2026-09-29 22:07:26.871284+00:00,travelpayouts,round_trip,prices_for_dates,1295
YTO,Toronto,AMS,Amsterdam,2026-11-08 01:50:00+00:00,2026-11-14 11:05:00+00:00,AC,808,518,USD,0,,2026-09-29 22:07:26.871284+00:00,travelpayouts,round_trip,prices_for_dates,935
YTO,Toronto,AMS,Amsterdam,2026-11-21 01:50:00+00:00,2026-12-01 11:05:00+00:00,AC,808,542,USD,0,,2026-09-29 22:07:26.871284+00:00,travelpayouts,round_trip,prices_for_dates,935
YTO,Toronto,AMS,Amsterdam,2026-11-21 00:00:00+00:00,2026-12-05 00:00:00+00:00,,,427,USD,1,,2026-09-29 22:07:27.370672+00:00,travelpayouts,round_trip,latest,1295
YTO,Toronto,AMS,Amsterdam,2026-11-22 00:00:00+00:00,2026-12-05 00:00:00+00:00,,,489,USD,1,,2026-09-29 22:07:27.370672+00:00,travelpayouts,round_trip,latest,1295
YTO,Toronto,AMS,Amsterdam,2026-11-19 00:00:00+00:00,2026-12-01 00:00:00+00:00,,,491,USD,0,,2026-09-29 22:07:27.370672+00:00,travelpayouts,round_trip,latest,935
YTO,Toronto,AMS,Amsterdam,2026-11-07 00:00:00+00:00,2026-11-14 00:00:00+00:00,,,513,USD,0,,2026-09-29 22:07:27.370672+00:00,travelpayouts,round_trip,latest,935
YTO,Toronto,AMS,Amsterdam,2026-11-20 00:00:00+00:00,2026-12-01 00:00:00+00:00,,,538,USD,0,,2026-09-29 22:07:27.370672+00:00,travelpayouts,round_trip,latest,935
YTO,Toronto,AMS,Amsterdam,2026-12-02 00:00:00+00:00,,,,352,USD,1,,2026-09-29 22:07:27.913437+00:00,travelpayouts,one_way,month-matrix,1360
YTO,Toronto,AMS,Amsterdam,2026-12-01 00:00:00+00:00,,,,371,USD,2,,2026-09-29 22:07:27.913437+00:00,travelpayouts,one_way,month-matrix,1250
YTO,Toronto,AMS,Amsterdam,2026-12-03 00:00:00+00:00,,,,407,USD,0,,2026-09-29 22:07:27.913437+00:00,travelpayouts,one_way,month-matrix,0
YTO,Toronto,AMS,Amsterdam,2026-12-04 00:00:00+00:00,,,,407,USD,0,,2026-09-29 22:07:27.913437+00:00,travelpayouts,one_way,month-matrix,0
YTO,Toronto,AMS,Amsterdam,2026-12-05 00:00:00+00:00,,,,407,USD,0,,2026-09-29 22:07:27.913437+00:00,travelpayouts,one_way,month-matrix,0
YTO,Toronto,AMS,Amsterdam,2026-12-06 00:00:00+00:00,,,,407,USD,0,,2026-09-29 22:07:27.913437+00:00,travelpayouts,one_way,month-matrix,0
YTO,Toronto,AMS,Amsterdam,2026-12-07 00:00:00+00:00,,,,407,USD,0,,2026-09-29 22:07:27.913437+00:00,travelpayouts,one_way,month-matrix,0
YTO,Toronto,AMS,Amsterdam,2026-12-08 00:00:00+00:00,,,,407,USD,0,,2026-09-29 22:07:27.913437+00:00,travelpayouts,one_way,month-matrix,0
YTO,Toronto,AMS,Amsterdam,2026-12-09 00:00:00+00:00,,,,407,USD,0,,2026-09-29 22:07:27.913437+00:00,travelpayouts,one_way,month-matrix,0
YTO,Toronto,AMS,Amsterdam,2026-12-10 00:00:00+00:00,,,,461,USD,2,,2026-09-29 22:07:27.913437+00:00,travelpayouts,one_way,month-matrix,1010
YTO,Toronto,AMS,Amsterdam,2026-12-11 00:00:00+00:00,,,,559,USD,0,,2026-09-29 22:07:27.913437+00:00,travelpayouts,one_way,month-matrix,0
YTO,Toronto,AMS,Amsterdam,2026-12-12 00:00:00+00:00,,,,559,USD,0,,2026-09-29 22:07:27.913437+00:00,travelpayouts,one_way,month-matrix,0
YTO,Toronto,AMS,Amsterdam,2026-12-13 00:00:00+00:00,,,,559,USD,0,,2026-09-29 22:07:27.913437+00:00,travelpayouts,one_way,month-matrix,0
YTO,Toronto,AMS,Amsterdam,2026-12-14 00:00:00+00:00,,,,559,USD,0,,2026-09-29 22:07:27.913437+00:00,travelpayouts,one_way,month-matrix,0
YTO,Toronto,AMS,Amsterdam,2026-12-15 00:00:00+00:00,,,,559,USD,0,,2026-09-29 22:07:27.913437+00:00,travelpayouts,one_way,month-matrix,0
YTO,Toronto,AMS,Amsterdam,2026-12-16 00:00:00+00:00,,,,559,USD,0,,2026-09-29 22:07:27.913437+00:00,travelpayouts,one_way,month-matrix,0
YTO,Toronto,AMS,Amsterdam,2026-12-17 00:00:00+00:00,,,,559,USD,0,,2026-09-29 22:07:27.913437+00:00,travelpayouts,one_way,month-matrix,0
YTO,Toronto,AMS,Amsterdam,2026-12-18 00:00:00+00:00,,,,559,USD,0,,2026-09-29 22:07:27.913437+00:00,travelpayouts,one_way,month-matrix,0
YTO,Toronto,AMS,Amsterdam,2026-12-19 00:00:00+00:00,,,,559,USD,0,,2026-09-29 22:07:27.913437+00:00,travelpayouts,one_way,month-matrix,0
YTO,Toronto,AMS,Amsterdam,2026-12-20 00:00:00+00:00,,,,657,USD,1,,2026-09-29 22:07:27.913437+00:00,travelpayouts,one_way,month-matrix,1975
YTO,Toronto,AMS,Amsterdam,2026-12-02 23:45:00+00:00,,TS,480,352,USD,1,,2026-09-29 22:07:28.400590+00:00,travelpayouts,one_way,prices_for_dates,1360
YTO,Toronto,AMS,Amsterdam,2026-12-01 22:30:00+00:00,,TP,258,371,USD,2,,2026-09-29 22:07:28.400590+00:00,travelpayouts,one_way,prices_for_dates,1250
YTO,Toronto,AMS,Amsterdam,2026-12-10 22:30:00+00:00,,TP,258,461,USD,2,,2026-09-29 22:07:28.400590+00:00,travelpayouts,one_way,prices_for_dates,1010
YTO,Toronto,AMS,Amsterdam,2026-12-21 02:35:00+00:00,,TS,122,657,USD,1,,2026-09-29 22:07:28.400590+00:00,travelpayouts,one_way,prices_for_dates,1975
YTO,Toronto,AMS,Amsterdam,2026-12-02 00:00:00+00:00,,,,349,USD,1,,2026-09-29 22:07:28.962114+00:00,travelpayouts,one_way,latest,1360
YTO,Toronto,AMS,Amsterdam,2026-12-01 00:00:00+00:00,,,,368,USD,2,,2026-09-29 22:07:28.962114+00:00,travelpayouts,one_way,latest,1250
YTO,Toronto,AMS,Amsterdam,2026-12-03 00:00:00+00:00,,,,403,USD,0,,2026-09-29 22:07:28.962114+00:00,travelpayouts,one_way,latest,0
YTO,Toronto,AMS,Amsterdam,2026-12-04 00:00:00+00:00,,,,403,USD,0,,2026-09-29 22:07:28.962114+00:00,travelpayouts,one_way,latest,0
YTO,Toronto,AMS,Amsterdam,2026-12-05 00:00:00+00:00,,,,403,USD,0,,2026-09-29 22:07:28.962114+00:00,travelpayouts,one_way,latest,0
YTO,Toronto,AMS,Amsterdam,2026-12-06 00:00:00+00:00,,,,403,USD,0,,2026-09-29 22:07:28.962114+00:00,travelpayouts,one_way,latest,0
YTO,Toronto,AMS,Amsterdam,2026-12-07 00:00:00+00:00,,,,403,USD,0,,2026-09-29 22:07:28.962114+00:00,travelpayouts,one_way,latest,0
YTO,Toronto,AMS,Amsterdam,2026-12-08 00:00:00+00:00,,,,403,USD,0,,2026-09-29 22:07:28.962114+00:00,travelpayouts,one_way,latest,0
YTO,Toronto,AMS,Amsterdam,2026-12-09 00:00:00+00:00,,,,403,USD,0,,2026-09-29 22:07:28.962114+00:00,travelpayouts,one_way,latest,0
YTO,Toronto,AMS,Amsterdam,2026-12-10 00:00:00+00:00,,,,457,USD,2,,2026-09-29 22:07:28.962114+00:00,travelpayouts,one_way,latest,1010
YTO,Toronto,AMS,Amsterdam,2026-12-11 00:00:00+00:00,,,,554,USD,0,,2026-09-29 22:07:28.962114+00:00,travelpayouts,one_way,latest,0
YTO,Toronto,AMS,Amsterdam,2026-12-12 00:00:00+00:00,,,,554,USD,0,,2026-09-29 22:07:28.962114+00:00,travelpayouts,one_way,latest,0
YTO,Toronto,AMS,Amsterdam,2026-12-13 00:00:00+00:00,,,,554,USD,0,,2026-09-29 22:07:28.962114+00:00,travelpayouts,one_way,latest,0
YTO,Toronto,AMS,Amsterdam,2026-12-14 00:00:00+00:00,,,,554,USD,0,,2026-09-29 22:07:28.962114+00:00,travelpayouts,one_way,latest,0
YTO,Toronto,AMS,Amsterdam,2026-12-15 00:00:00+00:00,,,,554,USD,0,,2026-09-29 22:07:28.962114+00:00,travelpayouts,one_way,latest,0
YTO,Toronto,AMS,Amsterdam,2026-12-16 00:00:00+00:00,,,,554,USD,0,,2026-09-29 22:07:28.962114+00:00,travelpayouts,one_way,latest,0
YTO,Toronto,AMS,Amsterdam,2026-12-17 00:00:00+00:00,,,,554,USD,0,,2026-09-29 22:07:28.962114+00:00,travelpayouts,one_way,latest,0
YTO,Toronto,AMS,Amsterdam,2026-12-18 00:00:00+00:00,,,,554,USD,0,,2026-09-29 22:07:28.962114+00:00,travelpayouts,one_way,latest,0
YTO,Toronto,AMS,Amsterdam,2026-12-19 00:00:00+00:00,,,,554,USD,0,,2026-09-29 22:07:28.962114+00:00,travelpayouts,one_way,latest,0
YTO,Toronto,AMS,Amsterdam,2026-12-20 00:00:00+00:00,,,,651,USD,1,,2026-09-29 22:07:28.962114+00:00,travelpayouts,one_way,latest,1975
YTO,Toronto,AMS,Amsterdam,2026-12-06 00:40:00+00:00,2026-12-19 11:55:00+00:00,FI,602,667,USD,1,,2026-09-29 22:07:30.542787+00:00,travelpayouts,round_trip,prices_for_dates,1740
YTO,Toronto,AMS,Amsterdam,2026-12-25 02:45:00+00:00,2027-01-07 12:30:00+00:00,VS,148,724,USD,1,,2026-09-29 22:07:30.542787+00:00,travelpayouts,round_trip,prices_for_dates,1690
YTO,Toronto,AMS,Amsterdam,2026-12-05 00:00:00+00:00,2026-12-19 00:00:00+00:00,,,661,USD,1,,2026-09-29 22:07:31.057484+00:00,travelpayouts,round_trip,latest,1740
YTO,Toronto,AMS,Amsterdam,2026-12-24 00:00:00+00:00,2027-01-07 00:00:00+00:00,,,718,USD,1,,2026-09-29 22:07:31.057484+00:00,travelpayouts,round_trip,latest,1690
YTO,Toronto,YVR,Vancouver,2026-09-30 00:00:00+00:00,,,,390,USD,0,,2026-09-29 22:07:46.265940+00:00,travelpayouts,one_way,month-matrix,315
YTO,Toronto,YVR,Vancouver,2026-09-30 13:30:00+00:00,,WS,713,390,USD,0,,2026-09-29 22:07:46.744952+00:00,travelpayouts,one_way,prices_for_dates,315
YTO,Toronto,YVR,Vancouver,2026-09-30 00:00:00+00:00,,,,387,USD,0,,2026-09-29 22:07:47.314475+00:00,travelpayouts,one_way,latest,315
YTO,Toronto,YVR,Vancouver,2026-10-21 00:00:00+00:00,,,,104,USD,1,,2026-09-29 22:07:51.615221+00:00,travelpayouts,one_way,month-matrix,630
YTO,Toronto,YVR,Vancouver,2026-10-20 00:00:00+00:00,,,,105,USD,0,,2026-09-29 22:07:51.615221+00:00,travelpayouts,one_way,month-matrix,0
YTO,Toronto,YVR,Vancouver,2026-10-19 00:00:00+00:00,,,,106,USD,1,,2026-09-29 22:07:51.615221+00:00,travelpayouts,one_way,month-matrix,630
YTO,Toronto,YVR,Vancouver,2026-10-22 00:00:00+00:00,,,,107,USD,0,,2026-09-29 22:07:51.615221+00:00,travelpayouts,one_way,month-matrix,0
YTO,Toronto,YVR,Vancouver,2026-10-23 00:00:00+00:00,,,,107,USD,0,,2026-09-29 22:07:51.615221+00:00,travelpayouts,one_way,month-matrix,0
YTO,Toronto,YVR,Vancouver,2026-10-24 00:00:00+00:00,,,,107,USD,0,,2026-09-29 22:07:51.615221+00:00,travelpayouts,one_way,month-matrix,0
YTO,Toronto,YVR,Vancouver,2026-10-25 00:00:00+00:00,,,,107,USD,0,,2026-09-29 22:07:51.615221+00:00,travelpayouts,one_way,month-matrix,0
YTO,Toronto,YVR,Vancouver,2026-10-26 00:00:00+00:00,,,,107,USD,0,,2026-09-29 22:07:51.615221+00:00,travelpayouts,one_way,month-matrix,0
YTO,Toronto,YVR,Vancouver,2026-10-27 00:00:00+00:00,,,,107,USD,0,,2026-09-29 22:07:51.615221+00:00,travelpayouts,one_way,month-matrix,0
YTO,Toronto,YVR,Vancouver,2026-10-30 00:00:00+00:00,,,,110,USD,1,,2026-09-29 22:07:51.615221+00:00,travelpayouts,one_way,month-matrix,460
YTO,Toronto,YVR,Vancouver,2026-10-29 00:00:00+00:00,,,,110,USD,0,,2026-09-29 22:07:51.615221+00:00,travelpayouts,one_way,month-matrix,0
YTO,Toronto,YVR,Vancouver,2026-10-28 00:00:00+00:00,,,,110,USD,1,,2026-09-29 22:07:51.615221+00:00,travelpayouts,one_way,month-matrix,460
YTO,Toronto,YVR,Vancouver,2026-10-17 00:00:00+00:00,,,,143,USD,0,,2026-09-29 22:07:51.615221+00:00,travelpayouts,one_way,month-matrix,0
YTO,Toronto,YVR,Vancouver,2026-10-18 00:00:00+00:00,,,,143,USD,0,,2026-09-29 22:07:51.615221+00:00,travelpayouts,one_way,month-matrix,0
YTO,Toronto,YVR,Vancouver,2026-10-14 00:00:00+00:00,,,,174,USD,1,,2026-09-29 22:07:51.615221+00:00,travelpayouts,one_way,month-matrix,495
YTO,Toronto,YVR,Vancouver,2026-10-11 00:00:00+00:00,,,,176,USD,0,,2026-09-29 22:07:51.615221+00:00,travelpayouts,one_way,month-matrix,310
YTO,Toronto,YVR,Vancouver,2026-10-15 00:00:00+00:00,,,,177,USD,0,,2026-09-29 22:07:51.615221+00:00,travelpayouts,one_way,month-matrix,0
YTO,Toronto,YVR,Vancouver,2026-10-16 00:00:00+00:00,,,,180,USD,1,,2026-09-29 22:07:51.615221+00:00,travelpayouts,one_way,month-matrix,530
YTO,Toronto,YVR,Vancouver,2026-10-13 00:00:00+00:00,,,,189,USD,1,,2026-09-29 22:07:51.615221+00:00,travelpayouts,one_way,month-matrix,495
YTO,Toronto,YVR,Vancouver,2026-10-03 00:00:00+00:00,,,,190,USD,1,,2026-09-29 22:07:51.615221+00:00,travelpayouts,one_way,month-matrix,494
YTO,Toronto,YVR,Vancouver,2026-10-05 00:00:00+00:00,,,,196,USD,0,,2026-09-29 22:07:51.615221+00:00,travelpayouts,one_way,month-matrix,310
YTO,Toronto,YVR,Vancouver,2026-10-06 00:00:00+00:00,,,,196,USD,1,,2026-09-29 22:07:51.615221+00:00,travelpayouts,one_way,month-matrix,495
YTO,Toronto,YVR,Vancouver,2026-10-07 00:00:00+00:00,,,,196,USD,1,,2026-09-29 22:07:51.615221+00:00,travelpayouts,one_way,month-matrix,495
YTO,Toronto,YVR,Vancouver,2026-10-08 00:00:00+00:00,,,,223,USD,0,,2026-09-29 22:07:51.615221+00:00,travelpayouts,one_way,month-matrix,309
YTO,Toronto,YVR,Vancouver,2026-10-12 00:00:00+00:00,,,,231,USD,1,,2026-09-29 22:07:51.615221+00:00,travelpayouts,one_way,month-matrix,440
YTO,Toronto,YVR,Vancouver,2026-10-10 00:00:00+00:00,,,,235,USD,1,,2026-09-29 22:07:51.615221+00:00,travelpayouts,one_way,month-matrix,630
YTO,Toronto,YVR,Vancouver,2026-10-04 00:00:00+00:00,,,,254,USD,0,,2026-09-29 22:07:51.615221+00:00,travelpayouts,one_way,month-matrix,310
YTO,Toronto,YVR,Vancouver,2026-10-02 00:00:00+00:00,,,,273,USD,0,,2026-09-29 22:07:51.615221+00:00,travelpayouts,one_way,month-matrix,310
YTO,Toronto,YVR,Vancouver,2026-10-01 00:00:00+00:00,,,,286,USD,0,,2026-09-29 22:07:51.615221+00:00,travelpayouts,one_way,month-matrix,310
YTO,Toronto,YVR,Vancouver,2026-10-09 00:00:00+00:00,,,,314,USD,0,,2026-09-29 22:07:51.615221+00:00,travelpayouts,one_way,month-matrix,310
YTO,Toronto,YVR,Vancouver,2026-10-21 18:05:00+00:00,,PD,2525,104,USD,1,,2026-09-29 22:07:52.139941+00:00,travelpayouts,one_way,prices_for_dates,630
YTO,Toronto,YVR,Vancouver,2026-10-19 18:05:00+00:00,,P3,2525,106,USD,1,,2026-09-29 22:07:52.139941+00:00,travelpayouts,one_way,prices_for_dates,630
YTO,Toronto,YVR,Vancouver,2026-10-30 10:45:00+00:00,,PD,2529,110,USD,1,,2026-09-29 22:07:52.139941+00:00,travelpayouts,one_way,prices_for_dates,460
YTO,Toronto,YVR,Vancouver,2026-10-28 10:45:00+00:00,,PD,2529,110,USD,1,,2026-09-29 22:07:52.139941+00:00,travelpayouts,one_way,prices_for_dates,460
YTO,Toronto,YVR,Vancouver,2026-10-14 10:05:00+00:00,,PD,2438,174,USD,1,,2026-09-29 22:07:52.139941+00:00,travelpayouts,one_way,prices_for_dates,495
YTO,Toronto,YVR,Vancouver,2026-10-11 15:55:00+00:00,,F8,609,176,USD,0,,2026-09-29 22:07:52.139941+00:00,travelpayouts,one_way,prices_for_dates,310
YTO,Toronto,YVR,Vancouver,2026-10-16 19:45:00+00:00,,PD,2436,180,USD,1,,2026-09-29 22:07:52.139941+00:00,travelpayouts,one_way,prices_for_dates,530
YTO,Toronto,YVR,Vancouver,2026-10-13 10:05:00+00:00,,PD,2438,189,USD,1,,2026-09-29 22:07:52.139941+00:00,travelpayouts,one_way,prices_for_dates,495
YTO,Toronto,YVR,Vancouver,2026-10-03 19:45:00+00:00,,PD,125,190,USD,1,,2026-09-29 22:07:52.139941+00:00,travelpayouts,one_way,prices_for_dates,494
YTO,Toronto,YVR,Vancouver,2026-10-05 11:40:00+00:00,,F8,601,196,USD,0,,2026-09-29 22:07:52.139941+00:00,travelpayouts,one_way,prices_for_dates,310
YTO,Toronto,YVR,Vancouver,2026-10-06 10:05:00+00:00,,PD,2438,196,USD,1,,2026-09-29 22:07:52.139941+00:00,travelpayouts,one_way,prices_for_dates,495
YTO,Toronto,YVR,Vancouver,2026-10-07 10:05:00+00:00,,PD,2438,196,USD,1,,2026-09-29 22:07:52.139941+00:00,travelpayouts,one_way,prices_for_dates,495
YTO,Toronto,YVR,Vancouver,2026-10-08 13:00:00+00:00,,PD,305,223,USD,0,,2026-09-29 22:07:52.139941+00:00,travelpayouts,one_way,prices_for_dates,309
YTO,Toronto,YVR,Vancouver,2026-10-12 11:00:00+00:00,,PD,153,231,USD,1,,2026-09-29 22:07:52.139941+00:00,travelpayouts,one_way,prices_for_dates,440
YTO,Toronto,YVR,Vancouver,2026-10-10 18:05:00+00:00,,PD,2525,235,USD,1,,2026-09-29 22:07:52.139941+00:00,travelpayouts,one_way,prices_for_dates,630
YTO,Toronto,YVR,Vancouver,2026-10-04 15:55:00+00:00,,F8,609,254,USD,0,,2026-09-29 22:07:52.139941+00:00,travelpayouts,one_way,prices_for_dates,310
YTO,Toronto,YVR,Vancouver,2026-10-02 17:55:00+00:00,,F8,611,273,USD,0,,2026-09-29 22:07:52.139941+00:00,travelpayouts,one_way,prices_for_dates,310
YTO,Toronto,YVR,Vancouver,2026-10-01 17:55:00+00:00,,F8,611,286,USD,0,,2026-09-29 22:07:52.139941+00:00,travelpayouts,one_way,prices_for_dates,310
YTO,Toronto,YVR,Vancouver,2026-10-09 15:55:00+00:00,,F8,609,314,USD,0,,2026-09-29 22:07:52.139941+00:00,travelpayouts,one_way,prices_for_dates,310
YTO,Toronto,YVR,Vancouver,2026-10-21 00:00:00+00:00,,,,103,USD,1,,2026-09-29 22:07:52.662036+00:00,travelpayouts,one_way,latest,630
YTO,Toronto,YVR,Vancouver,2026-10-20 00:00:00+00:00,,,,104,USD,0,,2026-09-29 22:07:52.662036+00:00,travelpayouts,one_way,latest,0
YTO,Toronto,YVR,Vancouver,2026-10-19 00:00:00+00:00,,,,105,USD,1,,2026-09-29 22:07:52.662036+00:00,travelpayouts,one_way,latest,630
YTO,Toronto,YVR,Vancouver,2026-10-22 00:00:00+00:00,,,,108,USD,0,,2026-09-29 22:07:52.662036+00:00,travelpayouts,one_way,latest,0
YTO,Toronto,YVR,Vancouver,2026-10-23 00:00:00+00:00,,,,108,USD,0,,2026-09-29 22:07:52.662036+00:00,travelpayouts,one_way,latest,0
YTO,Toronto,YVR,Vancouver,2026-10-24 00:00:00+00:00,,,,108,USD,0,,2026-09-29 22:07:52.662036+00:00,travelpayouts,one_way,latest,0
YTO,Toronto,YVR,Vancouver,2026-10-25 00:00:00+00:00,,,,108,USD,0,,2026-09-29 22:07:52.662036+00:00,travelpayouts,one_way,latest,0
YTO,Toronto,YVR,Vancouver,2026-10-26 00:00:00+00:00,,,,108,USD,0,,2026-09-29 22:07:52.662036+00:00,travelpayouts,one_way,latest,0
YTO,Toronto,YVR,Vancouver,2026-10-27 00:00:00+00:00,,,,108,USD,0,,2026-09-29 22:07:52.662036+00:00,travelpayouts,one_way,latest,0
YTO,Toronto,YVR,Vancouver,2026-10-30 00:00:00+00:00,,,,109,USD,1,,2026-09-29 22:07:52.662036+00:00,travelpayouts,one_way,latest,460
YTO,Toronto,YVR,Vancouver,2026-10-29 00:00:00+00:00,,,,111,USD,0,,2026-09-29 22:07:52.662036+00:00,travelpayouts,one_way,latest,0
YTO,Toronto,YVR,Vancouver,2026-10-28 00:00:00+00:00,,,,114,USD,1,,2026-09-29 22:07:52.662036+00:00,travelpayouts,one_way,latest,460
YTO,Toronto,YVR,Vancouver,2026-10-17 00:00:00+00:00,,,,142,USD,0,,2026-09-29 22:07:52.662036+00:00,travelpayouts,one_way,latest,0
YTO,Toronto,YVR,Vancouver,2026-10-18 00:00:00+00:00,,,,142,USD,0,,2026-09-29 22:07:52.662036+00:00,travelpayouts,one_way,latest,0
YTO,Toronto,YVR,Vancouver,2026-10-14 00:00:00+00:00,,,,173,USD,1,,2026-09-29 22:07:52.662036+00:00,travelpayouts,one_way,latest,495
YTO,Toronto,YVR,Vancouver,2026-10-11 00:00:00+00:00,,,,174,USD,0,,2026-09-29 22:07:52.662036+00:00,travelpayouts,one_way,latest,310
YTO,Toronto,YVR,Vancouver,2026-10-15 00:00:00+00:00,,,,176,USD,0,,2026-09-29 22:07:52.662036+00:00,travelpayouts,one_way,latest,0
YTO,Toronto,YVR,Vancouver,2026-10-16 00:00:00+00:00,,,,179,USD,1,,2026-09-29 22:07:52.662036+00:00,travelpayouts,one_way,latest,530
YTO,Toronto,YVR,Vancouver,2026-10-13 00:00:00+00:00,,,,187,USD,1,,2026-09-29 22:07:52.662036+00:00,travelpayouts,one_way,latest,495
YTO,Toronto,YVR,Vancouver,2026-10-05 00:00:00+00:00,,,,194,USD,0,,2026-09-29 22:07:52.662036+00:00,travelpayouts,one_way,latest,310
YTO,Toronto,YVR,Vancouver,2026-10-06 00:00:00+00:00,,,,194,USD,1,,2026-09-29 22:07:52.662036+00:00,travelpayouts,one_way,latest,495
YTO,Toronto,YVR,Vancouver,2026-10-07 00:00:00+00:00,,,,205,USD,1,,2026-09-29 22:07:52.662036+00:00,travelpayouts,one_way,latest,495
YTO,Toronto,YVR,Vancouver,2026-10-04 00:00:00+00:00,,,,218,USD,0,,2026-09-29 22:07:52.662036+00:00,travelpayouts,one_way,latest,308
YTO,Toronto,YVR,Vancouver,2026-10-08 00:00:00+00:00,,,,222,USD,0,,2026-09-29 22:07:52.662036+00:00,travelpayouts,one_way,latest,309
YTO,Toronto,YVR,Vancouver,2026-10-03 00:00:00+00:00,,,,222,USD,0,,2026-09-29 22:07:52.662036+00:00,travelpayouts,one_way,latest,310
YTO,Toronto,YVR,Vancouver,2026-10-12 00:00:00+00:00,,,,229,USD,1,,2026-09-29 22:07:52.662036+00:00,travelpayouts,one_way,latest,440
YTO,Toronto,YVR,Vancouver,2026-10-10 00:00:00+00:00,,,,233,USD,1,,2026-09-29 22:07:52.662036+00:00,travelpayouts,one_way,latest,630
YTO,Toronto,YVR,Vancouver,2026-10-02 00:00:00+00:00,,,,271,USD,0,,2026-09-29 22:07:52.662036+00:00,travelpayouts,one_way,latest,310
YTO,Toronto,YVR,Vancouver,2026-10-01 00:00:00+00:00,,,,283,USD,0,,2026-09-29 22:07:52.662036+00:00,travelpayouts,one_way,latest,310
YTO,Toronto,YVR,Vancouver,2026-10-09 00:00:00+00:00,,,,311,USD,0,,2026-09-29 22:07:52.662036+00:00,travelpayouts,one_way,latest,310
YTO,Toronto,YVR,Vancouver,2026-10-28 00:00:00+00:00,2026-10-30 00:00:00+00:00,,,220,USD,1,,2026-09-29 22:07:53.711765+00:00,travelpayouts,round_trip,month-matrix,870
YTO,Toronto,YVR,Vancouver,2026-10-13 00:00:00+00:00,2026-10-15 00:00:00+00:00,,,301,USD,1,,2026-09-29 22:07:53.711765+00:00,travelpayouts,round_trip,month-matrix,770
YTO,Toronto,YVR,Vancouver,2026-10-31 11:05:00+00:00,2026-11-07 21:20:00+00:00,PD,481,207,USD,0,,2026-09-29 22:07:54.239237+00:00,travelpayouts,round_trip,prices_for_dates,584
YTO,Toronto,YVR,Vancouver,2026-10-25 10:05:00+00:00,2026-10-28 17:30:00+00:00,PD,2438,215,USD,1,,2026-09-29 22:07:54.239237+00:00,travelpayouts,round_trip,prices_for_dates,1015
YTO,Toronto,YVR,Vancouver,2026-10-28 10:45:00+00:00,2026-10-30 17:30:00+00:00,PD,2529,220,USD,1,,2026-09-29 22:07:54.239237+00:00,travelpayouts,round_trip,prices_for_dates,870
YTO,Toronto,YVR,Vancouver,2026-10-02 11:40:00+00:00,2026-10-11 23:50:00+00:00,F8,601,226,USD,0,,2026-09-29 22:07:54.239237+00:00,travelpayouts,round_trip,prices_for_dates,585
YTO,Toronto,YVR,Vancouver,2026-10-19 11:40:00+00:00,2026-10-22 14:00:00+00:00,F8,601,235,USD,0,,2026-09-29 22:07:54.239237+00:00,travelpayouts,round_trip,prices_for_dates,880
YTO,Toronto,YVR,Vancouver,2026-10-21 13:40:00+00:00,2026-10-25 23:55:00+00:00,F8,605,245,USD,0,,2026-09-29 22:07:54.239237+00:00,travelpayouts,round_trip,prices_for_dates,580
YTO,Toronto,YVR,Vancouver,2026-10-18 03:10:00+00:00,2026-10-21 16:30:00+00:00,WS,755,258,USD,1,,2026-09-29 22:07:54.239237+00:00,travelpayouts,round_trip,prices_for_dates,1445
YTO,Toronto,YVR,Vancouver,2026-10-17 13:40:00+00:00,2026-10-20 16:50:00+00:00,F8,605,290,USD,0,,2026-09-29 22:07:54.239237+00:00,travelpayouts,round_trip,prices_for_dates,735
YTO,Toronto,YVR,Vancouver,2026-10-13 10:05:00+00:00,2026-10-15 23:50:00+00:00,PD,2438,301,USD,1,,2026-09-29 22:07:54.239237+00:00,travelpayouts,round_trip,prices_for_dates,770
YTO,Toronto,YVR,Vancouver,2026-10-16 20:55:00+00:00,2026-10-19 14:00:00+00:00,PD,2259,309,USD,1,,2026-09-29 22:07:54.239237+00:00,travelpayouts,round_trip,prices_for_dates,878
YTO,Toronto,YVR,Vancouver,2026-10-03 01:15:00+00:00,2026-10-06 18:15:00+00:00,F8,603,332,USD,0,,2026-09-29 22:07:54.239237+00:00,travelpayouts,round_trip,prices_for_dates,590
YTO,Toronto,YVR,Vancouver,2026-10-14 18:05:00+00:00,2026-10-17 14:00:00+00:00,P3,2525,337,USD,1,,2026-09-29 22:07:54.239237+00:00,travelpayouts,round_trip,prices_for_dates,1200
YTO,Toronto,YVR,Vancouver,2026-10-11 10:05:00+00:00,2026-10-15 05:45:00+00:00,P3,2438,342,USD,1,,2026-09-29 22:07:54.239237+00:00,travelpayouts,round_trip,prices_for_dates,775
YTO,Toronto,YVR,Vancouver,2026-10-05 11:40:00+00:00,2026-10-13 13:00:00+00:00,F8,601,346,USD,0,,2026-09-29 22:07:54.239237+00:00,travelpayouts,round_trip,prices_for_dates,805
YTO,Toronto,YVR,Vancouver,2026-10-02 11:40:00+00:00,2026-10-18 23:50:00+00:00,F8,601,398,USD,0,,2026-09-29 22:07:54.239237+00:00,travelpayouts,round_trip,prices_for_dates,585
YTO,Toronto,YVR,Vancouver,2026-10-31 00:00:00+00:00,2026-11-07 00:00:00+00:00,,,205,USD,0,,2026-09-29 22:07:54.764649+00:00,travelpayouts,round_trip,latest,584
YTO,Toronto,YVR,Vancouver,2026-10-25 00:00:00+00:00,2026-10-28 00:00:00+00:00,,,213,USD,1,,2026-09-29 22:07:54.764649+00:00,travelpayouts,round_trip,latest,1015
YTO,Toronto,YVR,Vancouver,2026-10-28 00:00:00+00:00,2026-10-30 00:00:00+00:00,,,218,USD,1,,2026-09-29 22:07:54.764649+00:00,travelpayouts,round_trip,latest,870
YTO,Toronto,YVR,Vancouver,2026-10-02 00:00:00+00:00,2026-10-11 00:00:00+00:00,,,224,USD,0,,2026-09-29 22:07:54.764649+00:00,travelpayouts,round_trip,latest,585
YTO,Toronto,YVR,Vancouver,2026-10-19 00:00:00+00:00,2026-10-22 00:00:00+00:00,,,233,USD,1,,2026-09-29 22:07:54.764649+00:00,travelpayouts,round_trip,latest,880
YTO,Toronto,YVR,Vancouver,2026-10-21 00:00:00+00:00,2026-10-25 00:00:00+00:00,,,243,USD,0,,2026-09-29 22:07:54.764649+00:00,travelpayouts,round_trip,latest,580
YTO,Toronto,YVR,Vancouver,2026-10-17 00:00:00+00:00,2026-10-21 00:00:00+00:00,,,256,USD,1,,2026-09-29 22:07:54.764649+00:00,travelpayouts,round_trip,latest,1445
YTO,Toronto,YVR,Vancouver,2026-10-02 00:00:00+00:00,2026-10-07 00:00:00+00:00,,,277,USD,0,,2026-09-29 22:07:54.764649+00:00,travelpayouts,round_trip,latest,0
YTO,Toronto,YVR,Vancouver,2026-10-02 00:00:00+00:00,2026-10-08 00:00:00+00:00,,,277,USD,0,,2026-09-29 22:07:54.764649+00:00,travelpayouts,round_trip,latest,0
YTO,Toronto,YVR,Vancouver,2026-10-02 00:00:00+00:00,2026-10-09 00:00:00+00:00,,,277,USD,0,,2026-09-29 22:07:54.764649+00:00,travelpayouts,round_trip,latest,0
YTO,Toronto,YVR,Vancouver,2026-10-02 00:00:00+00:00,2026-10-10 00:00:00+00:00,,,277,USD,0,,2026-09-29 22:07:54.764649+00:00,travelpayouts,round_trip,latest,0
YTO,Toronto,YVR,Vancouver,2026-10-17 00:00:00+00:00,2026-10-20 00:00:00+00:00,,,288,USD,1,,2026-09-29 22:07:54.764649+00:00,travelpayouts,round_trip,latest,735
YTO,Toronto,YVR,Vancouver,2026-10-13 00:00:00+00:00,2026-10-15 00:00:00+00:00,,,299,USD,1,,2026-09-29 22:07:54.764649+00:00,travelpayouts,round_trip,latest,770
YTO,Toronto,YVR,Vancouver,2026-10-02 00:00:00+00:00,2026-10-12 00:00:00+00:00,,,309,USD,0,,2026-09-29 22:07:54.764649+00:00,travelpayouts,round_trip,latest,0
YTO,Toronto,YVR,Vancouver,2026-10-02 00:00:00+00:00,2026-10-13 00:00:00+00:00,,,309,USD,0,,2026-09-29 22:07:54.764649+00:00,travelpayouts,round_trip,latest,0
YTO,Toronto,YVR,Vancouver,2026-10-02 00:00:00+00:00,2026-10-14 00:00:00+00:00,,,309,USD,0,,2026-09-29 22:07:54.764649+00:00,travelpayouts,round_trip,latest,0
YTO,Toronto,YVR,Vancouver,2026-10-02 00:00:00+00:00,2026-10-15 00:00:00+00:00,,,309,USD,0,,2026-09-29 22:07:54.764649+00:00,travelpayouts,round_trip,latest,0
YTO,Toronto,YVR,Vancouver,2026-10-02 00:00:00+00:00,2026-10-16 00:00:00+00:00,,,309,USD,0,,2026-09-29 22:07:54.764649+00:00,travelpayouts,round_trip,latest,0
YTO,Toronto,YVR,Vancouver,2026-10-02 00:00:00+00:00,2026-10-17 00:00:00+00:00,,,309,USD,0,,2026-09-29 22:07:54.764649+00:00,travelpayouts,round_trip,latest,0
YTO,Toronto,YVR,Vancouver,2026-10-16 00:00:00+00:00,2026-10-19 00:00:00+00:00,,,325,USD,0,,2026-09-29 22:07:54.764649+00:00,travelpayouts,round_trip,latest,583
YTO,Toronto,YVR,Vancouver,2026-10-02 00:00:00+00:00,2026-10-06 00:00:00+00:00,,,329,USD,0,,2026-09-29 22:07:54.764649+00:00,travelpayouts,round_trip,latest,590
YTO,Toronto,YVR,Vancouver,2026-10-14 00:00:00+00:00,2026-10-17 00:00:00+00:00,,,334,USD,1,,2026-09-29 22:07:54.764649+00:00,travelpayouts,round_trip,latest,1200
YTO,Toronto,YVR,Vancouver,2026-10-11 00:00:00+00:00,2026-10-14 00:00:00+00:00,,,339,USD,1,,2026-09-29 22:07:54.764649+00:00,travelpayouts,round_trip,latest,775
YTO,Toronto,YVR,Vancouver,2026-10-05 00:00:00+00:00,2026-10-13 00:00:00+00:00,,,343,USD,1,,2026-09-29 22:07:54.764649+00:00,travelpayouts,round_trip,latest,805
YTO,Toronto,YVR,Vancouver,2026-10-02 00:00:00+00:00,2026-10-18 00:00:00+00:00,,,394,USD,0,,2026-09-29 22:07:54.764649+00:00,travelpayouts,round_trip,latest,585
YTO,Toronto,YVR,Vancouver,2026-11-18 00:00:00+00:00,,,,108,USD,1,,2026-09-29 22:07:55.285702+00:00,travelpayouts,one_way,month-matrix,460
YTO,Toronto,YVR,Vancouver,2026-11-14 00:00:00+00:00,,,,108,USD,0,,2026-09-29 22:07:55.285702+00:00,travelpayouts,one_way,month-matrix,0
YTO,Toronto,YVR,Vancouver,2026-11-15 00:00:00+00:00,,,,108,USD,0,,2026-09-29 22:07:55.285702+00:00,travelpayouts,one_way,month-matrix,0
YTO,Toronto,YVR,Vancouver,2026-11-16 00:00:00+00:00,,,,108,USD,0,,2026-09-29 22:07:55.285702+00:00,travelpayouts,one_way,month-matrix,0
YTO,Toronto,YVR,Vancouver,2026-11-17 00:00:00+00:00,,,,108,USD,0,,2026-09-29 22:07:55.285702+00:00,travelpayouts,one_way,month-matrix,0
YTO,Toronto,YVR,Vancouver,2026-11-04 00:00:00+00:00,,,,109,USD,1,,2026-09-29 22:07:55.285702+00:00,travelpayouts,one_way,month-matrix,460
YTO,Toronto,YVR,Vancouver,2026-11-05 00:00:00+00:00,,,,109,USD,0,,2026-09-29 22:07:55.285702+00:00,travelpayouts,one_way,month-matrix,0
YTO,Toronto,YVR,Vancouver,2026-11-06 00:00:00+00:00,,,,109,USD,0,,2026-09-29 22:07:55.285702+00:00,travelpayouts,one_way,month-matrix,0
YTO,Toronto,YVR,Vancouver,2026-11-07 00:00:00+00:00,,,,109,USD,0,,2026-09-29 22:07:55.285702+00:00,travelpayouts,one_way,month-matrix,0
YTO,Toronto,YVR,Vancouver,2026-11-08 00:00:00+00:00,,,,109,USD,0,,2026-09-29 22:07:55.285702+00:00,travelpayouts,one_way,month-matrix,0
YTO,Toronto,YVR,Vancouver,2026-11-09 00:00:00+00:00,,,,109,USD,0,,2026-09-29 22:07:55.285702+00:00,travelpayouts,one_way,month-matrix,0
YTO,Toronto,YVR,Vancouver,2026-11-10 00:00:00+00:00,,,,109,USD,0,,2026-09-29 22:07:55.285702+00:00,travelpayouts,one_way,month-matrix,0
YTO,Toronto,YVR,Vancouver,2026-11-11 00:00:00+00:00,,,,109,USD,0,,2026-09-29 22:07:55.285702+00:00,travelpayouts,one_way,month-matrix,0
YTO,Toronto,YVR,Vancouver,2026-11-12 00:00:00+00:00,,,,109,USD,0,,2026-09-29 22:07:55.285702+00:00,travelpayouts,one_way,month-matrix,0
YTO,Toronto,YVR,Vancouver,2026-11-13 00:00:00+00:00,,,,109,USD,1,,2026-09-29 22:07:55.285702+00:00,travelpayouts,one_way,month-matrix,460
YTO,Toronto,YVR,Vancouver,2026-11-18 11:45:00+00:00,,P3,2529,108,USD,1,,2026-09-29 22:07:55.809963+00:00,travelpayouts,one_way,prices_for_dates,460
YTO,Toronto,YVR,Vancouver,2026-11-04 11:45:00+00:00,,PD,2529,109,USD,1,,2026-09-29 22:07:55.809963+00:00,travelpayouts,one_way,prices_for_dates,460
YTO,Toronto,YVR,Vancouver,2026-11-13 11:45:00+00:00,,P3,2529,109,USD,1,,2026-09-29 22:07:55.809963+00:00,travelpayouts,one_way,prices_for_dates,460
YTO,Toronto,YVR,Vancouver,2026-11-18 00:00:00+00:00,,,,107,USD,1,,2026-09-29 22:07:56.335194+00:00,travelpayouts,one_way,latest,460
YTO,Toronto,YVR,Vancouver,2026-11-04 00:00:00+00:00,,,,108,USD,1,,2026-09-29 22:07:56.335194+00:00,travelpayouts,one_way,latest,460
YTO,Toronto,YVR,Vancouver,2026-11-05 00:00:00+00:00,,,,108,USD,0,,2026-09-29 22:07:56.335194+00:00,travelpayouts,one_way,latest,0
YTO,Toronto,YVR,Vancouver,2026-11-06 00:00:00+00:00,,,,108,USD,0,,2026-09-29 22:07:56.335194+00:00,travelpayouts,one_way,latest,0
YTO,Toronto,YVR,Vancouver,2026-11-07 00:00:00+00:00,,,,108,USD,0,,2026-09-29 22:07:56.335194+00:00,travelpayouts,one_way,latest,0
YTO,Toronto,YVR,Vancouver,2026-11-08 00:00:00+00:00,,,,108,USD,0,,2026-09-29 22:07:56.335194+00:00,travelpayouts,one_way,latest,0
YTO,Toronto,YVR,Vancouver,2026-11-09 00:00:00+00:00,,,,108,USD,0,,2026-09-29 22:07:56.335194+00:00,travelpayouts,one_way,latest,0
YTO,Toronto,YVR,Vancouver,2026-11-10 00:00:00+00:00,,,,108,USD,0,,2026-09-29 22:07:56.335194+00:00,travelpayouts,one_way,latest,0
YTO,Toronto,YVR,Vancouver,2026-11-11 00:00:00+00:00,,,,108,USD,0,,2026-09-29 22:07:56.335194+00:00,travelpayouts,one_way,latest,0
YTO,Toronto,YVR,Vancouver,2026-11-12 00:00:00+00:00,,,,108,USD,0,,2026-09-29 22:07:56.335194+00:00,travelpayouts,one_way,latest,0
YTO,Toronto,YVR,Vancouver,2026-11-13 00:00:00+00:00,,,,108,USD,1,,2026-09-29 22:07:56.335194+00:00,travelpayouts,one_way,latest,460
YTO,Toronto,YVR,Vancouver,2026-11-01 12:05:00+00:00,2026-11-08 07:30:00+00:00,PD,481,209,USD,0,,2026-09-29 22:07:57.906653+00:00,travelpayouts,round_trip,prices_for_dates,597
YTO,Toronto,YVR,Vancouver,2026-11-16 11:05:00+00:00,2026-11-30 19:30:00+00:00,PD,2438,214,USD,1,,2026-09-29 22:07:57.906653+00:00,travelpayouts,round_trip,prices_for_dates,945
YTO,Toronto,YVR,Vancouver,2026-11-16 11:45:00+00:00,2026-11-22 19:30:00+00:00,P3,2529,234,USD,1,,2026-09-29 22:07:57.906653+00:00,travelpayouts,round_trip,prices_for_dates,905
YTO,Toronto,YVR,Vancouver,2026-11-01 00:00:00+00:00,2026-11-07 00:00:00+00:00,,,207,USD,0,,2026-09-29 22:07:58.429776+00:00,travelpayouts,round_trip,latest,597
YTO,Toronto,YVR,Vancouver,2026-11-16 00:00:00+00:00,2026-11-30 00:00:00+00:00,,,212,USD,1,,2026-09-29 22:07:58.429776+00:00,travelpayouts,round_trip,latest,945
YTO,Toronto,YVR,Vancouver,2026-11-16 00:00:00+00:00,2026-11-23 00:00:00+00:00,,,222,USD,0,,2026-09-29 22:07:58.429776+00:00,travelpayouts,round_trip,latest,0
YTO,Toronto,YVR,Vancouver,2026-11-16 00:00:00+00:00,2026-11-24 00:00:00+00:00,,,222,USD,0,,2026-09-29 22:07:58.429776+00:00,travelpayouts,round_trip,latest,0
YTO,Toronto,YVR,Vancouver,2026-11-16 00:00:00+00:00,2026-11-25 00:00:00+00:00,,,222,USD,0,,2026-09-29 22:07:58.429776+00:00,travelpayouts,round_trip,latest,0
YTO,Toronto,YVR,Vancouver,2026-11-16 00:00:00+00:00,2026-11-26 00:00:00+00:00,,,222,USD,0,,2026-09-29 22:07:58.429776+00:00,travelpayouts,round_trip,latest,0
YTO,Toronto,YVR,Vancouver,2026-11-16 00:00:00+00:00,2026-11-27 00:00:00+00:00,,,222,USD,0,,2026-09-29 22:07:58.429776+00:00,travelpayouts,round_trip,latest,0
YTO,Toronto,YVR,Vancouver,2026-11-16 00:00:00+00:00,2026-11-28 00:00:00+00:00,,,222,USD,0,,2026-09-29 22:07:58.429776+00:00,travelpayouts,round_trip,latest,0
YTO,Toronto,YVR,Vancouver,2026-11-16 00:00:00+00:00,2026-11-29 00:00:00+00:00,,,222,USD,0,,2026-09-29 22:07:58.429776+00:00,travelpayouts,round_trip,latest,0
YTO,Toronto,YVR,Vancouver,2026-11-16 00:00:00+00:00,2026-11-22 00:00:00+00:00,,,232,USD,1,,2026-09-29 22:07:58.429776+00:00,travelpayouts,round_trip,latest,905
YTO,Toronto,YVR,Vancouver,2026-12-15 00:00:00+00:00,,,,114,USD,1,,2026-09-29 22:07:58.955557+00:00,travelpayouts,one_way,month-matrix,460
YTO,Toronto,YVR,Vancouver,2026-12-15 11:45:00+00:00,,PD,2529,114,USD,1,,2026-09-29 22:07:59.483399+00:00,travelpayouts,one_way,prices_for_dates,460
YTO,Toronto,YVR,Vancouver,2026-12-15 00:00:00+00:00,,,,113,USD,1,,2026-09-29 22:08:00.002948+00:00,travelpayouts,one_way,latest,460
YTO,Toronto,YVR,Vancouver,2026-12-04 00:00:00+00:00,2026-12-06 00:00:00+00:00,,,220,USD,1,,2026-09-29 22:08:01.075652+00:00,travelpayouts,round_trip,month-matrix,905
YTO,Toronto,YVR,Vancouver,2026-12-01 11:45:00+00:00,2026-12-02 07:30:00+00:00,PD,2529,217,USD,1,,2026-09-29 22:08:01.628139+00:00,travelpayouts,round_trip,prices_for_dates,730
YTO,Toronto,YVR,Vancouver,2026-12-04 11:45:00+00:00,2026-12-06 19:30:00+00:00,PD,2529,220,USD,1,,2026-09-29 22:08:01.628139+00:00,travelpayouts,round_trip,prices_for_dates,905
YTO,Toronto,YVR,Vancouver,2026-12-02 11:45:00+00:00,2026-12-06 19:30:00+00:00,P3,2529,235,USD,1,,2026-09-29 22:08:01.628139+00:00,travelpayouts,round_trip,prices_for_dates,975
YTO,Toronto,YVR,Vancouver,2026-12-01 19:45:00+00:00,2026-12-12 19:30:00+00:00,PD,2471,239,USD,1,,2026-09-29 22:08:01.628139+00:00,travelpayouts,round_trip,prices_for_dates,1058
YTO,Toronto,YVR,Vancouver,2026-12-09 03:20:00+00:00,2027-01-05 01:55:00+00:00,WS,737,291,USD,0,,2026-09-29 22:08:01.628139+00:00,travelpayouts,round_trip,prices_for_dates,600
YTO,Toronto,YVR,Vancouver,2026-12-09 03:20:00+00:00,2027-01-04 05:55:00+00:00,WS,737,337,USD,0,,2026-09-29 22:08:01.628139+00:00,travelpayouts,round_trip,prices_for_dates,880
YTO,Toronto,YVR,Vancouver,2026-12-15 12:05:00+00:00,2027-01-03 01:35:00+00:00,PD,481,343,USD,0,,2026-09-29 22:08:01.628139+00:00,travelpayouts,round_trip,prices_for_dates,584
YTO,Toronto,YVR,Vancouver,2026-12-01 00:00:00+00:00,2026-12-01 00:00:00+00:00,,,215,USD,1,,2026-09-29 22:08:02.191683+00:00,travelpayouts,round_trip,latest,730
YTO,Toronto,YVR,Vancouver,2026-12-04 00:00:00+00:00,2026-12-06 00:00:00+00:00,,,218,USD,1,,2026-09-29 22:08:02.191683+00:00,travelpayouts,round_trip,latest,905
YTO,Toronto,YVR,Vancouver,2026-12-01 00:00:00+00:00,2026-12-02 00:00:00+00:00,,,226,USD,0,,2026-09-29 22:08:02.191683+00:00,travelpayouts,round_trip,latest,0
YTO,Toronto,YVR,Vancouver,2026-12-01 00:00:00+00:00,2026-12-03 00:00:00+00:00,,,226,USD,0,,2026-09-29 22:08:02.191683+00:00,travelpayouts,round_trip,latest,0
YTO,Toronto,YVR,Vancouver,2026-12-01 00:00:00+00:00,2026-12-04 00:00:00+00:00,,,226,USD,0,,2026-09-29 22:08:02.191683+00:00,travelpayouts,round_trip,latest,0
YTO,Toronto,YVR,Vancouver,2026-12-01 00:00:00+00:00,2026-12-05 00:00:00+00:00,,,226,USD,0,,2026-09-29 22:08:02.191683+00:00,travelpayouts,round_trip,latest,0
YTO,Toronto,YVR,Vancouver,2026-12-01 00:00:00+00:00,2026-12-06 00:00:00+00:00,,,226,USD,0,,2026-09-29 22:08:02.191683+00:00,travelpayouts,round_trip,latest,0
YTO,Toronto,YVR,Vancouver,2026-12-01 00:00:00+00:00,2026-12-07 00:00:00+00:00,,,226,USD,0,,2026-09-29 22:08:02.191683+00:00,travelpayouts,round_trip,latest,0
YTO,Toronto,YVR,Vancouver,2026-12-01 00:00:00+00:00,2026-12-08 00:00:00+00:00,,,226,USD,0,,2026-09-29 22:08:02.191683+00:00,travelpayouts,round_trip,latest,0
YTO,Toronto,YVR,Vancouver,2026-12-01 00:00:00+00:00,2026-12-09 00:00:00+00:00,,,226,USD,0,,2026-09-29 22:08:02.191683+00:00,travelpayouts,round_trip,latest,0
YTO,Toronto,YVR,Vancouver,2026-12-01 00:00:00+00:00,2026-12-10 00:00:00+00:00,,,226,USD,0,,2026-09-29 22:08:02.191683+00:00,travelpayouts,round_trip,latest,0
YTO,Toronto,YVR,Vancouver,2026-12-01 00:00:00+00:00,2026-12-11 00:00:00+00:00,,,226,USD,0,,2026-09-29 22:08:02.191683+00:00,travelpayouts,round_trip,latest,0
YTO,Toronto,YVR,Vancouver,2026-12-02 00:00:00+00:00,2026-12-06 00:00:00+00:00,,,233,USD,1,,2026-09-29 22:08:02.191683+00:00,travelpayouts,round_trip,latest,975
YTO,Toronto,YVR,Vancouver,2026-12-01 00:00:00+00:00,2026-12-12 00:00:00+00:00,,,237,USD,1,,2026-09-29 22:08:02.191683+00:00,travelpayouts,round_trip,latest,1058
YTO,Toronto,YVR,Vancouver,2026-12-08 00:00:00+00:00,2027-01-04 00:00:00+00:00,,,289,USD,0,,2026-09-29 22:08:02.191683+00:00,travelpayouts,round_trip,latest,600
YTO,Toronto,YVR,Vancouver,2026-12-08 00:00:00+00:00,2027-01-03 00:00:00+00:00,,,334,USD,1,,2026-09-29 22:08:02.191683+00:00,travelpayouts,round_trip,latest,880
YTO,Toronto,YVR,Vancouver,2026-12-15 00:00:00+00:00,2027-01-02 00:00:00+00:00,,,340,USD,0,,2026-09-29 22:08:02.191683+00:00,travelpayouts,round_trip,latest,584
YTO,Toronto,MIA,Miami,2026-09-30 00:00:00+00:00,,,,241,USD,1,,2026-09-29 22:08:21.349011+00:00,travelpayouts,one_way,month-matrix,404
YTO,Toronto,MIA,Miami,2026-09-30 20:00:00+00:00,,AC,418,245,USD,1,,2026-09-29 22:08:21.870857+00:00,travelpayouts,one_way,prices_for_dates,377
YTO,Toronto,MIA,Miami,2026-09-30 00:00:00+00:00,,,,265,USD,1,,2026-09-29 22:08:22.437503+00:00,travelpayouts,one_way,latest,377
YTO,Toronto,MIA,Miami,2026-10-27 00:00:00+00:00,,,,147,USD,0,,2026-09-29 22:08:26.678018+00:00,travelpayouts,one_way,month-matrix,0
YTO,Toronto,MIA,Miami,2026-10-24 00:00:00+00:00,,,,185,USD,0,,2026-09-29 22:08:26.678018+00:00,travelpayouts,one_way,month-matrix,0
YTO,Toronto,MIA,Miami,2026-10-25 00:00:00+00:00,,,,185,USD,0,,2026-09-29 22:08:26.678018+00:00,travelpayouts,one_way,month-matrix,0
YTO,Toronto,MIA,Miami,2026-10-11 00:00:00+00:00,,,,200,USD,0,,2026-09-29 22:08:26.678018+00:00,travelpayouts,one_way,month-matrix,0
YTO,Toronto,MIA,Miami,2026-10-12 00:00:00+00:00,,,,200,USD,0,,2026-09-29 22:08:26.678018+00:00,travelpayouts,one_way,month-matrix,0
YTO,Toronto,MIA,Miami,2026-10-13 00:00:00+00:00,,,,200,USD,0,,2026-09-29 22:08:26.678018+00:00,travelpayouts,one_way,month-matrix,0
YTO,Toronto,MIA,Miami,2026-10-14 00:00:00+00:00,,,,200,USD,0,,2026-09-29 22:08:26.678018+00:00,travelpayouts,one_way,month-matrix,0
YTO,Toronto,MIA,Miami,2026-10-15 00:00:00+00:00,,,,200,USD,0,,2026-09-29 22:08:26.678018+00:00,travelpayouts,one_way,month-matrix,0
YTO,Toronto,MIA,Miami,2026-10-17 00:00:00+00:00,,,,212,USD,0,,2026-09-29 22:08:26.678018+00:00,travelpayouts,one_way,month-matrix,0
YTO,Toronto,MIA,Miami,2026-10-18 00:00:00+00:00,,,,212,USD,0,,2026-09-29 22:08:26.678018+00:00,travelpayouts,one_way,month-matrix,0
YTO,Toronto,MIA,Miami,2026-10-04 00:00:00+00:00,,,,213,USD,0,,2026-09-29 22:08:26.678018+00:00,travelpayouts,one_way,month-matrix,0
YTO,Toronto,MIA,Miami,2026-10-05 00:00:00+00:00,,,,213,USD,0,,2026-09-29 22:08:26.678018+00:00,travelpayouts,one_way,month-matrix,0
YTO,Toronto,MIA,Miami,2026-10-06 00:00:00+00:00,,,,213,USD,0,,2026-09-29 22:08:26.678018+00:00,travelpayouts,one_way,month-matrix,0
YTO,Toronto,MIA,Miami,2026-10-07 00:00:00+00:00,,,,213,USD,0,,2026-09-29 22:08:26.678018+00:00,travelpayouts,one_way,month-matrix,0
YTO,Toronto,MIA,Miami,2026-10-20 00:00:00+00:00,,,,216,USD,0,,2026-09-29 22:08:26.678018+00:00,travelpayouts,one_way,month-matrix,0
YTO,Toronto,MIA,Miami,2026-10-21 00:00:00+00:00,,,,216,USD,0,,2026-09-29 22:08:26.678018+00:00,travelpayouts,one_way,month-matrix,0
YTO,Toronto,MIA,Miami,2026-10-22 00:00:00+00:00,,,,216,USD,0,,2026-09-29 22:08:26.678018+00:00,travelpayouts,one_way,month-matrix,0
YTO,Toronto,MIA,Miami,2026-10-16 00:00:00+00:00,,,,231,USD,1,,2026-09-29 22:08:26.678018+00:00,travelpayouts,one_way,month-matrix,998
YTO,Toronto,MIA,Miami,2026-10-23 00:00:00+00:00,,,,239,USD,1,,2026-09-29 22:08:26.678018+00:00,travelpayouts,one_way,month-matrix,1433
YTO,Toronto,MIA,Miami,2026-10-08 00:00:00+00:00,,,,277,USD,1,,2026-09-29 22:08:26.678018+00:00,travelpayouts,one_way,month-matrix,388
YTO,Toronto,MIA,Miami,2026-10-09 00:00:00+00:00,,,,284,USD,1,,2026-09-29 22:08:26.678018+00:00,travelpayouts,one_way,month-matrix,367
YTO,Toronto,MIA,Miami,2026-10-02 00:00:00+00:00,,,,293,USD,1,,2026-09-29 22:08:26.678018+00:00,travelpayouts,one_way,month-matrix,519
YTO,Toronto,MIA,Miami,2026-10-01 00:00:00+00:00,,,,296,USD,0,,2026-09-29 22:08:26.678018+00:00,travelpayouts,one_way,month-matrix,217
YTO,Toronto,MIA,Miami,2026-10-17 00:55:00+00:00,,AC,8786,231,USD,1,,2026-09-29 22:08:27.212609+00:00,travelpayouts,one_way,prices_for_dates,998
YTO,Toronto,MIA,Miami,2026-10-23 17:40:00+00:00,,P3,2725,239,USD,1,,2026-09-29 22:08:27.212609+00:00,travelpayouts,one_way,prices_for_dates,1433
YTO,Toronto,MIA,Miami,2026-10-08 16:47:00+00:00,,AA,4623,277,USD,1,,2026-09-29 22:08:27.212609+00:00,travelpayouts,one_way,prices_for_dates,388
YTO,Toronto,MIA,Miami,2026-10-09 21:29:00+00:00,,AA,5667,284,USD,1,,2026-09-29 22:08:27.212609+00:00,travelpayouts,one_way,prices_for_dates,367
YTO,Toronto,MIA,Miami,2026-10-02 19:00:00+00:00,,UA,3705,293,USD,1,,2026-09-29 22:08:27.212609+00:00,travelpayouts,one_way,prices_for_dates,519
YTO,Toronto,MIA,Miami,2026-10-01 10:00:00+00:00,,AA,2589,296,USD,0,,2026-09-29 22:08:27.212609+00:00,travelpayouts,one_way,prices_for_dates,217
YTO,Toronto,MIA,Miami,2026-10-27 00:00:00+00:00,,,,146,USD,0,,2026-09-29 22:08:27.711375+00:00,travelpayouts,one_way,latest,0
YTO,Toronto,MIA,Miami,2026-10-24 00:00:00+00:00,,,,183,USD,0,,2026-09-29 22:08:27.711375+00:00,travelpayouts,one_way,latest,0
YTO,Toronto,MIA,Miami,2026-10-25 00:00:00+00:00,,,,183,USD,0,,2026-09-29 22:08:27.711375+00:00,travelpayouts,one_way,latest,0
YTO,Toronto,MIA,Miami,2026-10-11 00:00:00+00:00,,,,198,USD,0,,2026-09-29 22:08:27.711375+00:00,travelpayouts,one_way,latest,0
YTO,Toronto,MIA,Miami,2026-10-12 00:00:00+00:00,,,,198,USD,0,,2026-09-29 22:08:27.711375+00:00,travelpayouts,one_way,latest,0
YTO,Toronto,MIA,Miami,2026-10-13 00:00:00+00:00,,,,198,USD,0,,2026-09-29 22:08:27.711375+00:00,travelpayouts,one_way,latest,0
YTO,Toronto,MIA,Miami,2026-10-14 00:00:00+00:00,,,,198,USD,0,,2026-09-29 22:08:27.711375+00:00,travelpayouts,one_way,latest,0
YTO,Toronto,MIA,Miami,2026-10-15 00:00:00+00:00,,,,198,USD,0,,2026-09-29 22:08:27.711375+00:00,travelpayouts,one_way,latest,0
YTO,Toronto,MIA,Miami,2026-10-17 00:00:00+00:00,,,,210,USD,0,,2026-09-29 22:08:27.711375+00:00,travelpayouts,one_way,latest,0
YTO,Toronto,MIA,Miami,2026-10-18 00:00:00+00:00,,,,210,USD,0,,2026-09-29 22:08:27.711375+00:00,travelpayouts,one_way,latest,0
YTO,Toronto,MIA,Miami,2026-10-20 00:00:00+00:00,,,,214,USD,0,,2026-09-29 22:08:27.711375+00:00,travelpayouts,one_way,latest,0
YTO,Toronto,MIA,Miami,2026-10-21 00:00:00+00:00,,,,214,USD,0,,2026-09-29 22:08:27.711375+00:00,travelpayouts,one_way,latest,0
YTO,Toronto,MIA,Miami,2026-10-22 00:00:00+00:00,,,,214,USD,0,,2026-09-29 22:08:27.711375+00:00,travelpayouts,one_way,latest,0
YTO,Toronto,MIA,Miami,2026-10-16 00:00:00+00:00,,,,229,USD,1,,2026-09-29 22:08:27.711375+00:00,travelpayouts,one_way,latest,998
YTO,Toronto,MIA,Miami,2026-10-23 00:00:00+00:00,,,,237,USD,1,,2026-09-29 22:08:27.711375+00:00,travelpayouts,one_way,latest,1433
YTO,Toronto,MIA,Miami,2026-10-08 00:00:00+00:00,,,,275,USD,1,,2026-09-29 22:08:27.711375+00:00,travelpayouts,one_way,latest,388
YTO,Toronto,MIA,Miami,2026-10-09 00:00:00+00:00,,,,282,USD,1,,2026-09-29 22:08:27.711375+00:00,travelpayouts,one_way,latest,367
YTO,Toronto,MIA,Miami,2026-10-04 00:00:00+00:00,,,,283,USD,0,,2026-09-29 22:08:27.711375+00:00,travelpayouts,one_way,latest,0
YTO,Toronto,MIA,Miami,2026-10-05 00:00:00+00:00,,,,283,USD,0,,2026-09-29 22:08:27.711375+00:00,travelpayouts,one_way,latest,0
YTO,Toronto,MIA,Miami,2026-10-06 00:00:00+00:00,,,,283,USD,0,,2026-09-29 22:08:27.711375+00:00,travelpayouts,one_way,latest,0
YTO,Toronto,MIA,Miami,2026-10-07 00:00:00+00:00,,,,283,USD,0,,2026-09-29 22:08:27.711375+00:00,travelpayouts,one_way,latest,0
YTO,Toronto,MIA,Miami,2026-10-02 00:00:00+00:00,,,,290,USD,1,,2026-09-29 22:08:27.711375+00:00,travelpayouts,one_way,latest,519
YTO,Toronto,MIA,Miami,2026-10-03 00:00:00+00:00,,,,290,USD,1,,2026-09-29 22:08:27.711375+00:00,travelpayouts,one_way,latest,441
YTO,Toronto,MIA,Miami,2026-10-01 00:00:00+00:00,,,,294,USD,0,,2026-09-29 22:08:27.711375+00:00,travelpayouts,one_way,latest,217
YTO,Toronto,MIA,Miami,2026-10-09 21:29:00+00:00,2026-10-15 00:06:00+00:00,AA,5667,396,USD,1,,2026-09-29 22:08:29.270906+00:00,travelpayouts,round_trip,prices_for_dates,570
YTO,Toronto,MIA,Miami,2026-10-05 16:20:00+00:00,2026-10-10 01:45:00+00:00,AC,7866,413,USD,2,,2026-09-29 22:08:29.270906+00:00,travelpayouts,round_trip,prices_for_dates,788
YTO,Toronto,MIA,Miami,2026-10-10 00:00:00+00:00,2026-10-14 01:45:00+00:00,UA,3711,510,USD,1,,2026-09-29 22:08:29.270906+00:00,travelpayouts,round_trip,prices_for_dates,1043
YTO,Toronto,MIA,Miami,2026-10-25 00:00:00+00:00,2026-11-09 00:00:00+00:00,,,250,USD,0,,2026-09-29 22:08:29.801547+00:00,travelpayouts,round_trip,latest,0
YTO,Toronto,MIA,Miami,2026-10-25 00:00:00+00:00,2026-11-10 00:00:00+00:00,,,250,USD,0,,2026-09-29 22:08:29.801547+00:00,travelpayouts,round_trip,latest,0
YTO,Toronto,MIA,Miami,2026-10-25 00:00:00+00:00,2026-11-11 00:00:00+00:00,,,250,USD,0,,2026-09-29 22:08:29.801547+00:00,travelpayouts,round_trip,latest,0
YTO,Toronto,MIA,Miami,2026-10-25 00:00:00+00:00,2026-11-12 00:00:00+00:00,,,250,USD,0,,2026-09-29 22:08:29.801547+00:00,travelpayouts,round_trip,latest,0
YTO,Toronto,MIA,Miami,2026-10-25 00:00:00+00:00,2026-11-13 00:00:00+00:00,,,250,USD,0,,2026-09-29 22:08:29.801547+00:00,travelpayouts,round_trip,latest,0
YTO,Toronto,MIA,Miami,2026-10-31 00:00:00+00:00,2026-11-08 00:00:00+00:00,,,253,USD,0,,2026-09-29 22:08:29.801547+00:00,travelpayouts,round_trip,latest,0
YTO,Toronto,MIA,Miami,2026-10-31 00:00:00+00:00,2026-11-09 00:00:00+00:00,,,253,USD,0,,2026-09-29 22:08:29.801547+00:00,travelpayouts,round_trip,latest,0
YTO,Toronto,MIA,Miami,2026-10-31 00:00:00+00:00,2026-11-10 00:00:00+00:00,,,253,USD,0,,2026-09-29 22:08:29.801547+00:00,travelpayouts,round_trip,latest,0
YTO,Toronto,MIA,Miami,2026-10-31 00:00:00+00:00,2026-11-11 00:00:00+00:00,,,253,USD,0,,2026-09-29 22:08:29.801547+00:00,travelpayouts,round_trip,latest,0
YTO,Toronto,MIA,Miami,2026-10-31 00:00:00+00:00,2026-11-12 00:00:00+00:00,,,253,USD,0,,2026-09-29 22:08:29.801547+00:00,travelpayouts,round_trip,latest,0
YTO,Toronto,MIA,Miami,2026-10-23 00:00:00+00:00,2026-11-09 00:00:00+00:00,,,265,USD,0,,2026-09-29 22:08:29.801547+00:00,travelpayouts,round_trip,latest,0
YTO,Toronto,MIA,Miami,2026-10-23 00:00:00+00:00,2026-11-10 00:00:00+00:00,,,265,USD,0,,2026-09-29 22:08:29.801547+00:00,travelpayouts,round_trip,latest,0
YTO,Toronto,MIA,Miami,2026-10-23 00:00:00+00:00,2026-11-11 00:00:00+00:00,,,265,USD,0,,2026-09-29 22:08:29.801547+00:00,travelpayouts,round_trip,latest,0
YTO,Toronto,MIA,Miami,2026-10-28 00:00:00+00:00,2026-11-13 00:00:00+00:00,,,290,USD,0,,2026-09-29 22:08:29.801547+00:00,travelpayouts,round_trip,latest,0
YTO,Toronto,MIA,Miami,2026-10-09 00:00:00+00:00,2026-10-14 00:00:00+00:00,,,393,USD,1,,2026-09-29 22:08:29.801547+00:00,travelpayouts,round_trip,latest,570
YTO,Toronto,MIA,Miami,2026-10-05 00:00:00+00:00,2026-10-09 00:00:00+00:00,,,410,USD,2,,2026-09-29 22:08:29.801547+00:00,travelpayouts,round_trip,latest,788
YTO,Toronto,MIA,Miami,2026-10-09 00:00:00+00:00,2026-10-13 00:00:00+00:00,,,506,USD,1,,2026-09-29 22:08:29.801547+00:00,travelpayouts,round_trip,latest,1043
YTO,Toronto,MIA,Miami,2026-11-08 00:00:00+00:00,,,,143,USD,0,,2026-09-29 22:08:30.303071+00:00,travelpayouts,one_way,month-matrix,0
YTO,Toronto,MIA,Miami,2026-11-09 00:00:00+00:00,,,,143,USD,0,,2026-09-29 22:08:30.303071+00:00,travelpayouts,one_way,month-matrix,0
YTO,Toronto,MIA,Miami,2026-11-10 00:00:00+00:00,,,,143,USD,0,,2026-09-29 22:08:30.303071+00:00,travelpayouts,one_way,month-matrix,0
YTO,Toronto,MIA,Miami,2026-11-11 00:00:00+00:00,,,,143,USD,0,,2026-09-29 22:08:30.303071+00:00,travelpayouts,one_way,month-matrix,0
YTO,Toronto,MIA,Miami,2026-11-12 00:00:00+00:00,,,,143,USD,0,,2026-09-29 22:08:30.303071+00:00,travelpayouts,one_way,month-matrix,0
YTO,Toronto,MIA,Miami,2026-11-13 00:00:00+00:00,,,,143,USD,0,,2026-09-29 22:08:30.303071+00:00,travelpayouts,one_way,month-matrix,0
YTO,Toronto,MIA,Miami,2026-11-14 00:00:00+00:00,,,,143,USD,0,,2026-09-29 22:08:30.303071+00:00,travelpayouts,one_way,month-matrix,0
YTO,Toronto,MIA,Miami,2026-11-15 00:00:00+00:00,,,,143,USD,0,,2026-09-29 22:08:30.303071+00:00,travelpayouts,one_way,month-matrix,0
YTO,Toronto,MIA,Miami,2026-11-16 00:00:00+00:00,,,,143,USD,0,,2026-09-29 22:08:30.303071+00:00,travelpayouts,one_way,month-matrix,0
YTO,Toronto,MIA,Miami,2026-11-17 00:00:00+00:00,,,,143,USD,0,,2026-09-29 22:08:30.303071+00:00,travelpayouts,one_way,month-matrix,0
YTO,Toronto,MIA,Miami,2026-11-18 00:00:00+00:00,,,,143,USD,0,,2026-09-29 22:08:30.303071+00:00,travelpayouts,one_way,month-matrix,0
YTO,Toronto,MIA,Miami,2026-11-19 00:00:00+00:00,,,,143,USD,0,,2026-09-29 22:08:30.303071+00:00,travelpayouts,one_way,month-matrix,0
YTO,Toronto,MIA,Miami,2026-11-20 00:00:00+00:00,,,,143,USD,0,,2026-09-29 22:08:30.303071+00:00,travelpayouts,one_way,month-matrix,0
YTO,Toronto,MIA,Miami,2026-11-21 00:00:00+00:00,,,,143,USD,0,,2026-09-29 22:08:30.303071+00:00,travelpayouts,one_way,month-matrix,0
YTO,Toronto,MIA,Miami,2026-11-23 00:00:00+00:00,,,,150,USD,0,,2026-09-29 22:08:30.303071+00:00,travelpayouts,one_way,month-matrix,0
YTO,Toronto,MIA,Miami,2026-11-24 00:00:00+00:00,,,,150,USD,0,,2026-09-29 22:08:30.303071+00:00,travelpayouts,one_way,month-matrix,0
YTO,Toronto,MIA,Miami,2026-11-25 00:00:00+00:00,,,,150,USD,0,,2026-09-29 22:08:30.303071+00:00,travelpayouts,one_way,month-matrix,0
YTO,Toronto,MIA,Miami,2026-11-08 00:00:00+00:00,,,,142,USD,0,,2026-09-29 22:08:31.352976+00:00,travelpayouts,one_way,latest,0
YTO,Toronto,MIA,Miami,2026-11-09 00:00:00+00:00,,,,142,USD,0,,2026-09-29 22:08:31.352976+00:00,travelpayouts,one_way,latest,0
YTO,Toronto,MIA,Miami,2026-11-10 00:00:00+00:00,,,,142,USD,0,,2026-09-29 22:08:31.352976+00:00,travelpayouts,one_way,latest,0
YTO,Toronto,MIA,Miami,2026-11-11 00:00:00+00:00,,,,142,USD,0,,2026-09-29 22:08:31.352976+00:00,travelpayouts,one_way,latest,0
YTO,Toronto,MIA,Miami,2026-11-12 00:00:00+00:00,,,,142,USD,0,,2026-09-29 22:08:31.352976+00:00,travelpayouts,one_way,latest,0
YTO,Toronto,MIA,Miami,2026-11-13 00:00:00+00:00,,,,142,USD,0,,2026-09-29 22:08:31.352976+00:00,travelpayouts,one_way,latest,0
YTO,Toronto,MIA,Miami,2026-11-14 00:00:00+00:00,,,,142,USD,0,,2026-09-29 22:08:31.352976+00:00,travelpayouts,one_way,latest,0
YTO,Toronto,MIA,Miami,2026-11-15 00:00:00+00:00,,,,142,USD,0,,2026-09-29 22:08:31.352976+00:00,travelpayouts,one_way,latest,0
YTO,Toronto,MIA,Miami,2026-11-16 00:00:00+00:00,,,,142,USD,0,,2026-09-29 22:08:31.352976+00:00,travelpayouts,one_way,latest,0
YTO,Toronto,MIA,Miami,2026-11-17 00:00:00+00:00,,,,142,USD,0,,2026-09-29 22:08:31.352976+00:00,travelpayouts,one_way,latest,0
YTO,Toronto,MIA,Miami,2026-11-18 00:00:00+00:00,,,,142,USD,0,,2026-09-29 22:08:31.352976+00:00,travelpayouts,one_way,latest,0
YTO,Toronto,MIA,Miami,2026-11-19 00:00:00+00:00,,,,142,USD,0,,2026-09-29 22:08:31.352976+00:00,travelpayouts,one_way,latest,0
YTO,Toronto,MIA,Miami,2026-11-20 00:00:00+00:00,,,,142,USD,0,,2026-09-29 22:08:31.352976+00:00,travelpayouts,one_way,latest,0
YTO,Toronto,MIA,Miami,2026-11-21 00:00:00+00:00,,,,142,USD,0,,2026-09-29 22:08:31.352976+00:00,travelpayouts,one_way,latest,0
YTO,Toronto,MIA,Miami,2026-11-23 00:00:00+00:00,,,,149,USD,0,,2026-09-29 22:08:31.352976+00:00,travelpayouts,one_way,latest,0
YTO,Toronto,MIA,Miami,2026-11-24 00:00:00+00:00,,,,149,USD,0,,2026-09-29 22:08:31.352976+00:00,travelpayouts,one_way,latest,0
YTO,Toronto,MIA,Miami,2026-11-25 00:00:00+00:00,,,,149,USD,0,,2026-09-29 22:08:31.352976+00:00,travelpayouts,one_way,latest,0
YTO,Toronto,MIA,Miami,2026-12-04 00:00:00+00:00,,,,208,USD,0,,2026-09-29 22:08:33.935792+00:00,travelpayouts,one_way,month-matrix,0
YTO,Toronto,MIA,Miami,2026-12-05 00:00:00+00:00,,,,208,USD,0,,2026-09-29 22:08:33.935792+00:00,travelpayouts,one_way,month-matrix,0
YTO,Toronto,MIA,Miami,2026-12-06 00:00:00+00:00,,,,208,USD,0,,2026-09-29 22:08:33.935792+00:00,travelpayouts,one_way,month-matrix,0
YTO,Toronto,MIA,Miami,2026-12-07 00:00:00+00:00,,,,208,USD,0,,2026-09-29 22:08:33.935792+00:00,travelpayouts,one_way,month-matrix,0
YTO,Toronto,MIA,Miami,2026-12-08 00:00:00+00:00,,,,208,USD,0,,2026-09-29 22:08:33.935792+00:00,travelpayouts,one_way,month-matrix,0
YTO,Toronto,MIA,Miami,2026-12-09 00:00:00+00:00,,,,208,USD,0,,2026-09-29 22:08:33.935792+00:00,travelpayouts,one_way,month-matrix,0
YTO,Toronto,MIA,Miami,2026-12-10 00:00:00+00:00,,,,208,USD,0,,2026-09-29 22:08:33.935792+00:00,travelpayouts,one_way,month-matrix,0
YTO,Toronto,MIA,Miami,2026-12-11 00:00:00+00:00,,,,208,USD,0,,2026-09-29 22:08:33.935792+00:00,travelpayouts,one_way,month-matrix,0
YTO,Toronto,MIA,Miami,2026-12-12 00:00:00+00:00,,,,208,USD,0,,2026-09-29 22:08:33.935792+00:00,travelpayouts,one_way,month-matrix,0
YTO,Toronto,MIA,Miami,2026-12-13 00:00:00+00:00,,,,208,USD,0,,2026-09-29 22:08:33.935792+00:00,travelpayouts,one_way,month-matrix,0
YTO,Toronto,MIA,Miami,2026-12-03 00:00:00+00:00,,,,268,USD,1,,2026-09-29 22:08:33.935792+00:00,travelpayouts,one_way,month-matrix,582
YTO,Toronto,MIA,Miami,2026-12-03 11:10:00+00:00,,UA,1062,268,USD,1,,2026-09-29 22:08:34.461598+00:00,travelpayouts,one_way,prices_for_dates,582
YTO,Toronto,MIA,Miami,2026-12-04 00:00:00+00:00,,,,206,USD,0,,2026-09-29 22:08:34.988653+00:00,travelpayouts,one_way,latest,0
YTO,Toronto,MIA,Miami,2026-12-05 00:00:00+00:00,,,,206,USD,0,,2026-09-29 22:08:34.988653+00:00,travelpayouts,one_way,latest,0
YTO,Toronto,MIA,Miami,2026-12-06 00:00:00+00:00,,,,206,USD,0,,2026-09-29 22:08:34.988653+00:00,travelpayouts,one_way,latest,0
YTO,Toronto,MIA,Miami,2026-12-07 00:00:00+00:00,,,,206,USD,0,,2026-09-29 22:08:34.988653+00:00,travelpayouts,one_way,latest,0
YTO,Toronto,MIA,Miami,2026-12-08 00:00:00+00:00,,,,206,USD,0,,2026-09-29 22:08:34.988653+00:00,travelpayouts,one_way,latest,0
YTO,Toronto,MIA,Miami,2026-12-09 00:00:00+00:00,,,,206,USD,0,,2026-09-29 22:08:34.988653+00:00,travelpayouts,one_way,latest,0
YTO,Toronto,MIA,Miami,2026-12-10 00:00:00+00:00,,,,206,USD,0,,2026-09-29 22:08:34.988653+00:00,travelpayouts,one_way,latest,0
YTO,Toronto,MIA,Miami,2026-12-11 00:00:00+00:00,,,,206,USD,0,,2026-09-29 22:08:34.988653+00:00,travelpayouts,one_way,latest,0
YTO,Toronto,MIA,Miami,2026-12-12 00:00:00+00:00,,,,206,USD,0,,2026-09-29 22:08:34.988653+00:00,travelpayouts,one_way,latest,0
YTO,Toronto,MIA,Miami,2026-12-13 00:00:00+00:00,,,,206,USD,0,,2026-09-29 22:08:34.988653+00:00,travelpayouts,one_way,latest,0
YTO,Toronto,MIA,Miami,2026-12-03 00:00:00+00:00,,,,266,USD,1,,2026-09-29 22:08:34.988653+00:00,travelpayouts,one_way,latest,582
YTO,Toronto,MIA,Miami,2026-12-03 20:35:00+00:00,2026-12-18 21:45:00+00:00,UA,3500,494,USD,1,,2026-09-29 22:08:36.594942+00:00,travelpayouts,round_trip,prices_for_dates,829
YTO,Toronto,MIA,Miami,2026-12-03 00:00:00+00:00,2026-12-18 00:00:00+00:00,,,490,USD,1,,2026-09-29 22:08:37.083818+00:00,travelpayouts,round_trip,latest,829
YTO,Toronto,BCN,Barcelona,2026-09-29 00:00:00+00:00,,,,275,USD,2,,2026-09-29 22:08:37.656010+00:00,travelpayouts,one_way,month-matrix,1155
YTO,Toronto,BCN,Barcelona,2026-09-30 00:00:00+00:00,,,,481,USD,2,,2026-09-29 22:08:37.656010+00:00,travelpayouts,one_way,month-matrix,1325
YTO,Toronto,BCN,Barcelona,2026-09-30 03:55:00+00:00,,TS,230,275,USD,2,,2026-09-29 22:08:38.131052+00:00,travelpayouts,one_way,prices_for_dates,1155
YTO,Toronto,BCN,Barcelona,2026-09-30 20:55:00+00:00,,PD,2473,481,USD,2,,2026-09-29 22:08:38.131052+00:00,travelpayouts,one_way,prices_for_dates,1325
YTO,Toronto,BCN,Barcelona,2026-09-29 00:00:00+00:00,,,,273,USD,2,,2026-09-29 22:08:38.653411+00:00,travelpayouts,one_way,latest,1155
YTO,Toronto,BCN,Barcelona,2026-09-30 00:00:00+00:00,,,,477,USD,2,,2026-09-29 22:08:38.653411+00:00,travelpayouts,one_way,latest,1325
YTO,Toronto,BCN,Barcelona,2026-10-06 00:00:00+00:00,,,,205,USD,1,,2026-09-29 22:08:42.883270+00:00,travelpayouts,one_way,month-matrix,1000
YTO,Toronto,BCN,Barcelona,2026-10-05 00:00:00+00:00,,,,213,USD,0,,2026-09-29 22:08:42.883270+00:00,travelpayouts,one_way,month-matrix,0
YTO,Toronto,BCN,Barcelona,2026-10-04 00:00:00+00:00,,,,221,USD,1,,2026-09-29 22:08:42.883270+00:00,travelpayouts,one_way,month-matrix,1165
YTO,Toronto,BCN,Barcelona,2026-10-11 00:00:00+00:00,,,,260,USD,1,,2026-09-29 22:08:42.883270+00:00,travelpayouts,one_way,month-matrix,2435
YTO,Toronto,BCN,Barcelona,2026-10-15 00:00:00+00:00,,,,262,USD,2,,2026-09-29 22:08:42.883270+00:00,travelpayouts,one_way,month-matrix,1160
YTO,Toronto,BCN,Barcelona,2026-10-13 00:00:00+00:00,,,,275,USD,0,,2026-09-29 22:08:42.883270+00:00,travelpayouts,one_way,month-matrix,0
YTO,Toronto,BCN,Barcelona,2026-10-14 00:00:00+00:00,,,,275,USD,0,,2026-09-29 22:08:42.883270+00:00,travelpayouts,one_way,month-matrix,0
YTO,Toronto,BCN,Barcelona,2026-10-10 00:00:00+00:00,,,,281,USD,1,,2026-09-29 22:08:42.883270+00:00,travelpayouts,one_way,month-matrix,995
YTO,Toronto,BCN,Barcelona,2026-10-12 00:00:00+00:00,,,,288,USD,1,,2026-09-29 22:08:42.883270+00:00,travelpayouts,one_way,month-matrix,665
YTO,Toronto,BCN,Barcelona,2026-10-19 00:00:00+00:00,,,,308,USD,1,,2026-09-29 22:08:42.883270+00:00,travelpayouts,one_way,month-matrix,1440
YTO,Toronto,BCN,Barcelona,2026-10-17 00:00:00+00:00,,,,316,USD,0,,2026-09-29 22:08:42.883270+00:00,travelpayouts,one_way,month-matrix,0
YTO,Toronto,BCN,Barcelona,2026-10-18 00:00:00+00:00,,,,316,USD,0,,2026-09-29 22:08:42.883270+00:00,travelpayouts,one_way,month-matrix,0
YTO,Toronto,BCN,Barcelona,2026-10-09 00:00:00+00:00,,,,324,USD,2,,2026-09-29 22:08:42.883270+00:00,travelpayouts,one_way,month-matrix,1485
YTO,Toronto,BCN,Barcelona,2026-10-16 00:00:00+00:00,,,,325,USD,1,,2026-09-29 22:08:42.883270+00:00,travelpayouts,one_way,month-matrix,1040
YTO,Toronto,BCN,Barcelona,2026-10-07 00:00:00+00:00,,,,332,USD,2,,2026-09-29 22:08:42.883270+00:00,travelpayouts,one_way,month-matrix,870
YTO,Toronto,BCN,Barcelona,2026-10-08 00:00:00+00:00,,,,348,USD,1,,2026-09-29 22:08:42.883270+00:00,travelpayouts,one_way,month-matrix,2480
YTO,Toronto,BCN,Barcelona,2026-10-07 03:55:00+00:00,,TS,230,205,USD,1,,2026-09-29 22:08:43.411534+00:00,travelpayouts,one_way,prices_for_dates,1000
YTO,Toronto,BCN,Barcelona,2026-10-05 03:55:00+00:00,,TS,230,221,USD,1,,2026-09-29 22:08:43.411534+00:00,travelpayouts,one_way,prices_for_dates,1165
YTO,Toronto,BCN,Barcelona,2026-10-12 03:55:00+00:00,,TS,230,260,USD,1,,2026-09-29 22:08:43.411534+00:00,travelpayouts,one_way,prices_for_dates,2435
YTO,Toronto,BCN,Barcelona,2026-10-16 03:55:00+00:00,,TS,230,262,USD,2,,2026-09-29 22:08:43.411534+00:00,travelpayouts,one_way,prices_for_dates,1160
YTO,Toronto,BCN,Barcelona,2026-10-11 03:55:00+00:00,,TS,230,281,USD,1,,2026-09-29 22:08:43.411534+00:00,travelpayouts,one_way,prices_for_dates,995
YTO,Toronto,BCN,Barcelona,2026-10-12 23:55:00+00:00,,P3,2485,288,USD,1,,2026-09-29 22:08:43.411534+00:00,travelpayouts,one_way,prices_for_dates,665
YTO,Toronto,BCN,Barcelona,2026-10-19 11:00:00+00:00,,PD,7326,308,USD,1,,2026-09-29 22:08:43.411534+00:00,travelpayouts,one_way,prices_for_dates,1440
YTO,Toronto,BCN,Barcelona,2026-10-09 15:55:00+00:00,,PD,2221,324,USD,2,,2026-09-29 22:08:43.411534+00:00,travelpayouts,one_way,prices_for_dates,1485
YTO,Toronto,BCN,Barcelona,2026-10-17 01:40:00+00:00,,TS,308,325,USD,1,,2026-09-29 22:08:43.411534+00:00,travelpayouts,one_way,prices_for_dates,1040
YTO,Toronto,BCN,Barcelona,2026-10-07 22:00:00+00:00,,TS,531,332,USD,2,,2026-09-29 22:08:43.411534+00:00,travelpayouts,one_way,prices_for_dates,870
YTO,Toronto,BCN,Barcelona,2026-10-09 01:40:00+00:00,,TS,308,348,USD,1,,2026-09-29 22:08:43.411534+00:00,travelpayouts,one_way,prices_for_dates,2480
YTO,Toronto,BCN,Barcelona,2026-10-06 00:00:00+00:00,,,,230,USD,1,,2026-09-29 22:08:43.933335+00:00,travelpayouts,one_way,latest,660
YTO,Toronto,BCN,Barcelona,2026-10-05 00:00:00+00:00,,,,239,USD,0,,2026-09-29 22:08:43.933335+00:00,travelpayouts,one_way,latest,0
YTO,Toronto,BCN,Barcelona,2026-10-04 00:00:00+00:00,,,,248,USD,1,,2026-09-29 22:08:43.933335+00:00,travelpayouts,one_way,latest,2435
YTO,Toronto,BCN,Barcelona,2026-10-11 00:00:00+00:00,,,,258,USD,1,,2026-09-29 22:08:43.933335+00:00,travelpayouts,one_way,latest,2435
YTO,Toronto,BCN,Barcelona,2026-10-15 00:00:00+00:00,,,,260,USD,2,,2026-09-29 22:08:43.933335+00:00,travelpayouts,one_way,latest,1160
YTO,Toronto,BCN,Barcelona,2026-10-10 00:00:00+00:00,,,,278,USD,1,,2026-09-29 22:08:43.933335+00:00,travelpayouts,one_way,latest,995
YTO,Toronto,BCN,Barcelona,2026-10-13 00:00:00+00:00,,,,283,USD,0,,2026-09-29 22:08:43.933335+00:00,travelpayouts,one_way,latest,0
YTO,Toronto,BCN,Barcelona,2026-10-14 00:00:00+00:00,,,,283,USD,0,,2026-09-29 22:08:43.933335+00:00,travelpayouts,one_way,latest,0
YTO,Toronto,BCN,Barcelona,2026-10-19 00:00:00+00:00,,,,305,USD,1,,2026-09-29 22:08:43.933335+00:00,travelpayouts,one_way,latest,1440
YTO,Toronto,BCN,Barcelona,2026-10-12 00:00:00+00:00,,,,305,USD,1,,2026-09-29 22:08:43.933335+00:00,travelpayouts,one_way,latest,665
YTO,Toronto,BCN,Barcelona,2026-10-17 00:00:00+00:00,,,,314,USD,0,,2026-09-29 22:08:43.933335+00:00,travelpayouts,one_way,latest,0
YTO,Toronto,BCN,Barcelona,2026-10-18 00:00:00+00:00,,,,314,USD,0,,2026-09-29 22:08:43.933335+00:00,travelpayouts,one_way,latest,0
YTO,Toronto,BCN,Barcelona,2026-10-16 00:00:00+00:00,,,,322,USD,1,,2026-09-29 22:08:43.933335+00:00,travelpayouts,one_way,latest,1040
YTO,Toronto,BCN,Barcelona,2026-10-07 00:00:00+00:00,,,,329,USD,2,,2026-09-29 22:08:43.933335+00:00,travelpayouts,one_way,latest,870
YTO,Toronto,BCN,Barcelona,2026-10-08 00:00:00+00:00,,,,345,USD,1,,2026-09-29 22:08:43.933335+00:00,travelpayouts,one_way,latest,2480
YTO,Toronto,BCN,Barcelona,2026-10-09 00:00:00+00:00,,,,358,USD,2,,2026-09-29 22:08:43.933335+00:00,travelpayouts,one_way,latest,1320
YTO,Toronto,BCN,Barcelona,2026-10-18 23:55:00+00:00,2026-11-18 08:30:00+00:00,P3,2485,566,USD,1,,2026-09-29 22:08:45.518584+00:00,travelpayouts,round_trip,prices_for_dates,2390
YTO,Toronto,BCN,Barcelona,2026-10-05 03:55:00+00:00,2026-11-06 11:45:00+00:00,TS,230,567,USD,1,,2026-09-29 22:08:45.518584+00:00,travelpayouts,round_trip,prices_for_dates,1910
YTO,Toronto,BCN,Barcelona,2026-10-05 23:55:00+00:00,2026-10-09 08:15:00+00:00,DE,2403,656,USD,1,,2026-09-29 22:08:45.518584+00:00,travelpayouts,round_trip,prices_for_dates,2035
YTO,Toronto,BCN,Barcelona,2026-10-31 23:45:00+00:00,2026-11-08 06:20:00+00:00,TS,480,679,USD,2,,2026-09-29 22:08:45.518584+00:00,travelpayouts,round_trip,prices_for_dates,2750
YTO,Toronto,BCN,Barcelona,2026-10-03 10:30:00+00:00,2026-10-06 11:30:00+00:00,AA,3524,686,USD,2,,2026-09-29 22:08:45.518584+00:00,travelpayouts,round_trip,prices_for_dates,2104
YTO,Toronto,BCN,Barcelona,2026-10-03 23:43:00+00:00,2026-10-10 09:15:00+00:00,UA,3466,695,USD,1,,2026-09-29 22:08:45.518584+00:00,travelpayouts,round_trip,prices_for_dates,2659
YTO,Toronto,BCN,Barcelona,2026-10-04 17:55:00+00:00,2026-10-10 09:15:00+00:00,UA,8266,698,USD,1,,2026-09-29 22:08:45.518584+00:00,travelpayouts,round_trip,prices_for_dates,1567
YTO,Toronto,BCN,Barcelona,2026-10-05 23:43:00+00:00,2026-10-10 09:15:00+00:00,AC,3904,698,USD,1,,2026-09-29 22:08:45.518584+00:00,travelpayouts,round_trip,prices_for_dates,2659
YTO,Toronto,BCN,Barcelona,2026-10-09 23:25:00+00:00,2026-10-16 10:50:00+00:00,AA,4438,716,USD,1,,2026-09-29 22:08:45.518584+00:00,travelpayouts,round_trip,prices_for_dates,2775
YTO,Toronto,BCN,Barcelona,2026-10-09 23:25:00+00:00,2026-10-17 21:10:00+00:00,AA,4438,874,USD,1,,2026-09-29 22:08:45.518584+00:00,travelpayouts,round_trip,prices_for_dates,3120
YTO,Toronto,BCN,Barcelona,2026-10-18 00:00:00+00:00,2026-11-18 00:00:00+00:00,,,561,USD,1,,2026-09-29 22:08:45.996130+00:00,travelpayouts,round_trip,latest,2390
YTO,Toronto,BCN,Barcelona,2026-10-04 00:00:00+00:00,2026-11-06 00:00:00+00:00,,,562,USD,1,,2026-09-29 22:08:45.996130+00:00,travelpayouts,round_trip,latest,1910
YTO,Toronto,BCN,Barcelona,2026-10-04 00:00:00+00:00,2026-10-11 00:00:00+00:00,,,627,USD,0,,2026-09-29 22:08:45.996130+00:00,travelpayouts,round_trip,latest,0
YTO,Toronto,BCN,Barcelona,2026-10-04 00:00:00+00:00,2026-10-12 00:00:00+00:00,,,627,USD,0,,2026-09-29 22:08:45.996130+00:00,travelpayouts,round_trip,latest,0
YTO,Toronto,BCN,Barcelona,2026-10-04 00:00:00+00:00,2026-10-13 00:00:00+00:00,,,627,USD,0,,2026-09-29 22:08:45.996130+00:00,travelpayouts,round_trip,latest,0
YTO,Toronto,BCN,Barcelona,2026-10-04 00:00:00+00:00,2026-10-14 00:00:00+00:00,,,627,USD,0,,2026-09-29 22:08:45.996130+00:00,travelpayouts,round_trip,latest,0
YTO,Toronto,BCN,Barcelona,2026-10-04 00:00:00+00:00,2026-10-15 00:00:00+00:00,,,627,USD,0,,2026-09-29 22:08:45.996130+00:00,travelpayouts,round_trip,latest,0
YTO,Toronto,BCN,Barcelona,2026-10-04 00:00:00+00:00,2026-10-16 00:00:00+00:00,,,627,USD,0,,2026-09-29 22:08:45.996130+00:00,travelpayouts,round_trip,latest,0
YTO,Toronto,BCN,Barcelona,2026-10-04 00:00:00+00:00,2026-10-17 00:00:00+00:00,,,627,USD,0,,2026-09-29 22:08:45.996130+00:00,travelpayouts,round_trip,latest,0
YTO,Toronto,BCN,Barcelona,2026-10-04 00:00:00+00:00,2026-10-18 00:00:00+00:00,,,627,USD,0,,2026-09-29 22:08:45.996130+00:00,travelpayouts,round_trip,latest,0
YTO,Toronto,BCN,Barcelona,2026-10-04 00:00:00+00:00,2026-10-19 00:00:00+00:00,,,627,USD,0,,2026-09-29 22:08:45.996130+00:00,travelpayouts,round_trip,latest,0
YTO,Toronto,BCN,Barcelona,2026-10-04 00:00:00+00:00,2026-10-20 00:00:00+00:00,,,627,USD,0,,2026-09-29 22:08:45.996130+00:00,travelpayouts,round_trip,latest,0
YTO,Toronto,BCN,Barcelona,2026-10-04 00:00:00+00:00,2026-10-21 00:00:00+00:00,,,627,USD,0,,2026-09-29 22:08:45.996130+00:00,travelpayouts,round_trip,latest,0
YTO,Toronto,BCN,Barcelona,2026-10-04 00:00:00+00:00,2026-10-22 00:00:00+00:00,,,627,USD,0,,2026-09-29 22:08:45.996130+00:00,travelpayouts,round_trip,latest,0
YTO,Toronto,BCN,Barcelona,2026-10-04 00:00:00+00:00,2026-10-23 00:00:00+00:00,,,627,USD,0,,2026-09-29 22:08:45.996130+00:00,travelpayouts,round_trip,latest,0
YTO,Toronto,BCN,Barcelona,2026-10-05 00:00:00+00:00,2026-10-09 00:00:00+00:00,,,650,USD,1,,2026-09-29 22:08:45.996130+00:00,travelpayouts,round_trip,latest,2035
YTO,Toronto,BCN,Barcelona,2026-10-31 00:00:00+00:00,2026-11-08 00:00:00+00:00,,,673,USD,2,,2026-09-29 22:08:45.996130+00:00,travelpayouts,round_trip,latest,2750
YTO,Toronto,BCN,Barcelona,2026-10-03 00:00:00+00:00,2026-10-06 00:00:00+00:00,,,680,USD,2,,2026-09-29 22:08:45.996130+00:00,travelpayouts,round_trip,latest,2104
YTO,Toronto,BCN,Barcelona,2026-10-03 00:00:00+00:00,2026-10-07 00:00:00+00:00,,,684,USD,0,,2026-09-29 22:08:45.996130+00:00,travelpayouts,round_trip,latest,0
YTO,Toronto,BCN,Barcelona,2026-10-03 00:00:00+00:00,2026-10-08 00:00:00+00:00,,,684,USD,0,,2026-09-29 22:08:45.996130+00:00,travelpayouts,round_trip,latest,0
YTO,Toronto,BCN,Barcelona,2026-10-03 00:00:00+00:00,2026-10-09 00:00:00+00:00,,,684,USD,0,,2026-09-29 22:08:45.996130+00:00,travelpayouts,round_trip,latest,0
YTO,Toronto,BCN,Barcelona,2026-10-03 00:00:00+00:00,2026-10-10 00:00:00+00:00,,,689,USD,1,,2026-09-29 22:08:45.996130+00:00,travelpayouts,round_trip,latest,2659
YTO,Toronto,BCN,Barcelona,2026-10-04 00:00:00+00:00,2026-10-10 00:00:00+00:00,,,692,USD,1,,2026-09-29 22:08:45.996130+00:00,travelpayouts,round_trip,latest,1567
YTO,Toronto,BCN,Barcelona,2026-10-05 00:00:00+00:00,2026-10-10 00:00:00+00:00,,,692,USD,1,,2026-09-29 22:08:45.996130+00:00,travelpayouts,round_trip,latest,2659
YTO,Toronto,BCN,Barcelona,2026-10-09 00:00:00+00:00,2026-10-16 00:00:00+00:00,,,710,USD,1,,2026-09-29 22:08:45.996130+00:00,travelpayouts,round_trip,latest,2775
YTO,Toronto,BCN,Barcelona,2026-10-09 00:00:00+00:00,2026-10-17 00:00:00+00:00,,,866,USD,1,,2026-09-29 22:08:45.996130+00:00,travelpayouts,round_trip,latest,3120
YTO,Toronto,BCN,Barcelona,2026-11-09 00:00:00+00:00,,,,298,USD,1,,2026-09-29 22:08:46.518209+00:00,travelpayouts,one_way,month-matrix,1725
YTO,Toronto,BCN,Barcelona,2026-11-06 00:00:00+00:00,,,,341,USD,1,,2026-09-29 22:08:46.518209+00:00,travelpayouts,one_way,month-matrix,1725
YTO,Toronto,BCN,Barcelona,2026-11-03 00:00:00+00:00,,,,395,USD,1,,2026-09-29 22:08:46.518209+00:00,travelpayouts,one_way,month-matrix,735
YTO,Toronto,BCN,Barcelona,2026-11-10 01:55:00+00:00,,PD,2487,298,USD,1,,2026-09-29 22:08:47.082488+00:00,travelpayouts,one_way,prices_for_dates,1725
YTO,Toronto,BCN,Barcelona,2026-11-07 01:55:00+00:00,,TS,7041,341,USD,1,,2026-09-29 22:08:47.082488+00:00,travelpayouts,one_way,prices_for_dates,1725
YTO,Toronto,BCN,Barcelona,2026-11-03 22:30:00+00:00,,TP,258,395,USD,1,,2026-09-29 22:08:47.082488+00:00,travelpayouts,one_way,prices_for_dates,735
YTO,Toronto,BCN,Barcelona,2026-11-09 00:00:00+00:00,,,,295,USD,1,,2026-09-29 22:08:47.598500+00:00,travelpayouts,one_way,latest,1725
YTO,Toronto,BCN,Barcelona,2026-11-06 00:00:00+00:00,,,,338,USD,1,,2026-09-29 22:08:47.598500+00:00,travelpayouts,one_way,latest,1725
YTO,Toronto,BCN,Barcelona,2026-11-03 00:00:00+00:00,,,,392,USD,1,,2026-09-29 22:08:47.598500+00:00,travelpayouts,one_way,latest,735
YTO,Toronto,BCN,Barcelona,2026-11-21 19:45:00+00:00,2026-11-29 08:30:00+00:00,PD,2471,604,USD,1,,2026-09-29 22:08:49.191083+00:00,travelpayouts,round_trip,prices_for_dates,1585
YTO,Toronto,BCN,Barcelona,2026-11-23 03:45:00+00:00,2026-11-29 05:45:00+00:00,TP,262,609,USD,1,,2026-09-29 22:08:49.191083+00:00,travelpayouts,round_trip,prices_for_dates,1755
YTO,Toronto,BCN,Barcelona,2026-11-03 01:30:00+00:00,2026-11-15 05:20:00+00:00,AC,7976,701,USD,1,,2026-09-29 22:08:49.191083+00:00,travelpayouts,round_trip,prices_for_dates,2820
YTO,Toronto,BCN,Barcelona,2026-11-21 15:45:00+00:00,2026-11-28 08:55:00+00:00,AC,7958,710,USD,1,,2026-09-29 22:08:49.191083+00:00,travelpayouts,round_trip,prices_for_dates,1750
YTO,Toronto,BCN,Barcelona,2026-11-01 12:14:00+00:00,2026-11-15 11:00:00+00:00,AA,2589,716,USD,1,,2026-09-29 22:08:49.191083+00:00,travelpayouts,round_trip,prices_for_dates,2016
YTO,Toronto,BCN,Barcelona,2026-11-20 03:20:00+00:00,2026-11-27 13:40:00+00:00,BA,98,727,USD,1,,2026-09-29 22:08:49.191083+00:00,travelpayouts,round_trip,prices_for_dates,1405
YTO,Toronto,BCN,Barcelona,2026-11-21 00:00:00+00:00,2026-11-29 00:00:00+00:00,,,599,USD,1,,2026-09-29 22:08:49.665327+00:00,travelpayouts,round_trip,latest,1585
YTO,Toronto,BCN,Barcelona,2026-11-22 00:00:00+00:00,2026-11-29 00:00:00+00:00,,,604,USD,1,,2026-09-29 22:08:49.665327+00:00,travelpayouts,round_trip,latest,1755
YTO,Toronto,BCN,Barcelona,2026-11-02 00:00:00+00:00,2026-11-15 00:00:00+00:00,,,695,USD,1,,2026-09-29 22:08:49.665327+00:00,travelpayouts,round_trip,latest,2820
YTO,Toronto,BCN,Barcelona,2026-11-21 00:00:00+00:00,2026-11-28 00:00:00+00:00,,,704,USD,1,,2026-09-29 22:08:49.665327+00:00,travelpayouts,round_trip,latest,1750
YTO,Toronto,BCN,Barcelona,2026-11-01 00:00:00+00:00,2026-11-15 00:00:00+00:00,,,710,USD,1,,2026-09-29 22:08:49.665327+00:00,travelpayouts,round_trip,latest,2016
YTO,Toronto,BCN,Barcelona,2026-11-19 00:00:00+00:00,2026-11-27 00:00:00+00:00,,,721,USD,1,,2026-09-29 22:08:49.665327+00:00,travelpayouts,round_trip,latest,1405
YTO,Toronto,BCN,Barcelona,2026-12-03 03:45:00+00:00,,TP,262,394,USD,1,2026-09-29 23:08:51+00:00,2026-09-29 22:08:51.832952+00:00,travelpayouts,one_way,calendar,
YTO,Toronto,BCN,Barcelona,2026-12-03 22:30:00+00:00,,TP,258,412,USD,1,2026-09-29 23:08:51+00:00,2026-09-29 22:08:51.832952+00:00,travelpayouts,one_way,calendar,
YTO,Toronto,BCN,Barcelona,2026-12-23 02:05:00+00:00,,S4,322,1022,USD,2,2026-09-29 23:08:51+00:00,2026-09-29 22:08:51.832952+00:00,travelpayouts,one_way,calendar,
YTO,Toronto,BCN,Barcelona,2026-12-03 03:45:00+00:00,2027-01-13 13:35:00+00:00,TP,262,394,USD,1,,2026-09-29 22:08:53.381067+00:00,travelpayouts,round_trip,prices_for_dates,2520
YTO,Toronto,BCN,Barcelona,2026-12-03 22:30:00+00:00,2027-01-13 17:05:00+00:00,TP,258,412,USD,1,,2026-09-29 22:08:53.381067+00:00,travelpayouts,round_trip,prices_for_dates,3055
YTO,Toronto,BCN,Barcelona,2026-12-23 02:05:00+00:00,2027-01-03 17:05:00+00:00,S4,322,1022,USD,2,,2026-09-29 22:08:53.381067+00:00,travelpayouts,round_trip,prices_for_dates,4195
YTO,Toronto,BCN,Barcelona,2026-12-02 00:00:00+00:00,2027-01-13 00:00:00+00:00,,,390,USD,1,,2026-09-29 22:08:53.904284+00:00,travelpayouts,round_trip,latest,2520
YTO,Toronto,BCN,Barcelona,2026-12-03 00:00:00+00:00,2027-01-13 00:00:00+00:00,,,408,USD,1,,2026-09-29 22:08:53.904284+00:00,travelpayouts,round_trip,latest,3055
YTO,Toronto,BCN,Barcelona,2026-12-22 00:00:00+00:00,2027-01-03 00:00:00+00:00,,,1013,USD,2,,2026-09-29 22:08:53.904284+00:00,travelpayouts,round_trip,latest,4195
YTO,Toronto,MAD,Madrid,2026-09-29 00:00:00+00:00,,,,470,USD,2,,2026-09-29 22:08:54.462149+00:00,travelpayouts,one_way,month-matrix,2590
YTO,Toronto,MAD,Madrid,2026-09-30 01:40:00+00:00,,TS,308,470,USD,2,,2026-09-29 22:08:54.964132+00:00,travelpayouts,one_way,prices_for_dates,2590
YTO,Toronto,MAD,Madrid,2026-09-29 00:00:00+00:00,,,,466,USD,2,,2026-09-29 22:08:55.431469+00:00,travelpayouts,one_way,latest,2590
YTO,Toronto,MAD,Madrid,2026-10-10 00:00:00+00:00,,,,330,USD,3,,2026-09-29 22:08:59.665354+00:00,travelpayouts,one_way,month-matrix,1080
YTO,Toronto,MAD,Madrid,2026-10-11 00:00:00+00:00,,,,330,USD,0,,2026-09-29 22:08:59.665354+00:00,travelpayouts,one_way,month-matrix,0
YTO,Toronto,MAD,Madrid,2026-10-12 00:00:00+00:00,,,,330,USD,0,,2026-09-29 22:08:59.665354+00:00,travelpayouts,one_way,month-matrix,0
YTO,Toronto,MAD,Madrid,2026-10-13 00:00:00+00:00,,,,330,USD,0,,2026-09-29 22:08:59.665354+00:00,travelpayouts,one_way,month-matrix,0
YTO,Toronto,MAD,Madrid,2026-10-14 00:00:00+00:00,,,,330,USD,0,,2026-09-29 22:08:59.665354+00:00,travelpayouts,one_way,month-matrix,0
YTO,Toronto,MAD,Madrid,2026-10-15 00:00:00+00:00,,,,330,USD,0,,2026-09-29 22:08:59.665354+00:00,travelpayouts,one_way,month-matrix,0
YTO,Toronto,MAD,Madrid,2026-10-16 00:00:00+00:00,,,,330,USD,0,,2026-09-29 22:08:59.665354+00:00,travelpayouts,one_way,month-matrix,0
YTO,Toronto,MAD,Madrid,2026-10-17 00:00:00+00:00,,,,330,USD,0,,2026-09-29 22:08:59.665354+00:00,travelpayouts,one_way,month-matrix,0
YTO,Toronto,MAD,Madrid,2026-10-18 00:00:00+00:00,,,,330,USD,0,,2026-09-29 22:08:59.665354+00:00,travelpayouts,one_way,month-matrix,0
YTO,Toronto,MAD,Madrid,2026-10-19 00:00:00+00:00,,,,330,USD,1,,2026-09-29 22:08:59.665354+00:00,travelpayouts,one_way,month-matrix,645
YTO,Toronto,MAD,Madrid,2026-10-11 01:35:00+00:00,,WS,46,330,USD,3,,2026-09-29 22:09:00.189919+00:00,travelpayouts,one_way,prices_for_dates,1080
YTO,Toronto,MAD,Madrid,2026-10-19 23:55:00+00:00,,PD,2485,330,USD,1,,2026-09-29 22:09:00.189919+00:00,travelpayouts,one_way,prices_for_dates,645
YTO,Toronto,MAD,Madrid,2026-10-10 00:00:00+00:00,,,,327,USD,3,,2026-09-29 22:09:00.711599+00:00,travelpayouts,one_way,latest,1080
YTO,Toronto,MAD,Madrid,2026-10-11 00:00:00+00:00,,,,327,USD,0,,2026-09-29 22:09:00.711599+00:00,travelpayouts,one_way,latest,0
YTO,Toronto,MAD,Madrid,2026-10-12 00:00:00+00:00,,,,327,USD,0,,2026-09-29 22:09:00.711599+00:00,travelpayouts,one_way,latest,0
YTO,Toronto,MAD,Madrid,2026-10-13 00:00:00+00:00,,,,327,USD,0,,2026-09-29 22:09:00.711599+00:00,travelpayouts,one_way,latest,0
YTO,Toronto,MAD,Madrid,2026-10-14 00:00:00+00:00,,,,327,USD,0,,2026-09-29 22:09:00.711599+00:00,travelpayouts,one_way,latest,0
YTO,Toronto,MAD,Madrid,2026-10-15 00:00:00+00:00,,,,327,USD,0,,2026-09-29 22:09:00.711599+00:00,travelpayouts,one_way,latest,0
YTO,Toronto,MAD,Madrid,2026-10-16 00:00:00+00:00,,,,327,USD,0,,2026-09-29 22:09:00.711599+00:00,travelpayouts,one_way,latest,0
YTO,Toronto,MAD,Madrid,2026-10-17 00:00:00+00:00,,,,327,USD,0,,2026-09-29 22:09:00.711599+00:00,travelpayouts,one_way,latest,0
YTO,Toronto,MAD,Madrid,2026-10-18 00:00:00+00:00,,,,327,USD,0,,2026-09-29 22:09:00.711599+00:00,travelpayouts,one_way,latest,0
YTO,Toronto,MAD,Madrid,2026-10-19 00:00:00+00:00,,,,327,USD,1,,2026-09-29 22:09:00.711599+00:00,travelpayouts,one_way,latest,645
YTO,Toronto,MAD,Madrid,2026-10-31 20:15:00+00:00,2026-11-14 12:15:00+00:00,AA,5884,728,USD,1,,2026-09-29 22:09:02.287741+00:00,travelpayouts,round_trip,prices_for_dates,1570
YTO,Toronto,MAD,Madrid,2026-10-01 11:27:00+00:00,2026-10-05 14:20:00+00:00,AA,4542,736,USD,1,,2026-09-29 22:09:02.287741+00:00,travelpayouts,round_trip,prices_for_dates,2405
YTO,Toronto,MAD,Madrid,2026-10-31 00:00:00+00:00,2026-11-14 00:00:00+00:00,,,722,USD,1,,2026-09-29 22:09:02.833315+00:00,travelpayouts,round_trip,latest,1570
YTO,Toronto,MAD,Madrid,2026-10-01 00:00:00+00:00,2026-10-05 00:00:00+00:00,,,730,USD,1,,2026-09-29 22:09:02.833315+00:00,travelpayouts,round_trip,latest,2405
YTO,Toronto,MAD,Madrid,2026-11-23 00:00:00+00:00,,,,334,USD,1,,2026-09-29 22:09:03.350765+00:00,travelpayouts,one_way,month-matrix,745
YTO,Toronto,MAD,Madrid,2026-11-24 03:45:00+00:00,,TP,262,334,USD,1,,2026-09-29 22:09:03.863117+00:00,travelpayouts,one_way,prices_for_dates,745
YTO,Toronto,MAD,Madrid,2026-11-23 00:00:00+00:00,,,,331,USD,1,,2026-09-29 22:09:04.387746+00:00,travelpayouts,one_way,latest,745
YTO,Toronto,MAD,Madrid,2026-11-01 18:17:00+00:00,2026-11-15 15:20:00+00:00,AA,4369,733,USD,1,,2026-09-29 22:09:05.961650+00:00,travelpayouts,round_trip,prices_for_dates,2272
YTO,Toronto,MAD,Madrid,2026-11-01 00:00:00+00:00,2026-11-15 00:00:00+00:00,,,727,USD,1,,2026-09-29 22:09:06.437780+00:00,travelpayouts,round_trip,latest,2272
YTO,Toronto,MAD,Madrid,2026-12-01 22:30:00+00:00,,TP,258,633,USD,1,2026-09-29 23:09:08+00:00,2026-09-29 22:09:08.611133+00:00,travelpayouts,one_way,calendar,
YTO,Toronto,MAD,Madrid,2026-12-01 22:30:00+00:00,2026-12-13 06:40:00+00:00,TP,258,633,USD,1,,2026-09-29 22:09:10.108810+00:00,travelpayouts,round_trip,prices_for_dates,1475
YTO,Toronto,MAD,Madrid,2026-12-01 00:00:00+00:00,2026-12-13 00:00:00+00:00,,,628,USD,1,,2026-09-29 22:09:10.671294+00:00,travelpayouts,round_trip,latest,1475
YTO,Toronto,SFO,San Francisco,2026-10-04 00:00:00+00:00,,,,287,USD,0,,2026-09-29 22:09:17.493683+00:00,travelpayouts,one_way,month-matrix,0
YTO,Toronto,SFO,San Francisco,2026-10-05 00:00:00+00:00,,,,287,USD,0,,2026-09-29 22:09:17.493683+00:00,travelpayouts,one_way,month-matrix,0
YTO,Toronto,SFO,San Francisco,2026-10-08 00:00:00+00:00,,,,330,USD,0,,2026-09-29 22:09:17.493683+00:00,travelpayouts,one_way,month-matrix,338
YTO,Toronto,SFO,San Francisco,2026-10-08 10:30:00+00:00,,UA,565,330,USD,0,,2026-09-29 22:09:18.023153+00:00,travelpayouts,one_way,prices_for_dates,338
YTO,Toronto,SFO,San Francisco,2026-10-04 00:00:00+00:00,,,,284,USD,0,,2026-09-29 22:09:18.539740+00:00,travelpayouts,one_way,latest,0
YTO,Toronto,SFO,San Francisco,2026-10-05 00:00:00+00:00,,,,284,USD,0,,2026-09-29 22:09:18.539740+00:00,travelpayouts,one_way,latest,0
YTO,Toronto,SFO,San Francisco,2026-10-08 00:00:00+00:00,,,,327,USD,0,,2026-09-29 22:09:18.539740+00:00,travelpayouts,one_way,latest,338
YTO,Toronto,SFO,San Francisco,2026-10-04 20:30:00+00:00,2026-10-09 12:00:00+00:00,AC,7968,617,USD,1,,2026-09-29 22:09:20.121643+00:00,travelpayouts,round_trip,prices_for_dates,1414
YTO,Toronto,SFO,San Francisco,2026-10-04 00:00:00+00:00,2026-10-09 00:00:00+00:00,,,612,USD,1,,2026-09-29 22:09:20.638949+00:00,travelpayouts,round_trip,latest,1414
YTO,Toronto,SFO,San Francisco,2026-11-14 14:50:00+00:00,,PD,671,316,USD,0,2026-09-29 23:09:22+00:00,2026-09-29 22:09:22.732225+00:00,travelpayouts,one_way,calendar,
YTO,Toronto,SFO,San Francisco,2026-11-14 14:50:00+00:00,2026-11-17 21:45:00+00:00,PD,671,316,USD,0,,2026-09-29 22:09:24.307984+00:00,travelpayouts,round_trip,prices_for_dates,649
YTO,Toronto,SFO,San Francisco,2026-11-14 00:00:00+00:00,2026-11-17 00:00:00+00:00,,,314,USD,0,,2026-09-29 22:09:24.831425+00:00,travelpayouts,round_trip,latest,649
YTO,Toronto,HKG,Hong Kong,2026-10-16 00:00:00+00:00,,,,517,USD,2,,2026-09-29 22:10:13.029540+00:00,travelpayouts,one_way,month-matrix,2365
YTO,Toronto,HKG,Hong Kong,2026-10-17 00:00:00+00:00,,,,519,USD,0,,2026-09-29 22:10:13.029540+00:00,travelpayouts,one_way,month-matrix,0
YTO,Toronto,HKG,Hong Kong,2026-10-18 00:00:00+00:00,,,,519,USD,0,,2026-09-29 22:10:13.029540+00:00,travelpayouts,one_way,month-matrix,0
YTO,Toronto,HKG,Hong Kong,2026-10-19 00:00:00+00:00,,,,519,USD,0,,2026-09-29 22:10:13.029540+00:00,travelpayouts,one_way,month-matrix,0
YTO,Toronto,HKG,Hong Kong,2026-10-20 00:00:00+00:00,,,,519,USD,0,,2026-09-29 22:10:13.029540+00:00,travelpayouts,one_way,month-matrix,0
YTO,Toronto,HKG,Hong Kong,2026-10-21 00:00:00+00:00,,,,519,USD,0,,2026-09-29 22:10:13.029540+00:00,travelpayouts,one_way,month-matrix,0
YTO,Toronto,HKG,Hong Kong,2026-10-22 00:00:00+00:00,,,,519,USD,0,,2026-09-29 22:10:13.029540+00:00,travelpayouts,one_way,month-matrix,0
YTO,Toronto,HKG,Hong Kong,2026-10-23 00:00:00+00:00,,,,520,USD,2,,2026-09-29 22:10:13.029540+00:00,travelpayouts,one_way,month-matrix,1925
YTO,Toronto,HKG,Hong Kong,2026-10-07 00:00:00+00:00,,,,539,USD,2,,2026-09-29 22:10:13.029540+00:00,travelpayouts,one_way,month-matrix,1790
YTO,Toronto,HKG,Hong Kong,2026-10-03 00:00:00+00:00,,,,587,USD,2,,2026-09-29 22:10:13.029540+00:00,travelpayouts,one_way,month-matrix,2340
YTO,Toronto,HKG,Hong Kong,2026-10-08 00:00:00+00:00,,,,668,USD,0,,2026-09-29 22:10:13.029540+00:00,travelpayouts,one_way,month-matrix,0
YTO,Toronto,HKG,Hong Kong,2026-10-09 00:00:00+00:00,,,,668,USD,0,,2026-09-29 22:10:13.029540+00:00,travelpayouts,one_way,month-matrix,0
YTO,Toronto,HKG,Hong Kong,2026-10-10 00:00:00+00:00,,,,668,USD,0,,2026-09-29 22:10:13.029540+00:00,travelpayouts,one_way,month-matrix,0
YTO,Toronto,HKG,Hong Kong,2026-10-11 00:00:00+00:00,,,,668,USD,0,,2026-09-29 22:10:13.029540+00:00,travelpayouts,one_way,month-matrix,0
YTO,Toronto,HKG,Hong Kong,2026-10-15 00:00:00+00:00,,,,689,USD,2,,2026-09-29 22:10:13.029540+00:00,travelpayouts,one_way,month-matrix,1475
YTO,Toronto,HKG,Hong Kong,2026-10-14 00:00:00+00:00,,,,700,USD,0,,2026-09-29 22:10:13.029540+00:00,travelpayouts,one_way,month-matrix,0
YTO,Toronto,HKG,Hong Kong,2026-10-06 00:00:00+00:00,,,,702,USD,0,,2026-09-29 22:10:13.029540+00:00,travelpayouts,one_way,month-matrix,0
YTO,Toronto,HKG,Hong Kong,2026-10-13 00:00:00+00:00,,,,711,USD,2,,2026-09-29 22:10:13.029540+00:00,travelpayouts,one_way,month-matrix,1675
YTO,Toronto,HKG,Hong Kong,2026-10-04 00:00:00+00:00,,,,726,USD,0,,2026-09-29 22:10:13.029540+00:00,travelpayouts,one_way,month-matrix,0
YTO,Toronto,HKG,Hong Kong,2026-10-12 00:00:00+00:00,,,,796,USD,3,,2026-09-29 22:10:13.029540+00:00,travelpayouts,one_way,month-matrix,2405
YTO,Toronto,HKG,Hong Kong,2026-10-05 00:00:00+00:00,,,,865,USD,2,,2026-09-29 22:10:13.029540+00:00,travelpayouts,one_way,month-matrix,1675
YTO,Toronto,HKG,Hong Kong,2026-10-16 22:35:00+00:00,,WS,729,517,USD,2,,2026-09-29 22:10:13.554820+00:00,travelpayouts,one_way,prices_for_dates,2365
YTO,Toronto,HKG,Hong Kong,2026-10-23 20:15:00+00:00,,WS,3035,520,USD,2,,2026-09-29 22:10:13.554820+00:00,travelpayouts,one_way,prices_for_dates,1925
YTO,Toronto,HKG,Hong Kong,2026-10-07 20:15:00+00:00,,WS,719,539,USD,2,,2026-09-29 22:10:13.554820+00:00,travelpayouts,one_way,prices_for_dates,1790
YTO,Toronto,HKG,Hong Kong,2026-10-04 01:35:00+00:00,,WS,46,587,USD,2,,2026-09-29 22:10:13.554820+00:00,travelpayouts,one_way,prices_for_dates,2340
YTO,Toronto,HKG,Hong Kong,2026-10-15 12:10:00+00:00,,AC,739,689,USD,2,,2026-09-29 22:10:13.554820+00:00,travelpayouts,one_way,prices_for_dates,1475
YTO,Toronto,HKG,Hong Kong,2026-10-13 20:55:00+00:00,,AS,391,711,USD,2,,2026-09-29 22:10:13.554820+00:00,travelpayouts,one_way,prices_for_dates,1675
YTO,Toronto,HKG,Hong Kong,2026-10-12 10:00:00+00:00,,WS,627,796,USD,3,,2026-09-29 22:10:13.554820+00:00,travelpayouts,one_way,prices_for_dates,2405
YTO,Toronto,HKG,Hong Kong,2026-10-05 20:55:00+00:00,,AS,391,865,USD,2,,2026-09-29 22:10:13.554820+00:00,travelpayouts,one_way,prices_for_dates,1675
YTO,Toronto,HKG,Hong Kong,2026-10-16 00:00:00+00:00,,,,513,USD,2,,2026-09-29 22:10:14.086297+00:00,travelpayouts,one_way,latest,2365
YTO,Toronto,HKG,Hong Kong,2026-10-17 00:00:00+00:00,,,,514,USD,0,,2026-09-29 22:10:14.086297+00:00,travelpayouts,one_way,latest,0
YTO,Toronto,HKG,Hong Kong,2026-10-18 00:00:00+00:00,,,,514,USD,0,,2026-09-29 22:10:14.086297+00:00,travelpayouts,one_way,latest,0
YTO,Toronto,HKG,Hong Kong,2026-10-19 00:00:00+00:00,,,,514,USD,0,,2026-09-29 22:10:14.086297+00:00,travelpayouts,one_way,latest,0
YTO,Toronto,HKG,Hong Kong,2026-10-20 00:00:00+00:00,,,,514,USD,0,,2026-09-29 22:10:14.086297+00:00,travelpayouts,one_way,latest,0
YTO,Toronto,HKG,Hong Kong,2026-10-21 00:00:00+00:00,,,,514,USD,0,,2026-09-29 22:10:14.086297+00:00,travelpayouts,one_way,latest,0
YTO,Toronto,HKG,Hong Kong,2026-10-22 00:00:00+00:00,,,,514,USD,0,,2026-09-29 22:10:14.086297+00:00,travelpayouts,one_way,latest,0
YTO,Toronto,HKG,Hong Kong,2026-10-23 00:00:00+00:00,,,,515,USD,2,,2026-09-29 22:10:14.086297+00:00,travelpayouts,one_way,latest,1925
YTO,Toronto,HKG,Hong Kong,2026-10-07 00:00:00+00:00,,,,535,USD,2,,2026-09-29 22:10:14.086297+00:00,travelpayouts,one_way,latest,1790
YTO,Toronto,HKG,Hong Kong,2026-10-03 00:00:00+00:00,,,,582,USD,2,,2026-09-29 22:10:14.086297+00:00,travelpayouts,one_way,latest,2340
YTO,Toronto,HKG,Hong Kong,2026-10-08 00:00:00+00:00,,,,662,USD,0,,2026-09-29 22:10:14.086297+00:00,travelpayouts,one_way,latest,0
YTO,Toronto,HKG,Hong Kong,2026-10-09 00:00:00+00:00,,,,662,USD,0,,2026-09-29 22:10:14.086297+00:00,travelpayouts,one_way,latest,0
YTO,Toronto,HKG,Hong Kong,2026-10-10 00:00:00+00:00,,,,662,USD,0,,2026-09-29 22:10:14.086297+00:00,travelpayouts,one_way,latest,0
YTO,Toronto,HKG,Hong Kong,2026-10-11 00:00:00+00:00,,,,662,USD,0,,2026-09-29 22:10:14.086297+00:00,travelpayouts,one_way,latest,0
YTO,Toronto,HKG,Hong Kong,2026-10-15 00:00:00+00:00,,,,684,USD,2,,2026-09-29 22:10:14.086297+00:00,travelpayouts,one_way,latest,1475
YTO,Toronto,HKG,Hong Kong,2026-10-14 00:00:00+00:00,,,,694,USD,0,,2026-09-29 22:10:14.086297+00:00,travelpayouts,one_way,latest,0
YTO,Toronto,HKG,Hong Kong,2026-10-06 00:00:00+00:00,,,,696,USD,0,,2026-09-29 22:10:14.086297+00:00,travelpayouts,one_way,latest,0
YTO,Toronto,HKG,Hong Kong,2026-10-13 00:00:00+00:00,,,,705,USD,2,,2026-09-29 22:10:14.086297+00:00,travelpayouts,one_way,latest,1675
YTO,Toronto,HKG,Hong Kong,2026-10-04 00:00:00+00:00,,,,720,USD,0,,2026-09-29 22:10:14.086297+00:00,travelpayouts,one_way,latest,0
YTO,Toronto,HKG,Hong Kong,2026-10-12 00:00:00+00:00,,,,789,USD,3,,2026-09-29 22:10:14.086297+00:00,travelpayouts,one_way,latest,2405
YTO,Toronto,HKG,Hong Kong,2026-10-05 00:00:00+00:00,,,,857,USD,2,,2026-09-29 22:10:14.086297+00:00,travelpayouts,one_way,latest,1675
YTO,Toronto,HKG,Hong Kong,2026-10-15 20:15:00+00:00,2026-10-27 14:55:00+00:00,WS,3035,858,USD,2,,2026-09-29 22:10:15.692694+00:00,travelpayouts,round_trip,prices_for_dates,4370
YTO,Toronto,HKG,Hong Kong,2026-10-29 20:15:00+00:00,2026-11-01 14:55:00+00:00,WS,729,876,USD,2,,2026-09-29 22:10:15.692694+00:00,travelpayouts,round_trip,prices_for_dates,4420
YTO,Toronto,HKG,Hong Kong,2026-10-05 20:15:00+00:00,2026-10-30 05:30:00+00:00,WS,3035,878,USD,2,,2026-09-29 22:10:15.692694+00:00,travelpayouts,round_trip,prices_for_dates,3080
YTO,Toronto,HKG,Hong Kong,2026-10-16 20:15:00+00:00,2026-10-22 15:15:00+00:00,WS,3035,878,USD,2,,2026-09-29 22:10:15.692694+00:00,travelpayouts,round_trip,prices_for_dates,4360
YTO,Toronto,HKG,Hong Kong,2026-10-13 20:55:00+00:00,2026-10-21 14:55:00+00:00,AS,391,1161,USD,2,,2026-09-29 22:10:15.692694+00:00,travelpayouts,round_trip,prices_for_dates,2830
YTO,Toronto,HKG,Hong Kong,2026-10-08 05:40:00+00:00,2026-10-27 14:55:00+00:00,PR,119,1288,USD,1,,2026-09-29 22:10:15.692694+00:00,travelpayouts,round_trip,prices_for_dates,3805
YTO,Toronto,HKG,Hong Kong,2026-10-10 20:55:00+00:00,2026-10-27 15:00:00+00:00,AS,391,1315,USD,2,,2026-09-29 22:10:15.692694+00:00,travelpayouts,round_trip,prices_for_dates,2860
YTO,Toronto,HKG,Hong Kong,2026-10-10 20:55:00+00:00,2026-10-29 15:00:00+00:00,AS,391,1315,USD,2,,2026-09-29 22:10:15.692694+00:00,travelpayouts,round_trip,prices_for_dates,2860
YTO,Toronto,HKG,Hong Kong,2026-10-10 20:55:00+00:00,2026-10-22 11:40:00+00:00,AS,391,1415,USD,2,,2026-09-29 22:10:15.692694+00:00,travelpayouts,round_trip,prices_for_dates,3025
YTO,Toronto,HKG,Hong Kong,2026-10-15 00:00:00+00:00,2026-10-27 00:00:00+00:00,,,851,USD,2,,2026-09-29 22:10:16.227303+00:00,travelpayouts,round_trip,latest,4370
YTO,Toronto,HKG,Hong Kong,2026-10-29 00:00:00+00:00,2026-11-01 00:00:00+00:00,,,869,USD,2,,2026-09-29 22:10:16.227303+00:00,travelpayouts,round_trip,latest,4420
YTO,Toronto,HKG,Hong Kong,2026-10-05 00:00:00+00:00,2026-10-30 00:00:00+00:00,,,870,USD,2,,2026-09-29 22:10:16.227303+00:00,travelpayouts,round_trip,latest,3080
YTO,Toronto,HKG,Hong Kong,2026-10-16 00:00:00+00:00,2026-10-22 00:00:00+00:00,,,870,USD,2,,2026-09-29 22:10:16.227303+00:00,travelpayouts,round_trip,latest,4360
YTO,Toronto,HKG,Hong Kong,2026-10-13 00:00:00+00:00,2026-10-21 00:00:00+00:00,,,1151,USD,2,,2026-09-29 22:10:16.227303+00:00,travelpayouts,round_trip,latest,2830
YTO,Toronto,HKG,Hong Kong,2026-10-08 00:00:00+00:00,2026-10-27 00:00:00+00:00,,,1277,USD,1,,2026-09-29 22:10:16.227303+00:00,travelpayouts,round_trip,latest,3805
YTO,Toronto,HKG,Hong Kong,2026-10-10 00:00:00+00:00,2026-10-27 00:00:00+00:00,,,1304,USD,2,,2026-09-29 22:10:16.227303+00:00,travelpayouts,round_trip,latest,2860
YTO,Toronto,HKG,Hong Kong,2026-10-10 00:00:00+00:00,2026-10-28 00:00:00+00:00,,,1304,USD,0,,2026-09-29 22:10:16.227303+00:00,travelpayouts,round_trip,latest,0
YTO,Toronto,HKG,Hong Kong,2026-10-10 00:00:00+00:00,2026-10-29 00:00:00+00:00,,,1304,USD,2,,2026-09-29 22:10:16.227303+00:00,travelpayouts,round_trip,latest,2860
YTO,Toronto,HKG,Hong Kong,2026-10-10 00:00:00+00:00,2026-10-23 00:00:00+00:00,,,1353,USD,0,,2026-09-29 22:10:16.227303+00:00,travelpayouts,round_trip,latest,0
YTO,Toronto,HKG,Hong Kong,2026-10-10 00:00:00+00:00,2026-10-24 00:00:00+00:00,,,1353,USD,0,,2026-09-29 22:10:16.227303+00:00,travelpayouts,round_trip,latest,0
YTO,Toronto,HKG,Hong Kong,2026-10-10 00:00:00+00:00,2026-10-25 00:00:00+00:00,,,1353,USD,0,,2026-09-29 22:10:16.227303+00:00,travelpayouts,round_trip,latest,0
YTO,Toronto,HKG,Hong Kong,2026-10-10 00:00:00+00:00,2026-10-26 00:00:00+00:00,,,1353,USD,0,,2026-09-29 22:10:16.227303+00:00,travelpayouts,round_trip,latest,0
YTO,Toronto,HKG,Hong Kong,2026-10-10 00:00:00+00:00,2026-10-22 00:00:00+00:00,,,1403,USD,2,,2026-09-29 22:10:16.227303+00:00,travelpayouts,round_trip,latest,3025
YTO,Toronto,HKG,Hong Kong,2026-11-02 03:20:00+00:00,,WS,737,1115,USD,1,2026-09-29 23:10:17+00:00,2026-09-29 22:10:18.304340+00:00,travelpayouts,one_way,calendar,
YTO,Toronto,HKG,Hong Kong,2026-11-02 03:20:00+00:00,2026-11-30 15:00:00+00:00,WS,737,1115,USD,1,,2026-09-29 22:10:19.854924+00:00,travelpayouts,round_trip,prices_for_dates,4385
YTO,Toronto,HKG,Hong Kong,2026-11-01 00:00:00+00:00,2026-11-30 00:00:00+00:00,,,1105,USD,1,,2026-09-29 22:10:20.416344+00:00,travelpayouts,round_trip,latest,4385
YTO,Toronto,HKG,Hong Kong,2026-12-25 00:00:00+00:00,,,,515,USD,2,,2026-09-29 22:10:20.912951+00:00,travelpayouts,one_way,month-matrix,2075
YTO,Toronto,HKG,Hong Kong,2026-12-28 00:00:00+00:00,,,,516,USD,2,,2026-09-29 22:10:20.912951+00:00,travelpayouts,one_way,month-matrix,2195
YTO,Toronto,HKG,Hong Kong,2026-12-27 00:00:00+00:00,,,,529,USD,2,,2026-09-29 22:10:20.912951+00:00,travelpayouts,one_way,month-matrix,1730
YTO,Toronto,HKG,Hong Kong,2026-12-29 00:00:00+00:00,,,,529,USD,2,,2026-09-29 22:10:20.912951+00:00,travelpayouts,one_way,month-matrix,1730
YTO,Toronto,HKG,Hong Kong,2026-12-26 00:00:00+00:00,,,,540,USD,2,,2026-09-29 22:10:20.912951+00:00,travelpayouts,one_way,month-matrix,1865
YTO,Toronto,HKG,Hong Kong,2026-12-30 00:00:00+00:00,,,,620,USD,1,,2026-09-29 22:10:20.912951+00:00,travelpayouts,one_way,month-matrix,1825
YTO,Toronto,HKG,Hong Kong,2026-12-24 00:00:00+00:00,,,,845,USD,3,,2026-09-29 22:10:20.912951+00:00,travelpayouts,one_way,month-matrix,2285
YTO,Toronto,HKG,Hong Kong,2026-12-26 03:20:00+00:00,,WS,3039,515,USD,2,,2026-09-29 22:10:21.464478+00:00,travelpayouts,one_way,prices_for_dates,2075
YTO,Toronto,HKG,Hong Kong,2026-12-28 21:15:00+00:00,,WS,729,516,USD,2,,2026-09-29 22:10:21.464478+00:00,travelpayouts,one_way,prices_for_dates,2195
YTO,Toronto,HKG,Hong Kong,2026-12-27 21:15:00+00:00,,WS,713,529,USD,2,,2026-09-29 22:10:21.464478+00:00,travelpayouts,one_way,prices_for_dates,1730
YTO,Toronto,HKG,Hong Kong,2026-12-29 21:15:00+00:00,,WS,713,529,USD,2,,2026-09-29 22:10:21.464478+00:00,travelpayouts,one_way,prices_for_dates,1730
YTO,Toronto,HKG,Hong Kong,2026-12-26 21:15:00+00:00,,WS,713,540,USD,2,,2026-09-29 22:10:21.464478+00:00,travelpayouts,one_way,prices_for_dates,1865
YTO,Toronto,HKG,Hong Kong,2026-12-30 20:25:00+00:00,,MU,208,620,USD,1,,2026-09-29 22:10:21.464478+00:00,travelpayouts,one_way,prices_for_dates,1825
YTO,Toronto,HKG,Hong Kong,2026-12-24 21:10:00+00:00,,UA,1810,845,USD,3,,2026-09-29 22:10:21.464478+00:00,travelpayouts,one_way,prices_for_dates,2285
YTO,Toronto,HKG,Hong Kong,2026-12-25 00:00:00+00:00,,,,511,USD,2,,2026-09-29 22:10:22.014233+00:00,travelpayouts,one_way,latest,2075
YTO,Toronto,HKG,Hong Kong,2026-12-28 00:00:00+00:00,,,,512,USD,2,,2026-09-29 22:10:22.014233+00:00,travelpayouts,one_way,latest,2195
YTO,Toronto,HKG,Hong Kong,2026-12-27 00:00:00+00:00,,,,525,USD,2,,2026-09-29 22:10:22.014233+00:00,travelpayouts,one_way,latest,1730
YTO,Toronto,HKG,Hong Kong,2026-12-29 00:00:00+00:00,,,,525,USD,2,,2026-09-29 22:10:22.014233+00:00,travelpayouts,one_way,latest,1730
YTO,Toronto,HKG,Hong Kong,2026-12-26 00:00:00+00:00,,,,536,USD,2,,2026-09-29 22:10:22.014233+00:00,travelpayouts,one_way,latest,1865
YTO,Toronto,HKG,Hong Kong,2026-12-30 00:00:00+00:00,,,,615,USD,1,,2026-09-29 22:10:22.014233+00:00,travelpayouts,one_way,latest,1825
YTO,Toronto,HKG,Hong Kong,2026-12-24 00:00:00+00:00,,,,838,USD,3,,2026-09-29 22:10:22.014233+00:00,travelpayouts,one_way,latest,2285
YTO,Toronto,HKG,Hong Kong,2026-12-10 05:30:00+00:00,2027-01-06 05:30:00+00:00,PR,119,813,USD,1,,2026-09-29 22:10:23.536142+00:00,travelpayouts,round_trip,prices_for_dates,4565
YTO,Toronto,HKG,Hong Kong,2026-12-24 21:15:00+00:00,2027-01-06 05:30:00+00:00,WS,729,887,USD,2,,2026-09-29 22:10:23.536142+00:00,travelpayouts,round_trip,prices_for_dates,4925
YTO,Toronto,HKG,Hong Kong,2026-12-24 03:20:00+00:00,2027-01-06 03:25:00+00:00,WS,3039,954,USD,2,,2026-09-29 22:10:23.536142+00:00,travelpayouts,round_trip,prices_for_dates,4585
YTO,Toronto,HKG,Hong Kong,2026-12-10 05:30:00+00:00,2027-01-07 15:00:00+00:00,PR,119,1348,USD,1,,2026-09-29 22:10:23.536142+00:00,travelpayouts,round_trip,prices_for_dates,3900
YTO,Toronto,HKG,Hong Kong,2026-12-24 05:30:00+00:00,2027-01-07 14:55:00+00:00,PR,119,1610,USD,1,,2026-09-29 22:10:23.536142+00:00,travelpayouts,round_trip,prices_for_dates,3865
YTO,Toronto,HKG,Hong Kong,2026-12-24 05:30:00+00:00,2027-01-03 05:30:00+00:00,PR,119,1675,USD,1,,2026-09-29 22:10:23.536142+00:00,travelpayouts,round_trip,prices_for_dates,2990
YTO,Toronto,HKG,Hong Kong,2026-12-24 11:10:00+00:00,2027-01-04 04:35:00+00:00,AA,1169,1792,USD,2,,2026-09-29 22:10:23.536142+00:00,travelpayouts,round_trip,prices_for_dates,3490
YTO,Toronto,HKG,Hong Kong,2026-12-10 00:00:00+00:00,2027-01-06 00:00:00+00:00,,,806,USD,2,,2026-09-29 22:10:24.047853+00:00,travelpayouts,round_trip,latest,4565
YTO,Toronto,HKG,Hong Kong,2026-12-24 00:00:00+00:00,2027-01-06 00:00:00+00:00,,,879,USD,2,,2026-09-29 22:10:24.047853+00:00,travelpayouts,round_trip,latest,4925
YTO,Toronto,HKG,Hong Kong,2026-12-23 00:00:00+00:00,2027-01-06 00:00:00+00:00,,,946,USD,2,,2026-09-29 22:10:24.047853+00:00,travelpayouts,round_trip,latest,4585
YTO,Toronto,HKG,Hong Kong,2026-12-24 00:00:00+00:00,2027-01-05 00:00:00+00:00,,,1328,USD,0,,2026-09-29 22:10:24.047853+00:00,travelpayouts,round_trip,latest,0
YTO,Toronto,HKG,Hong Kong,2026-12-10 00:00:00+00:00,2027-01-07 00:00:00+00:00,,,1336,USD,1,,2026-09-29 22:10:24.047853+00:00,travelpayouts,round_trip,latest,3900
YTO,Toronto,HKG,Hong Kong,2026-12-24 00:00:00+00:00,2027-01-07 00:00:00+00:00,,,1597,USD,1,,2026-09-29 22:10:24.047853+00:00,travelpayouts,round_trip,latest,3865
YTO,Toronto,HKG,Hong Kong,2026-12-24 00:00:00+00:00,2027-01-03 00:00:00+00:00,,,1661,USD,2,,2026-09-29 22:10:24.047853+00:00,travelpayouts,round_trip,latest,2990
YTO,Toronto,HKG,Hong Kong,2026-12-24 00:00:00+00:00,2027-01-04 00:00:00+00:00,,,1777,USD,2,,2026-09-29 22:10:24.047853+00:00,travelpayouts,round_trip,latest,3490
YTO,Toronto,SIN,Singapore,2026-10-12 00:00:00+00:00,,,,372,USD,1,,2026-09-29 22:10:30.864891+00:00,travelpayouts,one_way,month-matrix,1415
YTO,Toronto,SIN,Singapore,2026-10-08 00:00:00+00:00,,,,544,USD,2,,2026-09-29 22:10:30.864891+00:00,travelpayouts,one_way,month-matrix,2460
YTO,Toronto,SIN,Singapore,2026-10-23 00:00:00+00:00,,,,612,USD,2,,2026-09-29 22:10:30.864891+00:00,travelpayouts,one_way,month-matrix,2060
YTO,Toronto,SIN,Singapore,2026-10-13 00:00:00+00:00,,,,715,USD,2,,2026-09-29 22:10:30.864891+00:00,travelpayouts,one_way,month-matrix,2015
YTO,Toronto,SIN,Singapore,2026-10-12 04:35:00+00:00,,AI,190,372,USD,1,,2026-09-29 22:10:31.389173+00:00,travelpayouts,one_way,prices_for_dates,1415
YTO,Toronto,SIN,Singapore,2026-10-08 22:35:00+00:00,,WS,729,544,USD,2,,2026-09-29 22:10:31.389173+00:00,travelpayouts,one_way,prices_for_dates,2460
YTO,Toronto,SIN,Singapore,2026-10-23 15:20:00+00:00,,PD,2129,612,USD,2,,2026-09-29 22:10:31.389173+00:00,travelpayouts,one_way,prices_for_dates,2060
YTO,Toronto,SIN,Singapore,2026-10-14 01:00:00+00:00,,UA,5874,715,USD,2,,2026-09-29 22:10:31.389173+00:00,travelpayouts,one_way,prices_for_dates,2015
YTO,Toronto,SIN,Singapore,2026-10-12 00:00:00+00:00,,,,368,USD,1,,2026-09-29 22:10:31.921607+00:00,travelpayouts,one_way,latest,1415
YTO,Toronto,SIN,Singapore,2026-10-08 00:00:00+00:00,,,,540,USD,2,,2026-09-29 22:10:31.921607+00:00,travelpayouts,one_way,latest,2460
YTO,Toronto,SIN,Singapore,2026-10-23 00:00:00+00:00,,,,607,USD,2,,2026-09-29 22:10:31.921607+00:00,travelpayouts,one_way,latest,2060
YTO,Toronto,SIN,Singapore,2026-10-13 00:00:00+00:00,,,,709,USD,2,,2026-09-29 22:10:31.921607+00:00,travelpayouts,one_way,latest,2015
YTO,Toronto,SIN,Singapore,2026-10-14 01:00:00+00:00,2026-10-19 12:35:00+00:00,UA,5874,1178,USD,2,,2026-09-29 22:10:33.483418+00:00,travelpayouts,round_trip,prices_for_dates,3360
YTO,Toronto,SIN,Singapore,2026-10-13 00:00:00+00:00,2026-10-19 00:00:00+00:00,,,1168,USD,2,,2026-09-29 22:10:34.049741+00:00,travelpayouts,round_trip,latest,3360
YTO,Toronto,SIN,Singapore,2026-12-25 21:15:00+00:00,,PR,3037,956,USD,2,2026-09-29 23:10:42+00:00,2026-09-29 22:10:42.471505+00:00,travelpayouts,one_way,calendar,
YTO,Toronto,SIN,Singapore,2026-12-26 03:20:00+00:00,2027-01-02 06:20:00+00:00,PR,3039,956,USD,2,,2026-09-29 22:10:43.999149+00:00,travelpayouts,round_trip,prices_for_dates,3890
YTO,Toronto,SIN,Singapore,2026-12-25 00:00:00+00:00,2027-01-02 00:00:00+00:00,,,948,USD,2,,2026-09-29 22:10:44.499389+00:00,travelpayouts,round_trip,latest,3890
YTO,Toronto,DEL,New Delhi,2026-09-30 00:00:00+00:00,,,,599,USD,2,,2026-09-29 22:10:45.061013+00:00,travelpayouts,one_way,month-matrix,2550
YTO,Toronto,DEL,New Delhi,2026-09-29 00:00:00+00:00,,,,676,USD,2,,2026-09-29 22:10:45.061013+00:00,travelpayouts,one_way,month-matrix,2400
YTO,Toronto,DEL,New Delhi,2026-09-30 19:20:00+00:00,,PD,605,599,USD,2,,2026-09-29 22:10:45.544407+00:00,travelpayouts,one_way,prices_for_dates,2550
YTO,Toronto,DEL,New Delhi,2026-09-29 23:25:00+00:00,,AA,4438,676,USD,2,,2026-09-29 22:10:45.544407+00:00,travelpayouts,one_way,prices_for_dates,2400
YTO,Toronto,DEL,New Delhi,2026-09-30 00:00:00+00:00,,,,594,USD,2,,2026-09-29 22:10:46.105062+00:00,travelpayouts,one_way,latest,2550
YTO,Toronto,DEL,New Delhi,2026-09-29 00:00:00+00:00,,,,752,USD,3,,2026-09-29 22:10:46.105062+00:00,travelpayouts,one_way,latest,2720
YTO,Toronto,DEL,New Delhi,2026-10-15 00:00:00+00:00,,,,549,USD,3,,2026-09-29 22:10:50.264034+00:00,travelpayouts,one_way,month-matrix,3340
YTO,Toronto,DEL,New Delhi,2026-10-07 00:00:00+00:00,,,,562,USD,2,,2026-09-29 22:10:50.264034+00:00,travelpayouts,one_way,month-matrix,1689
YTO,Toronto,DEL,New Delhi,2026-10-11 00:00:00+00:00,,,,579,USD,0,,2026-09-29 22:10:50.264034+00:00,travelpayouts,one_way,month-matrix,0
YTO,Toronto,DEL,New Delhi,2026-10-12 00:00:00+00:00,,,,579,USD,0,,2026-09-29 22:10:50.264034+00:00,travelpayouts,one_way,month-matrix,0
YTO,Toronto,DEL,New Delhi,2026-10-13 00:00:00+00:00,,,,579,USD,0,,2026-09-29 22:10:50.264034+00:00,travelpayouts,one_way,month-matrix,0
YTO,Toronto,DEL,New Delhi,2026-10-14 00:00:00+00:00,,,,579,USD,0,,2026-09-29 22:10:50.264034+00:00,travelpayouts,one_way,month-matrix,0
YTO,Toronto,DEL,New Delhi,2026-10-08 00:00:00+00:00,,,,586,USD,0,,2026-09-29 22:10:50.264034+00:00,travelpayouts,one_way,month-matrix,0
YTO,Toronto,DEL,New Delhi,2026-10-09 00:00:00+00:00,,,,586,USD,0,,2026-09-29 22:10:50.264034+00:00,travelpayouts,one_way,month-matrix,0
YTO,Toronto,DEL,New Delhi,2026-10-02 00:00:00+00:00,,,,608,USD,0,,2026-09-29 22:10:50.264034+00:00,travelpayouts,one_way,month-matrix,0
YTO,Toronto,DEL,New Delhi,2026-10-03 00:00:00+00:00,,,,608,USD,0,,2026-09-29 22:10:50.264034+00:00,travelpayouts,one_way,month-matrix,0
YTO,Toronto,DEL,New Delhi,2026-10-04 00:00:00+00:00,,,,608,USD,0,,2026-09-29 22:10:50.264034+00:00,travelpayouts,one_way,month-matrix,0
YTO,Toronto,DEL,New Delhi,2026-10-05 00:00:00+00:00,,,,608,USD,0,,2026-09-29 22:10:50.264034+00:00,travelpayouts,one_way,month-matrix,0
YTO,Toronto,DEL,New Delhi,2026-10-06 00:00:00+00:00,,,,608,USD,0,,2026-09-29 22:10:50.264034+00:00,travelpayouts,one_way,month-matrix,0
YTO,Toronto,DEL,New Delhi,2026-10-10 00:00:00+00:00,,,,609,USD,3,,2026-09-29 22:10:50.264034+00:00,travelpayouts,one_way,month-matrix,2875
YTO,Toronto,DEL,New Delhi,2026-10-01 00:00:00+00:00,,,,654,USD,2,,2026-09-29 22:10:50.264034+00:00,travelpayouts,one_way,month-matrix,2475
YTO,Toronto,DEL,New Delhi,2026-10-15 14:00:00+00:00,,P3,2463,549,USD,3,,2026-09-29 22:10:50.789659+00:00,travelpayouts,one_way,prices_for_dates,3340
YTO,Toronto,DEL,New Delhi,2026-10-07 11:16:00+00:00,,AA,4542,562,USD,2,,2026-09-29 22:10:50.789659+00:00,travelpayouts,one_way,prices_for_dates,1689
YTO,Toronto,DEL,New Delhi,2026-10-11 03:55:00+00:00,,TS,230,609,USD,3,,2026-09-29 22:10:50.789659+00:00,travelpayouts,one_way,prices_for_dates,2875
YTO,Toronto,DEL,New Delhi,2026-10-01 20:35:00+00:00,,AC,716,654,USD,2,,2026-09-29 22:10:50.789659+00:00,travelpayouts,one_way,prices_for_dates,2475
YTO,Toronto,DEL,New Delhi,2026-10-15 00:00:00+00:00,,,,544,USD,3,,2026-09-29 22:10:51.311558+00:00,travelpayouts,one_way,latest,3340
YTO,Toronto,DEL,New Delhi,2026-10-07 00:00:00+00:00,,,,558,USD,2,,2026-09-29 22:10:51.311558+00:00,travelpayouts,one_way,latest,1689
YTO,Toronto,DEL,New Delhi,2026-10-11 00:00:00+00:00,,,,574,USD,0,,2026-09-29 22:10:51.311558+00:00,travelpayouts,one_way,latest,0
YTO,Toronto,DEL,New Delhi,2026-10-12 00:00:00+00:00,,,,574,USD,0,,2026-09-29 22:10:51.311558+00:00,travelpayouts,one_way,latest,0
YTO,Toronto,DEL,New Delhi,2026-10-13 00:00:00+00:00,,,,574,USD,0,,2026-09-29 22:10:51.311558+00:00,travelpayouts,one_way,latest,0
YTO,Toronto,DEL,New Delhi,2026-10-14 00:00:00+00:00,,,,574,USD,0,,2026-09-29 22:10:51.311558+00:00,travelpayouts,one_way,latest,0
YTO,Toronto,DEL,New Delhi,2026-10-08 00:00:00+00:00,,,,581,USD,0,,2026-09-29 22:10:51.311558+00:00,travelpayouts,one_way,latest,0
YTO,Toronto,DEL,New Delhi,2026-10-09 00:00:00+00:00,,,,581,USD,0,,2026-09-29 22:10:51.311558+00:00,travelpayouts,one_way,latest,0
YTO,Toronto,DEL,New Delhi,2026-10-02 00:00:00+00:00,,,,603,USD,0,,2026-09-29 22:10:51.311558+00:00,travelpayouts,one_way,latest,0
YTO,Toronto,DEL,New Delhi,2026-10-03 00:00:00+00:00,,,,603,USD,0,,2026-09-29 22:10:51.311558+00:00,travelpayouts,one_way,latest,0
YTO,Toronto,DEL,New Delhi,2026-10-04 00:00:00+00:00,,,,603,USD,0,,2026-09-29 22:10:51.311558+00:00,travelpayouts,one_way,latest,0
YTO,Toronto,DEL,New Delhi,2026-10-05 00:00:00+00:00,,,,603,USD,0,,2026-09-29 22:10:51.311558+00:00,travelpayouts,one_way,latest,0
YTO,Toronto,DEL,New Delhi,2026-10-06 00:00:00+00:00,,,,603,USD,0,,2026-09-29 22:10:51.311558+00:00,travelpayouts,one_way,latest,0
YTO,Toronto,DEL,New Delhi,2026-10-10 00:00:00+00:00,,,,604,USD,3,,2026-09-29 22:10:51.311558+00:00,travelpayouts,one_way,latest,2875
YTO,Toronto,DEL,New Delhi,2026-10-01 00:00:00+00:00,,,,648,USD,2,,2026-09-29 22:10:51.311558+00:00,travelpayouts,one_way,latest,2475
YTO,Toronto,DEL,New Delhi,2026-10-23 00:00:00+00:00,2026-10-24 00:00:00+00:00,,,1341,USD,2,,2026-09-29 22:10:51.886621+00:00,travelpayouts,round_trip,month-matrix,2660
YTO,Toronto,DEL,New Delhi,2026-10-14 11:16:00+00:00,2026-11-03 16:05:00+00:00,AA,4542,909,USD,2,,2026-09-29 22:10:52.927703+00:00,travelpayouts,round_trip,prices_for_dates,3413
YTO,Toronto,DEL,New Delhi,2026-10-07 11:16:00+00:00,2026-11-17 16:05:00+00:00,AA,4542,910,USD,2,,2026-09-29 22:10:52.927703+00:00,travelpayouts,round_trip,prices_for_dates,3413
YTO,Toronto,DEL,New Delhi,2026-10-25 00:55:00+00:00,2026-11-07 22:15:00+00:00,AC,1512,1007,USD,2,,2026-09-29 22:10:52.927703+00:00,travelpayouts,round_trip,prices_for_dates,3575
YTO,Toronto,DEL,New Delhi,2026-10-11 01:40:00+00:00,2026-10-29 23:05:00+00:00,TS,308,1107,USD,2,,2026-09-29 22:10:52.927703+00:00,travelpayouts,round_trip,prices_for_dates,3684
YTO,Toronto,DEL,New Delhi,2026-10-03 19:20:00+00:00,2026-10-12 17:15:00+00:00,AA,4556,1145,USD,2,,2026-09-29 22:10:52.927703+00:00,travelpayouts,round_trip,prices_for_dates,4130
YTO,Toronto,DEL,New Delhi,2026-10-22 23:25:00+00:00,2026-11-14 00:10:00+00:00,AA,4438,1209,USD,2,,2026-09-29 22:10:52.927703+00:00,travelpayouts,round_trip,prices_for_dates,5079
YTO,Toronto,DEL,New Delhi,2026-10-23 10:25:00+00:00,2026-11-14 00:20:00+00:00,UA,8714,1237,USD,2,,2026-09-29 22:10:52.927703+00:00,travelpayouts,round_trip,prices_for_dates,3285
YTO,Toronto,DEL,New Delhi,2026-10-23 11:15:00+00:00,2026-10-24 17:20:00+00:00,AA,4542,1341,USD,2,,2026-09-29 22:10:52.927703+00:00,travelpayouts,round_trip,prices_for_dates,2660
YTO,Toronto,DEL,New Delhi,2026-10-14 00:00:00+00:00,2026-11-03 00:00:00+00:00,,,901,USD,2,,2026-09-29 22:10:53.454158+00:00,travelpayouts,round_trip,latest,3413
YTO,Toronto,DEL,New Delhi,2026-10-07 00:00:00+00:00,2026-11-17 00:00:00+00:00,,,903,USD,2,,2026-09-29 22:10:53.454158+00:00,travelpayouts,round_trip,latest,3413
YTO,Toronto,DEL,New Delhi,2026-10-24 00:00:00+00:00,2026-11-08 00:00:00+00:00,,,999,USD,2,,2026-09-29 22:10:53.454158+00:00,travelpayouts,round_trip,latest,3575
YTO,Toronto,DEL,New Delhi,2026-10-10 00:00:00+00:00,2026-10-30 00:00:00+00:00,,,1098,USD,2,,2026-09-29 22:10:53.454158+00:00,travelpayouts,round_trip,latest,3684
YTO,Toronto,DEL,New Delhi,2026-10-03 00:00:00+00:00,2026-10-12 00:00:00+00:00,,,1135,USD,2,,2026-09-29 22:10:53.454158+00:00,travelpayouts,round_trip,latest,4130
YTO,Toronto,DEL,New Delhi,2026-10-22 00:00:00+00:00,2026-11-14 00:00:00+00:00,,,1199,USD,2,,2026-09-29 22:10:53.454158+00:00,travelpayouts,round_trip,latest,5079
YTO,Toronto,DEL,New Delhi,2026-10-23 00:00:00+00:00,2026-11-14 00:00:00+00:00,,,1227,USD,2,,2026-09-29 22:10:53.454158+00:00,travelpayouts,round_trip,latest,3285
YTO,Toronto,DEL,New Delhi,2026-10-23 00:00:00+00:00,2026-10-25 00:00:00+00:00,,,1278,USD,0,,2026-09-29 22:10:53.454158+00:00,travelpayouts,round_trip,latest,0
YTO,Toronto,DEL,New Delhi,2026-10-23 00:00:00+00:00,2026-10-26 00:00:00+00:00,,,1278,USD,0,,2026-09-29 22:10:53.454158+00:00,travelpayouts,round_trip,latest,0
YTO,Toronto,DEL,New Delhi,2026-10-23 00:00:00+00:00,2026-10-27 00:00:00+00:00,,,1278,USD,0,,2026-09-29 22:10:53.454158+00:00,travelpayouts,round_trip,latest,0
YTO,Toronto,DEL,New Delhi,2026-10-23 00:00:00+00:00,2026-10-28 00:00:00+00:00,,,1278,USD,0,,2026-09-29 22:10:53.454158+00:00,travelpayouts,round_trip,latest,0
YTO,Toronto,DEL,New Delhi,2026-10-23 00:00:00+00:00,2026-10-29 00:00:00+00:00,,,1278,USD,0,,2026-09-29 22:10:53.454158+00:00,travelpayouts,round_trip,latest,0
YTO,Toronto,DEL,New Delhi,2026-10-23 00:00:00+00:00,2026-10-30 00:00:00+00:00,,,1278,USD,0,,2026-09-29 22:10:53.454158+00:00,travelpayouts,round_trip,latest,0
YTO,Toronto,DEL,New Delhi,2026-10-23 00:00:00+00:00,2026-10-31 00:00:00+00:00,,,1278,USD,0,,2026-09-29 22:10:53.454158+00:00,travelpayouts,round_trip,latest,0
YTO,Toronto,DEL,New Delhi,2026-10-23 00:00:00+00:00,2026-11-01 00:00:00+00:00,,,1278,USD,0,,2026-09-29 22:10:53.454158+00:00,travelpayouts,round_trip,latest,0
YTO,Toronto,DEL,New Delhi,2026-10-23 00:00:00+00:00,2026-11-02 00:00:00+00:00,,,1278,USD,0,,2026-09-29 22:10:53.454158+00:00,travelpayouts,round_trip,latest,0
YTO,Toronto,DEL,New Delhi,2026-10-23 00:00:00+00:00,2026-11-03 00:00:00+00:00,,,1278,USD,0,,2026-09-29 22:10:53.454158+00:00,travelpayouts,round_trip,latest,0
YTO,Toronto,DEL,New Delhi,2026-10-23 00:00:00+00:00,2026-11-04 00:00:00+00:00,,,1278,USD,0,,2026-09-29 22:10:53.454158+00:00,travelpayouts,round_trip,latest,0
YTO,Toronto,DEL,New Delhi,2026-10-23 00:00:00+00:00,2026-11-05 00:00:00+00:00,,,1278,USD,0,,2026-09-29 22:10:53.454158+00:00,travelpayouts,round_trip,latest,0
YTO,Toronto,DEL,New Delhi,2026-10-23 00:00:00+00:00,2026-11-06 00:00:00+00:00,,,1278,USD,0,,2026-09-29 22:10:53.454158+00:00,travelpayouts,round_trip,latest,0
YTO,Toronto,DEL,New Delhi,2026-10-23 00:00:00+00:00,2026-11-07 00:00:00+00:00,,,1278,USD,0,,2026-09-29 22:10:53.454158+00:00,travelpayouts,round_trip,latest,0
YTO,Toronto,DEL,New Delhi,2026-10-23 00:00:00+00:00,2026-11-08 00:00:00+00:00,,,1278,USD,0,,2026-09-29 22:10:53.454158+00:00,travelpayouts,round_trip,latest,0
YTO,Toronto,DEL,New Delhi,2026-10-23 00:00:00+00:00,2026-11-09 00:00:00+00:00,,,1278,USD,0,,2026-09-29 22:10:53.454158+00:00,travelpayouts,round_trip,latest,0
YTO,Toronto,DEL,New Delhi,2026-10-23 00:00:00+00:00,2026-11-10 00:00:00+00:00,,,1278,USD,0,,2026-09-29 22:10:53.454158+00:00,travelpayouts,round_trip,latest,0
YTO,Toronto,DEL,New Delhi,2026-10-23 00:00:00+00:00,2026-11-11 00:00:00+00:00,,,1278,USD,0,,2026-09-29 22:10:53.454158+00:00,travelpayouts,round_trip,latest,0
YTO,Toronto,DEL,New Delhi,2026-10-23 00:00:00+00:00,2026-11-12 00:00:00+00:00,,,1278,USD,0,,2026-09-29 22:10:53.454158+00:00,travelpayouts,round_trip,latest,0
YTO,Toronto,DEL,New Delhi,2026-10-23 00:00:00+00:00,2026-11-13 00:00:00+00:00,,,1278,USD,0,,2026-09-29 22:10:53.454158+00:00,travelpayouts,round_trip,latest,0
YTO,Toronto,DEL,New Delhi,2026-10-23 00:00:00+00:00,2026-10-24 00:00:00+00:00,,,1330,USD,2,,2026-09-29 22:10:53.454158+00:00,travelpayouts,round_trip,latest,2660
YTO,Toronto,DEL,New Delhi,2026-11-27 00:00:00+00:00,,,,556,USD,2,,2026-09-29 22:10:53.971809+00:00,travelpayouts,one_way,month-matrix,2670
YTO,Toronto,DEL,New Delhi,2026-11-11 00:00:00+00:00,,,,563,USD,0,,2026-09-29 22:10:53.971809+00:00,travelpayouts,one_way,month-matrix,0
YTO,Toronto,DEL,New Delhi,2026-11-12 00:00:00+00:00,,,,563,USD,0,,2026-09-29 22:10:53.971809+00:00,travelpayouts,one_way,month-matrix,0
YTO,Toronto,DEL,New Delhi,2026-11-13 00:00:00+00:00,,,,563,USD,0,,2026-09-29 22:10:53.971809+00:00,travelpayouts,one_way,month-matrix,0
YTO,Toronto,DEL,New Delhi,2026-11-14 00:00:00+00:00,,,,563,USD,0,,2026-09-29 22:10:53.971809+00:00,travelpayouts,one_way,month-matrix,0
YTO,Toronto,DEL,New Delhi,2026-11-15 00:00:00+00:00,,,,563,USD,0,,2026-09-29 22:10:53.971809+00:00,travelpayouts,one_way,month-matrix,0
YTO,Toronto,DEL,New Delhi,2026-11-16 00:00:00+00:00,,,,563,USD,0,,2026-09-29 22:10:53.971809+00:00,travelpayouts,one_way,month-matrix,0
YTO,Toronto,DEL,New Delhi,2026-11-17 00:00:00+00:00,,,,563,USD,0,,2026-09-29 22:10:53.971809+00:00,travelpayouts,one_way,month-matrix,0
YTO,Toronto,DEL,New Delhi,2026-11-18 00:00:00+00:00,,,,563,USD,0,,2026-09-29 22:10:53.971809+00:00,travelpayouts,one_way,month-matrix,0
YTO,Toronto,DEL,New Delhi,2026-11-19 00:00:00+00:00,,,,563,USD,0,,2026-09-29 22:10:53.971809+00:00,travelpayouts,one_way,month-matrix,0
YTO,Toronto,DEL,New Delhi,2026-11-20 00:00:00+00:00,,,,563,USD,0,,2026-09-29 22:10:53.971809+00:00,travelpayouts,one_way,month-matrix,0
YTO,Toronto,DEL,New Delhi,2026-11-21 00:00:00+00:00,,,,563,USD,0,,2026-09-29 22:10:53.971809+00:00,travelpayouts,one_way,month-matrix,0
YTO,Toronto,DEL,New Delhi,2026-11-22 00:00:00+00:00,,,,563,USD,0,,2026-09-29 22:10:53.971809+00:00,travelpayouts,one_way,month-matrix,0
YTO,Toronto,DEL,New Delhi,2026-11-23 00:00:00+00:00,,,,563,USD,0,,2026-09-29 22:10:53.971809+00:00,travelpayouts,one_way,month-matrix,0
YTO,Toronto,DEL,New Delhi,2026-11-24 00:00:00+00:00,,,,563,USD,0,,2026-09-29 22:10:53.971809+00:00,travelpayouts,one_way,month-matrix,0
YTO,Toronto,DEL,New Delhi,2026-11-25 00:00:00+00:00,,,,563,USD,0,,2026-09-29 22:10:53.971809+00:00,travelpayouts,one_way,month-matrix,0
YTO,Toronto,DEL,New Delhi,2026-11-26 00:00:00+00:00,,,,563,USD,0,,2026-09-29 22:10:53.971809+00:00,travelpayouts,one_way,month-matrix,0
YTO,Toronto,DEL,New Delhi,2026-11-10 00:00:00+00:00,,,,570,USD,2,,2026-09-29 22:10:53.971809+00:00,travelpayouts,one_way,month-matrix,2315
YTO,Toronto,DEL,New Delhi,2026-11-07 00:00:00+00:00,,,,595,USD,0,,2026-09-29 22:10:53.971809+00:00,travelpayouts,one_way,month-matrix,0
YTO,Toronto,DEL,New Delhi,2026-11-08 00:00:00+00:00,,,,595,USD,0,,2026-09-29 22:10:53.971809+00:00,travelpayouts,one_way,month-matrix,0
YTO,Toronto,DEL,New Delhi,2026-11-09 00:00:00+00:00,,,,595,USD,0,,2026-09-29 22:10:53.971809+00:00,travelpayouts,one_way,month-matrix,0
YTO,Toronto,DEL,New Delhi,2026-11-06 00:00:00+00:00,,,,621,USD,2,,2026-09-29 22:10:53.971809+00:00,travelpayouts,one_way,month-matrix,1635
YTO,Toronto,DEL,New Delhi,2026-11-27 17:30:00+00:00,,AI,192,556,USD,2,,2026-09-29 22:10:54.493972+00:00,travelpayouts,one_way,prices_for_dates,2670
YTO,Toronto,DEL,New Delhi,2026-11-11 00:40:00+00:00,,AA,4438,570,USD,2,,2026-09-29 22:10:54.493972+00:00,travelpayouts,one_way,prices_for_dates,2315
YTO,Toronto,DEL,New Delhi,2026-11-06 12:00:00+00:00,,AA,4542,621,USD,2,,2026-09-29 22:10:54.493972+00:00,travelpayouts,one_way,prices_for_dates,1635
YTO,Toronto,DEL,New Delhi,2026-11-27 00:00:00+00:00,,,,551,USD,2,,2026-09-29 22:10:54.985330+00:00,travelpayouts,one_way,latest,2670
YTO,Toronto,DEL,New Delhi,2026-11-11 00:00:00+00:00,,,,558,USD,0,,2026-09-29 22:10:54.985330+00:00,travelpayouts,one_way,latest,0
YTO,Toronto,DEL,New Delhi,2026-11-12 00:00:00+00:00,,,,558,USD,0,,2026-09-29 22:10:54.985330+00:00,travelpayouts,one_way,latest,0
YTO,Toronto,DEL,New Delhi,2026-11-13 00:00:00+00:00,,,,558,USD,0,,2026-09-29 22:10:54.985330+00:00,travelpayouts,one_way,latest,0
YTO,Toronto,DEL,New Delhi,2026-11-14 00:00:00+00:00,,,,558,USD,0,,2026-09-29 22:10:54.985330+00:00,travelpayouts,one_way,latest,0
YTO,Toronto,DEL,New Delhi,2026-11-15 00:00:00+00:00,,,,558,USD,0,,2026-09-29 22:10:54.985330+00:00,travelpayouts,one_way,latest,0
YTO,Toronto,DEL,New Delhi,2026-11-16 00:00:00+00:00,,,,558,USD,0,,2026-09-29 22:10:54.985330+00:00,travelpayouts,one_way,latest,0
YTO,Toronto,DEL,New Delhi,2026-11-17 00:00:00+00:00,,,,558,USD,0,,2026-09-29 22:10:54.985330+00:00,travelpayouts,one_way,latest,0
YTO,Toronto,DEL,New Delhi,2026-11-18 00:00:00+00:00,,,,558,USD,0,,2026-09-29 22:10:54.985330+00:00,travelpayouts,one_way,latest,0
YTO,Toronto,DEL,New Delhi,2026-11-19 00:00:00+00:00,,,,558,USD,0,,2026-09-29 22:10:54.985330+00:00,travelpayouts,one_way,latest,0
YTO,Toronto,DEL,New Delhi,2026-11-20 00:00:00+00:00,,,,558,USD,0,,2026-09-29 22:10:54.985330+00:00,travelpayouts,one_way,latest,0
YTO,Toronto,DEL,New Delhi,2026-11-21 00:00:00+00:00,,,,558,USD,0,,2026-09-29 22:10:54.985330+00:00,travelpayouts,one_way,latest,0
YTO,Toronto,DEL,New Delhi,2026-11-22 00:00:00+00:00,,,,558,USD,0,,2026-09-29 22:10:54.985330+00:00,travelpayouts,one_way,latest,0
YTO,Toronto,DEL,New Delhi,2026-11-23 00:00:00+00:00,,,,558,USD,0,,2026-09-29 22:10:54.985330+00:00,travelpayouts,one_way,latest,0
YTO,Toronto,DEL,New Delhi,2026-11-24 00:00:00+00:00,,,,558,USD,0,,2026-09-29 22:10:54.985330+00:00,travelpayouts,one_way,latest,0
YTO,Toronto,DEL,New Delhi,2026-11-25 00:00:00+00:00,,,,558,USD,0,,2026-09-29 22:10:54.985330+00:00,travelpayouts,one_way,latest,0
YTO,Toronto,DEL,New Delhi,2026-11-26 00:00:00+00:00,,,,558,USD,0,,2026-09-29 22:10:54.985330+00:00,travelpayouts,one_way,latest,0
YTO,Toronto,DEL,New Delhi,2026-11-10 00:00:00+00:00,,,,565,USD,2,,2026-09-29 22:10:54.985330+00:00,travelpayouts,one_way,latest,2315
YTO,Toronto,DEL,New Delhi,2026-11-07 00:00:00+00:00,,,,590,USD,0,,2026-09-29 22:10:54.985330+00:00,travelpayouts,one_way,latest,0
YTO,Toronto,DEL,New Delhi,2026-11-08 00:00:00+00:00,,,,590,USD,0,,2026-09-29 22:10:54.985330+00:00,travelpayouts,one_way,latest,0
YTO,Toronto,DEL,New Delhi,2026-11-09 00:00:00+00:00,,,,590,USD,0,,2026-09-29 22:10:54.985330+00:00,travelpayouts,one_way,latest,0
YTO,Toronto,DEL,New Delhi,2026-11-06 00:00:00+00:00,,,,616,USD,2,,2026-09-29 22:10:54.985330+00:00,travelpayouts,one_way,latest,1635
YTO,Toronto,DEL,New Delhi,2026-11-05 18:45:00+00:00,2026-11-22 16:35:00+00:00,AA,4623,1156,USD,2,,2026-09-29 22:10:56.604235+00:00,travelpayouts,round_trip,prices_for_dates,3975
YTO,Toronto,DEL,New Delhi,2026-11-13 19:45:00+00:00,2026-12-03 22:55:00+00:00,EY,22,1309,USD,1,,2026-09-29 22:10:56.604235+00:00,travelpayouts,round_trip,prices_for_dates,3910
YTO,Toronto,DEL,New Delhi,2026-11-27 12:00:00+00:00,2027-01-02 13:00:00+00:00,AA,4542,1465,USD,2,,2026-09-29 22:10:56.604235+00:00,travelpayouts,round_trip,prices_for_dates,4807
YTO,Toronto,DEL,New Delhi,2026-11-05 00:00:00+00:00,2026-11-22 00:00:00+00:00,,,1146,USD,2,,2026-09-29 22:10:57.118984+00:00,travelpayouts,round_trip,latest,3975
YTO,Toronto,DEL,New Delhi,2026-11-13 00:00:00+00:00,2026-12-04 00:00:00+00:00,,,1298,USD,1,,2026-09-29 22:10:57.118984+00:00,travelpayouts,round_trip,latest,3910
YTO,Toronto,DEL,New Delhi,2026-11-27 00:00:00+00:00,2027-01-02 00:00:00+00:00,,,1452,USD,2,,2026-09-29 22:10:57.118984+00:00,travelpayouts,round_trip,latest,4807
YTO,Toronto,DEL,New Delhi,2026-12-31 00:00:00+00:00,,,,525,USD,2,,2026-09-29 22:10:57.638506+00:00,travelpayouts,one_way,month-matrix,2668
YTO,Toronto,DEL,New Delhi,2026-12-21 00:00:00+00:00,,,,830,USD,0,,2026-09-29 22:10:57.638506+00:00,travelpayouts,one_way,month-matrix,0
YTO,Toronto,DEL,New Delhi,2026-12-22 00:00:00+00:00,,,,830,USD,0,,2026-09-29 22:10:57.638506+00:00,travelpayouts,one_way,month-matrix,0
YTO,Toronto,DEL,New Delhi,2026-12-23 00:00:00+00:00,,,,830,USD,0,,2026-09-29 22:10:57.638506+00:00,travelpayouts,one_way,month-matrix,0
YTO,Toronto,DEL,New Delhi,2026-12-24 00:00:00+00:00,,,,830,USD,0,,2026-09-29 22:10:57.638506+00:00,travelpayouts,one_way,month-matrix,0
YTO,Toronto,DEL,New Delhi,2026-12-25 00:00:00+00:00,,,,830,USD,0,,2026-09-29 22:10:57.638506+00:00,travelpayouts,one_way,month-matrix,0
YTO,Toronto,DEL,New Delhi,2026-12-26 00:00:00+00:00,,,,830,USD,0,,2026-09-29 22:10:57.638506+00:00,travelpayouts,one_way,month-matrix,0
YTO,Toronto,DEL,New Delhi,2026-12-27 00:00:00+00:00,,,,830,USD,0,,2026-09-29 22:10:57.638506+00:00,travelpayouts,one_way,month-matrix,0
YTO,Toronto,DEL,New Delhi,2026-12-28 00:00:00+00:00,,,,830,USD,0,,2026-09-29 22:10:57.638506+00:00,travelpayouts,one_way,month-matrix,0
YTO,Toronto,DEL,New Delhi,2026-12-29 00:00:00+00:00,,,,830,USD,0,,2026-09-29 22:10:57.638506+00:00,travelpayouts,one_way,month-matrix,0
YTO,Toronto,DEL,New Delhi,2026-12-30 00:00:00+00:00,,,,830,USD,0,,2026-09-29 22:10:57.638506+00:00,travelpayouts,one_way,month-matrix,0
YTO,Toronto,DEL,New Delhi,2026-12-15 00:00:00+00:00,,,,838,USD,3,,2026-09-29 22:10:57.638506+00:00,travelpayouts,one_way,month-matrix,1825
YTO,Toronto,DEL,New Delhi,2026-12-14 00:00:00+00:00,,,,870,USD,0,,2026-09-29 22:10:57.638506+00:00,travelpayouts,one_way,month-matrix,0
YTO,Toronto,DEL,New Delhi,2026-12-13 00:00:00+00:00,,,,901,USD,3,,2026-09-29 22:10:57.638506+00:00,travelpayouts,one_way,month-matrix,1715
YTO,Toronto,DEL,New Delhi,2026-12-16 00:00:00+00:00,,,,987,USD,0,,2026-09-29 22:10:57.638506+00:00,travelpayouts,one_way,month-matrix,0
YTO,Toronto,DEL,New Delhi,2026-12-17 00:00:00+00:00,,,,987,USD,0,,2026-09-29 22:10:57.638506+00:00,travelpayouts,one_way,month-matrix,0
YTO,Toronto,DEL,New Delhi,2026-12-18 00:00:00+00:00,,,,987,USD,0,,2026-09-29 22:10:57.638506+00:00,travelpayouts,one_way,month-matrix,0
YTO,Toronto,DEL,New Delhi,2026-12-19 00:00:00+00:00,,,,987,USD,0,,2026-09-29 22:10:57.638506+00:00,travelpayouts,one_way,month-matrix,0
YTO,Toronto,DEL,New Delhi,2026-12-20 00:00:00+00:00,,,,1135,USD,4,,2026-09-29 22:10:57.638506+00:00,travelpayouts,one_way,month-matrix,2855
YTO,Toronto,DEL,New Delhi,2026-12-31 18:47:00+00:00,,AA,4623,525,USD,2,,2026-09-29 22:10:58.129799+00:00,travelpayouts,one_way,prices_for_dates,2668
YTO,Toronto,DEL,New Delhi,2026-12-15 17:20:00+00:00,,PD,525,838,USD,3,,2026-09-29 22:10:58.129799+00:00,travelpayouts,one_way,prices_for_dates,1825
YTO,Toronto,DEL,New Delhi,2026-12-13 22:50:00+00:00,,P3,2477,901,USD,3,,2026-09-29 22:10:58.129799+00:00,travelpayouts,one_way,prices_for_dates,1715
YTO,Toronto,DEL,New Delhi,2026-12-20 20:25:00+00:00,,AA,6211,1135,USD,4,,2026-09-29 22:10:58.129799+00:00,travelpayouts,one_way,prices_for_dates,2855
YTO,Toronto,DEL,New Delhi,2026-12-31 00:00:00+00:00,,,,521,USD,2,,2026-09-29 22:10:58.656064+00:00,travelpayouts,one_way,latest,2668
YTO,Toronto,DEL,New Delhi,2026-12-21 00:00:00+00:00,,,,823,USD,0,,2026-09-29 22:10:58.656064+00:00,travelpayouts,one_way,latest,0
YTO,Toronto,DEL,New Delhi,2026-12-22 00:00:00+00:00,,,,823,USD,0,,2026-09-29 22:10:58.656064+00:00,travelpayouts,one_way,latest,0
YTO,Toronto,DEL,New Delhi,2026-12-23 00:00:00+00:00,,,,823,USD,0,,2026-09-29 22:10:58.656064+00:00,travelpayouts,one_way,latest,0
YTO,Toronto,DEL,New Delhi,2026-12-24 00:00:00+00:00,,,,823,USD,0,,2026-09-29 22:10:58.656064+00:00,travelpayouts,one_way,latest,0
YTO,Toronto,DEL,New Delhi,2026-12-25 00:00:00+00:00,,,,823,USD,0,,2026-09-29 22:10:58.656064+00:00,travelpayouts,one_way,latest,0
YTO,Toronto,DEL,New Delhi,2026-12-26 00:00:00+00:00,,,,823,USD,0,,2026-09-29 22:10:58.656064+00:00,travelpayouts,one_way,latest,0
YTO,Toronto,DEL,New Delhi,2026-12-27 00:00:00+00:00,,,,823,USD,0,,2026-09-29 22:10:58.656064+00:00,travelpayouts,one_way,latest,0
YTO,Toronto,DEL,New Delhi,2026-12-28 00:00:00+00:00,,,,823,USD,0,,2026-09-29 22:10:58.656064+00:00,travelpayouts,one_way,latest,0
YTO,Toronto,DEL,New Delhi,2026-12-29 00:00:00+00:00,,,,823,USD,0,,2026-09-29 22:10:58.656064+00:00,travelpayouts,one_way,latest,0
YTO,Toronto,DEL,New Delhi,2026-12-30 00:00:00+00:00,,,,823,USD,0,,2026-09-29 22:10:58.656064+00:00,travelpayouts,one_way,latest,0
YTO,Toronto,DEL,New Delhi,2026-12-15 00:00:00+00:00,,,,831,USD,3,,2026-09-29 22:10:58.656064+00:00,travelpayouts,one_way,latest,1825
YTO,Toronto,DEL,New Delhi,2026-12-14 00:00:00+00:00,,,,862,USD,0,,2026-09-29 22:10:58.656064+00:00,travelpayouts,one_way,latest,0
YTO,Toronto,DEL,New Delhi,2026-12-13 00:00:00+00:00,,,,893,USD,3,,2026-09-29 22:10:58.656064+00:00,travelpayouts,one_way,latest,1715
YTO,Toronto,DEL,New Delhi,2026-12-16 00:00:00+00:00,,,,978,USD,0,,2026-09-29 22:10:58.656064+00:00,travelpayouts,one_way,latest,0
YTO,Toronto,DEL,New Delhi,2026-12-17 00:00:00+00:00,,,,978,USD,0,,2026-09-29 22:10:58.656064+00:00,travelpayouts,one_way,latest,0
YTO,Toronto,DEL,New Delhi,2026-12-18 00:00:00+00:00,,,,978,USD,0,,2026-09-29 22:10:58.656064+00:00,travelpayouts,one_way,latest,0
YTO,Toronto,DEL,New Delhi,2026-12-19 00:00:00+00:00,,,,978,USD,0,,2026-09-29 22:10:58.656064+00:00,travelpayouts,one_way,latest,0
YTO,Toronto,DEL,New Delhi,2026-12-20 00:00:00+00:00,,,,1125,USD,4,,2026-09-29 22:10:58.656064+00:00,travelpayouts,one_way,latest,2855
YTO,Toronto,DEL,New Delhi,2026-12-02 12:00:00+00:00,2027-01-21 16:05:00+00:00,AA,4542,856,USD,2,,2026-09-29 22:11:00.226715+00:00,travelpayouts,round_trip,prices_for_dates,3550
YTO,Toronto,DEL,New Delhi,2026-12-01 22:25:00+00:00,2026-12-04 05:05:00+00:00,AC,8546,1248,USD,2,,2026-09-29 22:11:00.226715+00:00,travelpayouts,round_trip,prices_for_dates,3452
YTO,Toronto,DEL,New Delhi,2026-12-15 21:09:00+00:00,2027-01-18 21:50:00+00:00,AA,5884,1636,USD,2,,2026-09-29 22:11:00.226715+00:00,travelpayouts,round_trip,prices_for_dates,2835
YTO,Toronto,DEL,New Delhi,2026-12-19 01:10:00+00:00,2027-01-10 17:15:00+00:00,QR,768,2100,USD,1,,2026-09-29 22:11:00.226715+00:00,travelpayouts,round_trip,prices_for_dates,3005
YTO,Toronto,DEL,New Delhi,2026-12-02 00:00:00+00:00,2027-01-21 00:00:00+00:00,,,849,USD,2,,2026-09-29 22:11:00.749267+00:00,travelpayouts,round_trip,latest,3550
YTO,Toronto,DEL,New Delhi,2026-12-01 00:00:00+00:00,2026-12-04 00:00:00+00:00,,,1237,USD,2,,2026-09-29 22:11:00.749267+00:00,travelpayouts,round_trip,latest,3452
YTO,Toronto,DEL,New Delhi,2026-12-15 00:00:00+00:00,2027-01-19 00:00:00+00:00,,,1622,USD,2,,2026-09-29 22:11:00.749267+00:00,travelpayouts,round_trip,latest,2835
YTO,Toronto,DEL,New Delhi,2026-12-18 00:00:00+00:00,2027-01-10 00:00:00+00:00,,,2083,USD,1,,2026-09-29 22:11:00.749267+00:00,travelpayouts,round_trip,latest,3005
YTO,Toronto,CUN,Cancun,2026-10-25 00:00:00+00:00,,,,171,USD,1,,2026-10-04 04:10:19.282753+00:00,travelpayouts,one_way,month-matrix,1335
YTO,Toronto,CUN,Cancun,2026-10-24 00:00:00+00:00,,,,214,USD,1,,2026-10-04 04:10:19.282753+00:00,travelpayouts,one_way,month-matrix,1163
YTO,Toronto,CUN,Cancun,2026-10-12 00:00:00+00:00,,,,258,USD,1,,2026-10-04 04:10:19.282753+00:00,travelpayouts,one_way,month-matrix,855
YTO,Toronto,CUN,Cancun,2026-10-16 00:00:00+00:00,,,,271,USD,0,,2026-10-04 04:10:19.282753+00:00,travelpayouts,one_way,month-matrix,0
YTO,Toronto,CUN,Cancun,2026-10-17 00:00:00+00:00,,,,271,USD,0,,2026-10-04 04:10:19.282753+00:00,travelpayouts,one_way,month-matrix,0
YTO,Toronto,CUN,Cancun,2026-10-18 00:00:00+00:00,,,,271,USD,0,,2026-10-04 04:10:19.282753+00:00,travelpayouts,one_way,month-matrix,0
YTO,Toronto,CUN,Cancun,2026-10-19 00:00:00+00:00,,,,271,USD,0,,2026-10-04 04:10:19.282753+00:00,travelpayouts,one_way,month-matrix,0
YTO,Toronto,CUN,Cancun,2026-10-20 00:00:00+00:00,,,,271,USD,0,,2026-10-04 04:10:19.282753+00:00,travelpayouts,one_way,month-matrix,0
YTO,Toronto,CUN,Cancun,2026-10-21 00:00:00+00:00,,,,271,USD,0,,2026-10-04 04:10:19.282753+00:00,travelpayouts,one_way,month-matrix,0
YTO,Toronto,CUN,Cancun,2026-10-22 00:00:00+00:00,,,,271,USD,0,,2026-10-04 04:10:19.282753+00:00,travelpayouts,one_way,month-matrix,0
YTO,Toronto,CUN,Cancun,2026-10-23 00:00:00+00:00,,,,271,USD,0,,2026-10-04 04:10:19.282753+00:00,travelpayouts,one_way,month-matrix,0
YTO,Toronto,CUN,Cancun,2026-10-06 00:00:00+00:00,,,,301,USD,1,,2026-10-04 04:10:19.282753+00:00,travelpayouts,one_way,month-matrix,515
YTO,Toronto,CUN,Cancun,2026-10-15 00:00:00+00:00,,,,327,USD,1,,2026-10-04 04:10:19.282753+00:00,travelpayouts,one_way,month-matrix,871
YTO,Toronto,CUN,Cancun,2026-10-11 00:00:00+00:00,,,,335,USD,0,,2026-10-04 04:10:19.282753+00:00,travelpayouts,one_way,month-matrix,0
YTO,Toronto,CUN,Cancun,2026-10-13 00:00:00+00:00,,,,343,USD,1,,2026-10-04 04:10:19.282753+00:00,travelpayouts,one_way,month-matrix,1590
YTO,Toronto,CUN,Cancun,2026-10-07 00:00:00+00:00,,,,356,USD,0,,2026-10-04 04:10:19.282753+00:00,travelpayouts,one_way,month-matrix,0
YTO,Toronto,CUN,Cancun,2026-10-08 00:00:00+00:00,,,,356,USD,0,,2026-10-04 04:10:19.282753+00:00,travelpayouts,one_way,month-matrix,0
YTO,Toronto,CUN,Cancun,2026-10-05 00:00:00+00:00,,,,374,USD,0,,2026-10-04 04:10:19.282753+00:00,travelpayouts,one_way,month-matrix,0
YTO,Toronto,CUN,Cancun,2026-10-14 00:00:00+00:00,,,,385,USD,1,,2026-10-04 04:10:19.282753+00:00,travelpayouts,one_way,month-matrix,849
YTO,Toronto,CUN,Cancun,2026-10-09 00:00:00+00:00,,,,411,USD,1,,2026-10-04 04:10:19.282753+00:00,travelpayouts,one_way,month-matrix,1590
YTO,Toronto,CUN,Cancun,2026-10-10 00:00:00+00:00,,,,412,USD,2,,2026-10-04 04:10:19.282753+00:00,travelpayouts,one_way,month-matrix,1265
YTO,Toronto,CUN,Cancun,2026-10-04 00:00:00+00:00,,,,447,USD,2,,2026-10-04 04:10:19.282753+00:00,travelpayouts,one_way,month-matrix,522
YTO,Toronto,CUN,Cancun,2026-10-25 16:15:00+00:00,,PD,2259,171,USD,1,,2026-10-04 04:10:19.744136+00:00,travelpayouts,one_way,prices_for_dates,1335
YTO,Toronto,CUN,Cancun,2026-10-24 22:40:00+00:00,,AC,1041,214,USD,1,,2026-10-04 04:10:19.744136+00:00,travelpayouts,one_way,prices_for_dates,1163
YTO,Toronto,CUN,Cancun,2026-10-12 10:46:00+00:00,,AA,1169,258,USD,1,,2026-10-04 04:10:19.744136+00:00,travelpayouts,one_way,prices_for_dates,855
YTO,Toronto,CUN,Cancun,2026-10-06 10:00:00+00:00,,AA,1746,301,USD,1,,2026-10-04 04:10:19.744136+00:00,travelpayouts,one_way,prices_for_dates,515
YTO,Toronto,CUN,Cancun,2026-10-15 12:30:00+00:00,,CM,471,327,USD,1,,2026-10-04 04:10:19.744136+00:00,travelpayouts,one_way,prices_for_dates,871
YTO,Toronto,CUN,Cancun,2026-10-13 12:30:00+00:00,,CM,471,343,USD,1,,2026-10-04 04:10:19.744136+00:00,travelpayouts,one_way,prices_for_dates,1590
YTO,Toronto,CUN,Cancun,2026-10-14 10:10:00+00:00,,UA,1345,385,USD,1,,2026-10-04 04:10:19.744136+00:00,travelpayouts,one_way,prices_for_dates,849
YTO,Toronto,CUN,Cancun,2026-10-09 12:30:00+00:00,,CM,471,411,USD,1,,2026-10-04 04:10:19.744136+00:00,travelpayouts,one_way,prices_for_dates,1590
YTO,Toronto,CUN,Cancun,2026-10-10 19:00:00+00:00,,UA,3705,412,USD,2,,2026-10-04 04:10:19.744136+00:00,travelpayouts,one_way,prices_for_dates,1265
YTO,Toronto,CUN,Cancun,2026-10-04 11:30:00+00:00,,UA,3435,447,USD,2,,2026-10-04 04:10:19.744136+00:00,travelpayouts,one_way,prices_for_dates,522
YTO,Toronto,CUN,Cancun,2026-10-11 00:00:00+00:00,,,,345,USD,0,,2026-10-04 04:10:20.232743+00:00,travelpayouts,one_way,latest,0
YTO,Toronto,CUN,Cancun,2026-10-10 00:00:00+00:00,,,,433,USD,1,,2026-10-04 04:10:20.232743+00:00,travelpayouts,one_way,latest,1119
YTO,Toronto,CUN,Cancun,2026-10-17 00:00:00+00:00,2026-10-24 00:00:00+00:00,,,408,USD,2,,2026-10-04 04:10:20.758313+00:00,travelpayouts,round_trip,month-matrix,2234
YTO,Toronto,CUN,Cancun,2026-10-16 00:00:00+00:00,2026-10-25 00:00:00+00:00,,,442,USD,1,,2026-10-04 04:10:20.758313+00:00,travelpayouts,round_trip,month-matrix,1121
YTO,Toronto,CUN,Cancun,2026-10-15 00:00:00+00:00,2026-10-20 00:00:00+00:00,,,448,USD,1,,2026-10-04 04:10:20.758313+00:00,travelpayouts,round_trip,month-matrix,2209
YTO,Toronto,CUN,Cancun,2026-10-12 00:00:00+00:00,2026-10-16 00:00:00+00:00,,,495,USD,1,,2026-10-04 04:10:20.758313+00:00,travelpayouts,round_trip,month-matrix,1125
YTO,Toronto,CUN,Cancun,2026-10-15 00:00:00+00:00,2026-10-21 00:00:00+00:00,,,498,USD,1,,2026-10-04 04:10:20.758313+00:00,travelpayouts,round_trip,month-matrix,2160
YTO,Toronto,CUN,Cancun,2026-10-11 00:00:00+00:00,2026-10-17 00:00:00+00:00,,,577,USD,1,,2026-10-04 04:10:20.758313+00:00,travelpayouts,round_trip,month-matrix,1972
YTO,Toronto,CUN,Cancun,2026-10-12 00:00:00+00:00,2026-10-17 00:00:00+00:00,,,580,USD,0,,2026-10-04 04:10:20.758313+00:00,travelpayouts,round_trip,month-matrix,0
YTO,Toronto,CUN,Cancun,2026-10-08 00:00:00+00:00,2026-10-22 00:00:00+00:00,,,642,USD,1,,2026-10-04 04:10:20.758313+00:00,travelpayouts,round_trip,month-matrix,1972
YTO,Toronto,CUN,Cancun,2026-10-12 00:00:00+00:00,2026-10-18 00:00:00+00:00,,,665,USD,1,,2026-10-04 04:10:20.758313+00:00,travelpayouts,round_trip,month-matrix,1845
YTO,Toronto,CUN,Cancun,2026-10-07 00:00:00+00:00,2026-10-17 00:00:00+00:00,,,696,USD,2,,2026-10-04 04:10:20.758313+00:00,travelpayouts,round_trip,month-matrix,1064
YTO,Toronto,CUN,Cancun,2026-10-10 00:00:00+00:00,2026-10-12 00:00:00+00:00,,,796,USD,2,,2026-10-04 04:10:20.758313+00:00,travelpayouts,round_trip,month-matrix,3984
YTO,Toronto,CUN,Cancun,2026-10-17 23:43:00+00:00,2026-10-24 22:22:00+00:00,UA,3466,408,USD,2,,2026-10-04 04:10:21.277001+00:00,travelpayouts,round_trip,prices_for_dates,2234
YTO,Toronto,CUN,Cancun,2026-10-16 12:30:00+00:00,2026-10-25 16:55:00+00:00,CM,471,442,USD,1,,2026-10-04 04:10:21.277001+00:00,travelpayouts,round_trip,prices_for_dates,1121
YTO,Toronto,CUN,Cancun,2026-10-15 12:30:00+00:00,2026-10-20 18:54:00+00:00,CM,471,448,USD,1,,2026-10-04 04:10:21.277001+00:00,travelpayouts,round_trip,prices_for_dates,2209
YTO,Toronto,CUN,Cancun,2026-10-12 10:00:00+00:00,2026-10-16 19:09:00+00:00,AA,2589,495,USD,1,,2026-10-04 04:10:21.277001+00:00,travelpayouts,round_trip,prices_for_dates,1125
YTO,Toronto,CUN,Cancun,2026-10-15 12:30:00+00:00,2026-10-21 16:15:00+00:00,CM,471,498,USD,1,,2026-10-04 04:10:21.277001+00:00,travelpayouts,round_trip,prices_for_dates,2160
YTO,Toronto,CUN,Cancun,2026-10-11 10:15:00+00:00,2026-10-18 00:15:00+00:00,AA,5887,577,USD,1,,2026-10-04 04:10:21.277001+00:00,travelpayouts,round_trip,prices_for_dates,1972
YTO,Toronto,CUN,Cancun,2026-10-08 10:15:00+00:00,2026-10-23 02:05:00+00:00,AA,5887,642,USD,1,,2026-10-04 04:10:21.277001+00:00,travelpayouts,round_trip,prices_for_dates,1972
YTO,Toronto,CUN,Cancun,2026-10-12 10:46:00+00:00,2026-10-19 04:15:00+00:00,AA,1169,665,USD,1,,2026-10-04 04:10:21.277001+00:00,travelpayouts,round_trip,prices_for_dates,1845
YTO,Toronto,CUN,Cancun,2026-10-07 11:16:00+00:00,2026-10-17 22:20:00+00:00,AA,4542,696,USD,2,,2026-10-04 04:10:21.277001+00:00,travelpayouts,round_trip,prices_for_dates,1064
YTO,Toronto,CUN,Cancun,2026-10-10 18:35:00+00:00,2026-10-12 16:22:00+00:00,UA,3637,796,USD,2,,2026-10-04 04:10:21.277001+00:00,travelpayouts,round_trip,prices_for_dates,3984
YTO,Toronto,CUN,Cancun,2026-11-14 00:00:00+00:00,,,,142,USD,0,,2026-10-04 04:10:22.329821+00:00,travelpayouts,one_way,month-matrix,255
YTO,Toronto,CUN,Cancun,2026-11-15 00:00:00+00:00,,,,171,USD,0,,2026-10-04 04:10:22.329821+00:00,travelpayouts,one_way,month-matrix,255
YTO,Toronto,CUN,Cancun,2026-11-14 19:35:00+00:00,,F8,2612,142,USD,0,,2026-10-04 04:10:22.851371+00:00,travelpayouts,one_way,prices_for_dates,255
YTO,Toronto,CUN,Cancun,2026-11-15 14:40:00+00:00,,F8,2616,171,USD,0,,2026-10-04 04:10:22.851371+00:00,travelpayouts,one_way,prices_for_dates,255
YTO,Toronto,CUN,Cancun,2026-11-02 00:00:00+00:00,2026-11-08 00:00:00+00:00,,,305,USD,0,,2026-10-04 04:10:23.894199+00:00,travelpayouts,round_trip,month-matrix,478
YTO,Toronto,CUN,Cancun,2026-11-14 00:00:00+00:00,2026-11-22 00:00:00+00:00,,,325,USD,0,,2026-10-04 04:10:23.894199+00:00,travelpayouts,round_trip,month-matrix,483
YTO,Toronto,CUN,Cancun,2026-11-01 00:00:00+00:00,2026-11-08 00:00:00+00:00,,,329,USD,0,,2026-10-04 04:10:23.894199+00:00,travelpayouts,round_trip,month-matrix,478
YTO,Toronto,CUN,Cancun,2026-11-20 00:00:00+00:00,2026-12-01 00:00:00+00:00,,,336,USD,0,,2026-10-04 04:10:23.894199+00:00,travelpayouts,round_trip,month-matrix,500
YTO,Toronto,CUN,Cancun,2026-11-14 00:00:00+00:00,2026-11-21 00:00:00+00:00,,,336,USD,0,,2026-10-04 04:10:23.894199+00:00,travelpayouts,round_trip,month-matrix,505
YTO,Toronto,CUN,Cancun,2026-11-26 00:00:00+00:00,2027-01-14 00:00:00+00:00,,,343,USD,0,,2026-10-04 04:10:23.894199+00:00,travelpayouts,round_trip,month-matrix,510
YTO,Toronto,CUN,Cancun,2026-11-19 00:00:00+00:00,2026-11-28 00:00:00+00:00,,,400,USD,1,,2026-10-04 04:10:23.894199+00:00,travelpayouts,round_trip,month-matrix,1500
YTO,Toronto,CUN,Cancun,2026-11-02 13:00:00+00:00,2026-11-09 02:05:00+00:00,PD,763,305,USD,0,,2026-10-04 04:10:24.429676+00:00,travelpayouts,round_trip,prices_for_dates,478
YTO,Toronto,CUN,Cancun,2026-11-14 19:35:00+00:00,2026-11-23 01:15:00+00:00,F8,2612,325,USD,0,,2026-10-04 04:10:24.429676+00:00,travelpayouts,round_trip,prices_for_dates,483
YTO,Toronto,CUN,Cancun,2026-11-01 20:55:00+00:00,2026-11-09 02:05:00+00:00,PD,766,329,USD,0,,2026-10-04 04:10:24.429676+00:00,travelpayouts,round_trip,prices_for_dates,478
YTO,Toronto,CUN,Cancun,2026-11-20 19:25:00+00:00,2026-12-02 03:45:00+00:00,PD,767,336,USD,0,,2026-10-04 04:10:24.429676+00:00,travelpayouts,round_trip,prices_for_dates,500
YTO,Toronto,CUN,Cancun,2026-11-14 19:35:00+00:00,2026-11-21 19:45:00+00:00,F8,2612,336,USD,0,,2026-10-04 04:10:24.429676+00:00,travelpayouts,round_trip,prices_for_dates,505
YTO,Toronto,CUN,Cancun,2026-11-27 00:10:00+00:00,2027-01-14 19:45:00+00:00,AC,1814,343,USD,0,,2026-10-04 04:10:24.429676+00:00,travelpayouts,round_trip,prices_for_dates,510
YTO,Toronto,CUN,Cancun,2026-11-19 15:45:00+00:00,2026-11-28 11:20:00+00:00,AC,7958,400,USD,1,,2026-10-04 04:10:24.429676+00:00,travelpayouts,round_trip,prices_for_dates,1500
YTO,Toronto,CUN,Cancun,2026-11-02 00:00:00+00:00,2026-11-08 00:00:00+00:00,,,317,USD,0,,2026-10-04 04:10:24.948472+00:00,travelpayouts,round_trip,latest,478
YTO,Toronto,CUN,Cancun,2026-12-18 00:00:00+00:00,,,,371,USD,0,,2026-10-04 04:10:25.470142+00:00,travelpayouts,one_way,month-matrix,250
YTO,Toronto,CUN,Cancun,2026-12-18 20:50:00+00:00,,PD,766,371,USD,0,,2026-10-04 04:10:25.991331+00:00,travelpayouts,one_way,prices_for_dates,250
YTO,Toronto,CUN,Cancun,2026-12-06 00:00:00+00:00,2026-12-13 00:00:00+00:00,,,317,USD,1,,2026-10-04 04:10:27.045585+00:00,travelpayouts,round_trip,month-matrix,1720
YTO,Toronto,CUN,Cancun,2026-12-04 00:00:00+00:00,2026-12-09 00:00:00+00:00,,,317,USD,1,,2026-10-04 04:10:27.045585+00:00,travelpayouts,round_trip,month-matrix,915
YTO,Toronto,CUN,Cancun,2026-12-06 00:00:00+00:00,2026-12-12 00:00:00+00:00,,,321,USD,0,,2026-10-04 04:10:27.045585+00:00,travelpayouts,round_trip,month-matrix,0
YTO,Toronto,CUN,Cancun,2026-12-06 00:00:00+00:00,2026-12-11 00:00:00+00:00,,,324,USD,1,,2026-10-04 04:10:27.045585+00:00,travelpayouts,round_trip,month-matrix,945
YTO,Toronto,CUN,Cancun,2026-12-15 00:00:00+00:00,2026-12-22 00:00:00+00:00,,,335,USD,0,,2026-10-04 04:10:27.045585+00:00,travelpayouts,round_trip,month-matrix,505
YTO,Toronto,CUN,Cancun,2026-12-04 00:00:00+00:00,2026-12-10 00:00:00+00:00,,,350,USD,0,,2026-10-04 04:10:27.045585+00:00,travelpayouts,round_trip,month-matrix,510
YTO,Toronto,CUN,Cancun,2026-12-04 00:00:00+00:00,2026-12-11 00:00:00+00:00,,,352,USD,0,,2026-10-04 04:10:27.045585+00:00,travelpayouts,round_trip,month-matrix,510
YTO,Toronto,CUN,Cancun,2026-12-22 00:00:00+00:00,2026-12-28 00:00:00+00:00,,,482,USD,0,,2026-10-04 04:10:27.045585+00:00,travelpayouts,round_trip,month-matrix,510
YTO,Toronto,CUN,Cancun,2026-12-19 00:00:00+00:00,2026-12-27 00:00:00+00:00,,,507,USD,0,,2026-10-04 04:10:27.045585+00:00,travelpayouts,round_trip,month-matrix,478
YTO,Toronto,CUN,Cancun,2026-12-22 00:00:00+00:00,2026-12-29 00:00:00+00:00,,,516,USD,0,,2026-10-04 04:10:27.045585+00:00,travelpayouts,round_trip,month-matrix,510
YTO,Toronto,CUN,Cancun,2026-12-20 00:00:00+00:00,2027-01-06 00:00:00+00:00,,,548,USD,0,,2026-10-04 04:10:27.045585+00:00,travelpayouts,round_trip,month-matrix,500
YTO,Toronto,CUN,Cancun,2026-12-19 00:00:00+00:00,2026-12-28 00:00:00+00:00,,,630,USD,0,,2026-10-04 04:10:27.045585+00:00,travelpayouts,round_trip,month-matrix,0
YTO,Toronto,CUN,Cancun,2026-12-19 00:00:00+00:00,2026-12-29 00:00:00+00:00,,,630,USD,0,,2026-10-04 04:10:27.045585+00:00,travelpayouts,round_trip,month-matrix,0
YTO,Toronto,CUN,Cancun,2026-12-19 00:00:00+00:00,2026-12-30 00:00:00+00:00,,,630,USD,0,,2026-10-04 04:10:27.045585+00:00,travelpayouts,round_trip,month-matrix,0
YTO,Toronto,CUN,Cancun,2026-12-19 00:00:00+00:00,2026-12-31 00:00:00+00:00,,,630,USD,0,,2026-10-04 04:10:27.045585+00:00,travelpayouts,round_trip,month-matrix,0
YTO,Toronto,CUN,Cancun,2026-12-19 00:00:00+00:00,2027-01-01 00:00:00+00:00,,,630,USD,0,,2026-10-04 04:10:27.045585+00:00,travelpayouts,round_trip,month-matrix,0
YTO,Toronto,CUN,Cancun,2026-12-19 00:00:00+00:00,2027-01-02 00:00:00+00:00,,,630,USD,0,,2026-10-04 04:10:27.045585+00:00,travelpayouts,round_trip,month-matrix,0
YTO,Toronto,CUN,Cancun,2026-12-19 00:00:00+00:00,2027-01-03 00:00:00+00:00,,,630,USD,0,,2026-10-04 04:10:27.045585+00:00,travelpayouts,round_trip,month-matrix,0
YTO,Toronto,CUN,Cancun,2026-12-19 00:00:00+00:00,2027-01-04 00:00:00+00:00,,,753,USD,1,,2026-10-04 04:10:27.045585+00:00,travelpayouts,round_trip,month-matrix,750
YTO,Toronto,CUN,Cancun,2026-12-27 00:00:00+00:00,2027-01-03 00:00:00+00:00,,,856,USD,1,,2026-10-04 04:10:27.045585+00:00,travelpayouts,round_trip,month-matrix,2090
YTO,Toronto,CUN,Cancun,2026-12-06 22:30:00+00:00,2026-12-13 17:55:00+00:00,AC,7972,317,USD,1,,2026-10-04 04:10:27.583758+00:00,travelpayouts,round_trip,prices_for_dates,1720
YTO,Toronto,CUN,Cancun,2026-12-04 15:35:00+00:00,2026-12-09 17:00:00+00:00,PD,2217,317,USD,1,,2026-10-04 04:10:27.583758+00:00,travelpayouts,round_trip,prices_for_dates,915
YTO,Toronto,CUN,Cancun,2026-12-06 12:00:00+00:00,2026-12-11 20:05:00+00:00,PD,2205,324,USD,1,,2026-10-04 04:10:27.583758+00:00,travelpayouts,round_trip,prices_for_dates,945
YTO,Toronto,CUN,Cancun,2026-12-15 14:40:00+00:00,2026-12-22 17:55:00+00:00,F8,2616,335,USD,0,,2026-10-04 04:10:27.583758+00:00,travelpayouts,round_trip,prices_for_dates,505
YTO,Toronto,CUN,Cancun,2026-12-04 19:50:00+00:00,2026-12-10 19:45:00+00:00,TS,426,350,USD,0,,2026-10-04 04:10:27.583758+00:00,travelpayouts,round_trip,prices_for_dates,510
YTO,Toronto,CUN,Cancun,2026-12-04 19:50:00+00:00,2026-12-11 19:45:00+00:00,TS,426,352,USD,0,,2026-10-04 04:10:27.583758+00:00,travelpayouts,round_trip,prices_for_dates,510
YTO,Toronto,CUN,Cancun,2026-12-22 22:25:00+00:00,2026-12-29 00:40:00+00:00,PD,7056,482,USD,0,,2026-10-04 04:10:27.583758+00:00,travelpayouts,round_trip,prices_for_dates,510
YTO,Toronto,CUN,Cancun,2026-12-19 20:50:00+00:00,2026-12-28 02:00:00+00:00,PD,766,507,USD,0,,2026-10-04 04:10:27.583758+00:00,travelpayouts,round_trip,prices_for_dates,478
YTO,Toronto,CUN,Cancun,2026-12-22 22:25:00+00:00,2026-12-29 17:55:00+00:00,PD,7056,516,USD,0,,2026-10-04 04:10:27.583758+00:00,travelpayouts,round_trip,prices_for_dates,510
YTO,Toronto,CUN,Cancun,2026-12-20 20:50:00+00:00,2027-01-07 00:40:00+00:00,PD,766,548,USD,0,,2026-10-04 04:10:27.583758+00:00,travelpayouts,round_trip,prices_for_dates,500
YTO,Toronto,CUN,Cancun,2026-12-19 20:50:00+00:00,2027-01-05 04:55:00+00:00,PD,766,753,USD,0,,2026-10-04 04:10:27.583758+00:00,travelpayouts,round_trip,prices_for_dates,750
YTO,Toronto,CUN,Cancun,2026-12-27 12:30:00+00:00,2027-01-03 22:15:00+00:00,WS,629,856,USD,1,,2026-10-04 04:10:27.583758+00:00,travelpayouts,round_trip,prices_for_dates,2090
YTO,Toronto,CUN,Cancun,2027-01-01 19:35:00+00:00,,F8,2612,348,USD,0,2026-10-04 05:10:29+00:00,2026-10-04 04:10:30.258197+00:00,travelpayouts,one_way,calendar,
YTO,Toronto,CUN,Cancun,2027-01-02 19:35:00+00:00,,F8,2612,327,USD,0,2026-10-04 05:10:29+00:00,2026-10-04 04:10:30.258197+00:00,travelpayouts,one_way,calendar,
YTO,Toronto,CUN,Cancun,2027-01-15 13:10:00+00:00,,PD,2427,298,USD,1,2026-10-04 05:10:29+00:00,2026-10-04 04:10:30.258197+00:00,travelpayouts,one_way,calendar,
YTO,Toronto,CUN,Cancun,2027-01-16 20:50:00+00:00,,PD,763,333,USD,0,2026-10-04 05:10:29+00:00,2026-10-04 04:10:30.258197+00:00,travelpayouts,one_way,calendar,
YTO,Toronto,CUN,Cancun,2027-01-15 00:00:00+00:00,2027-02-15 00:00:00+00:00,,,298,USD,1,,2026-10-04 04:10:30.718241+00:00,travelpayouts,round_trip,month-matrix,768
YTO,Toronto,CUN,Cancun,2027-01-02 00:00:00+00:00,2027-01-15 00:00:00+00:00,,,327,USD,0,,2026-10-04 04:10:30.718241+00:00,travelpayouts,round_trip,month-matrix,510
YTO,Toronto,CUN,Cancun,2027-01-16 00:00:00+00:00,2027-01-24 00:00:00+00:00,,,333,USD,0,,2026-10-04 04:10:30.718241+00:00,travelpayouts,round_trip,month-matrix,500
YTO,Toronto,CUN,Cancun,2027-01-01 00:00:00+00:00,2027-01-07 00:00:00+00:00,,,348,USD,0,,2026-10-04 04:10:30.718241+00:00,travelpayouts,round_trip,month-matrix,515
YTO,Toronto,CUN,Cancun,2027-01-15 00:00:00+00:00,2027-02-16 00:00:00+00:00,,,365,USD,0,,2026-10-04 04:10:30.718241+00:00,travelpayouts,round_trip,month-matrix,510
YTO,Toronto,CUN,Cancun,2027-01-15 13:10:00+00:00,2027-02-16 02:00:00+00:00,PD,2427,298,USD,1,,2026-10-04 04:10:31.236726+00:00,travelpayouts,round_trip,prices_for_dates,768
YTO,Toronto,CUN,Cancun,2027-01-02 19:35:00+00:00,2027-01-16 00:40:00+00:00,F8,2612,327,USD,0,,2026-10-04 04:10:31.236726+00:00,travelpayouts,round_trip,prices_for_dates,510
YTO,Toronto,CUN,Cancun,2027-01-16 20:50:00+00:00,2027-01-24 19:45:00+00:00,PD,763,333,USD,0,,2026-10-04 04:10:31.236726+00:00,travelpayouts,round_trip,prices_for_dates,500
YTO,Toronto,CUN,Cancun,2027-01-01 12:45:00+00:00,2027-01-07 17:55:00+00:00,F8,2610,348,USD,0,,2026-10-04 04:10:31.236726+00:00,travelpayouts,round_trip,prices_for_dates,515
YTO,Toronto,CUN,Cancun,2027-01-15 19:35:00+00:00,2027-02-16 17:55:00+00:00,F8,2612,365,USD,0,,2026-10-04 04:10:31.236726+00:00,travelpayouts,round_trip,prices_for_dates,510
YTO,Toronto,PVR,Puerto Vallarta,2026-10-16 00:00:00+00:00,,,,213,USD,1,,2026-10-04 04:10:32.292581+00:00,travelpayouts,one_way,month-matrix,1012
YTO,Toronto,PVR,Puerto Vallarta,2026-10-12 00:00:00+00:00,,,,309,USD,1,,2026-10-04 04:10:32.292581+00:00,travelpayouts,one_way,month-matrix,1783
YTO,Toronto,PVR,Puerto Vallarta,2026-10-13 00:00:00+00:00,,,,328,USD,1,,2026-10-04 04:10:32.292581+00:00,travelpayouts,one_way,month-matrix,1541
YTO,Toronto,PVR,Puerto Vallarta,2026-10-09 00:00:00+00:00,,,,342,USD,1,,2026-10-04 04:10:32.292581+00:00,travelpayouts,one_way,month-matrix,1367
YTO,Toronto,PVR,Puerto Vallarta,2026-10-10 00:00:00+00:00,,,,348,USD,2,,2026-10-04 04:10:32.292581+00:00,travelpayouts,one_way,month-matrix,1150
YTO,Toronto,PVR,Puerto Vallarta,2026-10-17 00:55:00+00:00,,AC,1512,213,USD,1,,2026-10-04 04:10:32.833712+00:00,travelpayouts,one_way,prices_for_dates,1012
YTO,Toronto,PVR,Puerto Vallarta,2026-10-12 10:46:00+00:00,,AA,1169,309,USD,1,,2026-10-04 04:10:32.833712+00:00,travelpayouts,one_way,prices_for_dates,1783
YTO,Toronto,PVR,Puerto Vallarta,2026-10-13 14:05:00+00:00,,F8,2660,328,USD,1,,2026-10-04 04:10:32.833712+00:00,travelpayouts,one_way,prices_for_dates,1541
YTO,Toronto,PVR,Puerto Vallarta,2026-10-09 19:00:00+00:00,,UA,3705,342,USD,1,,2026-10-04 04:10:32.833712+00:00,travelpayouts,one_way,prices_for_dates,1367
YTO,Toronto,PVR,Puerto Vallarta,2026-10-10 18:35:00+00:00,,UA,3637,348,USD,2,,2026-10-04 04:10:32.833712+00:00,travelpayouts,one_way,prices_for_dates,1150
YTO,Toronto,PVR,Puerto Vallarta,2026-10-13 00:00:00+00:00,,,,329,USD,1,,2026-10-04 04:10:33.327335+00:00,travelpayouts,one_way,latest,2958
YTO,Toronto,PVR,Puerto Vallarta,2026-10-13 00:00:00+00:00,2026-10-16 00:00:00+00:00,,,608,USD,1,,2026-10-04 04:10:33.866567+00:00,travelpayouts,round_trip,month-matrix,4800
YTO,Toronto,PVR,Puerto Vallarta,2026-10-13 14:05:00+00:00,2026-10-16 17:13:00+00:00,F8,2660,608,USD,1,,2026-10-04 04:10:34.379939+00:00,travelpayouts,round_trip,prices_for_dates,4800
YTO,Toronto,PVR,Puerto Vallarta,2026-11-21 17:30:00+00:00,,PD,771,329,USD,0,2026-10-04 05:10:36+00:00,2026-10-04 04:10:37.034673+00:00,travelpayouts,one_way,calendar,
YTO,Toronto,PVR,Puerto Vallarta,2026-11-21 00:00:00+00:00,2026-11-25 00:00:00+00:00,,,329,USD,0,,2026-10-04 04:10:37.530699+00:00,travelpayouts,round_trip,month-matrix,624
YTO,Toronto,PVR,Puerto Vallarta,2026-11-21 00:00:00+00:00,2026-11-26 00:00:00+00:00,,,337,USD,0,,2026-10-04 04:10:37.530699+00:00,travelpayouts,round_trip,month-matrix,624
YTO,Toronto,PVR,Puerto Vallarta,2026-11-21 17:30:00+00:00,2026-11-26 00:10:00+00:00,PD,771,329,USD,0,,2026-10-04 04:10:38.052713+00:00,travelpayouts,round_trip,prices_for_dates,624
YTO,Toronto,PVR,Puerto Vallarta,2026-11-21 17:30:00+00:00,2026-11-27 00:10:00+00:00,PD,771,337,USD,0,,2026-10-04 04:10:38.052713+00:00,travelpayouts,round_trip,prices_for_dates,624
YTO,Toronto,PVR,Puerto Vallarta,2026-12-15 17:30:00+00:00,,TS,7057,330,USD,0,2026-10-04 05:10:40+00:00,2026-10-04 04:10:40.744342+00:00,travelpayouts,one_way,calendar,
YTO,Toronto,PVR,Puerto Vallarta,2026-12-27 03:20:00+00:00,,WS,659,524,USD,1,2026-10-04 05:10:40+00:00,2026-10-04 04:10:40.744342+00:00,travelpayouts,one_way,calendar,
YTO,Toronto,PVR,Puerto Vallarta,2026-12-27 18:40:00+00:00,,PD,627,721,USD,2,2026-10-04 05:10:40+00:00,2026-10-04 04:10:40.744342+00:00,travelpayouts,one_way,calendar,
YTO,Toronto,PVR,Puerto Vallarta,2026-12-15 00:00:00+00:00,2026-12-22 00:00:00+00:00,,,330,USD,0,,2026-10-04 04:10:41.209290+00:00,travelpayouts,round_trip,month-matrix,635
YTO,Toronto,PVR,Puerto Vallarta,2026-12-26 00:00:00+00:00,2027-01-09 00:00:00+00:00,,,524,USD,1,,2026-10-04 04:10:41.209290+00:00,travelpayouts,round_trip,month-matrix,1135
YTO,Toronto,PVR,Puerto Vallarta,2026-12-27 00:00:00+00:00,2027-01-10 00:00:00+00:00,,,721,USD,2,,2026-10-04 04:10:41.209290+00:00,travelpayouts,round_trip,month-matrix,3974
YTO,Toronto,PVR,Puerto Vallarta,2026-12-15 17:30:00+00:00,2026-12-22 19:00:00+00:00,TS,7057,330,USD,0,,2026-10-04 04:10:41.720234+00:00,travelpayouts,round_trip,prices_for_dates,635
YTO,Toronto,PVR,Puerto Vallarta,2026-12-27 03:20:00+00:00,2027-01-09 19:00:00+00:00,WS,659,524,USD,1,,2026-10-04 04:10:41.720234+00:00,travelpayouts,round_trip,prices_for_dates,1135
YTO,Toronto,PVR,Puerto Vallarta,2026-12-27 18:40:00+00:00,2027-01-10 23:57:00+00:00,PD,627,721,USD,2,,2026-10-04 04:10:41.720234+00:00,travelpayouts,round_trip,prices_for_dates,3974
YTO,Toronto,PVR,Puerto Vallarta,2027-01-19 21:10:00+00:00,,UA,1810,365,USD,1,2026-10-04 05:10:44+00:00,2026-10-04 04:10:44.419642+00:00,travelpayouts,one_way,calendar,
YTO,Toronto,PVR,Puerto Vallarta,2027-01-19 00:00:00+00:00,2027-02-03 00:00:00+00:00,,,365,USD,1,,2026-10-04 04:10:44.876841+00:00,travelpayouts,round_trip,month-matrix,2681
YTO,Toronto,PVR,Puerto Vallarta,2027-01-19 21:10:00+00:00,2027-02-03 21:31:00+00:00,UA,1810,365,USD,1,,2026-10-04 04:10:45.388426+00:00,travelpayouts,round_trip,prices_for_dates,2681
YTO,Toronto,PUJ,Punta Cana,2026-10-11 00:00:00+00:00,,,,320,USD,1,,2026-10-04 04:10:46.474173+00:00,travelpayouts,one_way,month-matrix,1719
YTO,Toronto,PUJ,Punta Cana,2026-10-06 00:00:00+00:00,,,,361,USD,1,,2026-10-04 04:10:46.474173+00:00,travelpayouts,one_way,month-matrix,486
YTO,Toronto,PUJ,Punta Cana,2026-10-07 00:00:00+00:00,,,,363,USD,0,,2026-10-04 04:10:46.474173+00:00,travelpayouts,one_way,month-matrix,0
YTO,Toronto,PUJ,Punta Cana,2026-10-08 00:00:00+00:00,,,,363,USD,0,,2026-10-04 04:10:46.474173+00:00,travelpayouts,one_way,month-matrix,0
YTO,Toronto,PUJ,Punta Cana,2026-10-09 00:00:00+00:00,,,,363,USD,0,,2026-10-04 04:10:46.474173+00:00,travelpayouts,one_way,month-matrix,0
YTO,Toronto,PUJ,Punta Cana,2026-10-10 00:00:00+00:00,,,,366,USD,2,,2026-10-04 04:10:46.474173+00:00,travelpayouts,one_way,month-matrix,2440
YTO,Toronto,PUJ,Punta Cana,2026-10-11 10:00:00+00:00,,AA,1746,320,USD,1,,2026-10-04 04:10:46.966748+00:00,travelpayouts,one_way,prices_for_dates,1719
YTO,Toronto,PUJ,Punta Cana,2026-10-06 10:00:00+00:00,,AA,1746,361,USD,1,,2026-10-04 04:10:46.966748+00:00,travelpayouts,one_way,prices_for_dates,486
YTO,Toronto,PUJ,Punta Cana,2026-10-11 00:00:00+00:00,,UA,3711,366,USD,2,,2026-10-04 04:10:46.966748+00:00,travelpayouts,one_way,prices_for_dates,2440
YTO,Toronto,PUJ,Punta Cana,2026-10-31 00:00:00+00:00,2026-11-07 00:00:00+00:00,,,319,USD,0,,2026-10-04 04:10:48.014183+00:00,travelpayouts,round_trip,month-matrix,565
YTO,Toronto,PUJ,Punta Cana,2026-10-14 00:00:00+00:00,2026-10-29 00:00:00+00:00,,,442,USD,2,,2026-10-04 04:10:48.014183+00:00,travelpayouts,round_trip,month-matrix,1902
YTO,Toronto,PUJ,Punta Cana,2026-10-23 00:00:00+00:00,2026-10-29 00:00:00+00:00,,,451,USD,0,,2026-10-04 04:10:48.014183+00:00,travelpayouts,round_trip,month-matrix,556
YTO,Toronto,PUJ,Punta Cana,2026-10-23 00:00:00+00:00,2026-10-26 00:00:00+00:00,,,484,USD,0,,2026-10-04 04:10:48.014183+00:00,travelpayouts,round_trip,month-matrix,0
YTO,Toronto,PUJ,Punta Cana,2026-10-23 00:00:00+00:00,2026-10-27 00:00:00+00:00,,,484,USD,0,,2026-10-04 04:10:48.014183+00:00,travelpayouts,round_trip,month-matrix,0
YTO,Toronto,PUJ,Punta Cana,2026-10-23 00:00:00+00:00,2026-10-28 00:00:00+00:00,,,484,USD,0,,2026-10-04 04:10:48.014183+00:00,travelpayouts,round_trip,month-matrix,0
YTO,Toronto,PUJ,Punta Cana,2026-10-20 00:00:00+00:00,2026-10-27 00:00:00+00:00,,,487,USD,1,,2026-10-04 04:10:48.014183+00:00,travelpayouts,round_trip,month-matrix,990
YTO,Toronto,PUJ,Punta Cana,2026-10-23 00:00:00+00:00,2026-10-30 00:00:00+00:00,,,518,USD,0,,2026-10-04 04:10:48.014183+00:00,travelpayouts,round_trip,month-matrix,0
YTO,Toronto,PUJ,Punta Cana,2026-10-23 00:00:00+00:00,2026-10-31 00:00:00+00:00,,,518,USD,0,,2026-10-04 04:10:48.014183+00:00,travelpayouts,round_trip,month-matrix,0
YTO,Toronto,PUJ,Punta Cana,2026-10-23 00:00:00+00:00,2026-10-25 00:00:00+00:00,,,518,USD,2,,2026-10-04 04:10:48.014183+00:00,travelpayouts,round_trip,month-matrix,1967
YTO,Toronto,PUJ,Punta Cana,2026-10-23 00:00:00+00:00,2026-11-01 00:00:00+00:00,,,584,USD,2,,2026-10-04 04:10:48.014183+00:00,travelpayouts,round_trip,month-matrix,2167
YTO,Toronto,PUJ,Punta Cana,2026-10-15 00:00:00+00:00,2026-10-20 00:00:00+00:00,,,647,USD,2,,2026-10-04 04:10:48.014183+00:00,travelpayouts,round_trip,month-matrix,2010
YTO,Toronto,PUJ,Punta Cana,2026-10-07 00:00:00+00:00,2026-10-18 00:00:00+00:00,,,981,USD,1,,2026-10-04 04:10:48.014183+00:00,travelpayouts,round_trip,month-matrix,2470
YTO,Toronto,PUJ,Punta Cana,2026-10-10 00:00:00+00:00,2026-10-12 00:00:00+00:00,,,1008,USD,1,,2026-10-04 04:10:48.014183+00:00,travelpayouts,round_trip,month-matrix,4889
YTO,Toronto,PUJ,Punta Cana,2026-10-31 13:00:00+00:00,2026-11-07 19:35:00+00:00,F8,2634,319,USD,0,,2026-10-04 04:10:48.541483+00:00,travelpayouts,round_trip,prices_for_dates,565
YTO,Toronto,PUJ,Punta Cana,2026-10-14 10:00:00+00:00,2026-10-29 15:50:00+00:00,AA,2589,442,USD,1,,2026-10-04 04:10:48.541483+00:00,travelpayouts,round_trip,prices_for_dates,1902
YTO,Toronto,PUJ,Punta Cana,2026-10-23 10:30:00+00:00,2026-10-29 23:09:00+00:00,DM,5863,451,USD,0,,2026-10-04 04:10:48.541483+00:00,travelpayouts,round_trip,prices_for_dates,556
YTO,Toronto,PUJ,Punta Cana,2026-10-20 10:15:00+00:00,2026-10-27 20:12:00+00:00,AA,5887,487,USD,1,,2026-10-04 04:10:48.541483+00:00,travelpayouts,round_trip,prices_for_dates,990
YTO,Toronto,PUJ,Punta Cana,2026-10-23 23:24:00+00:00,2026-10-25 22:45:00+00:00,AA,5045,518,USD,2,,2026-10-04 04:10:48.541483+00:00,travelpayouts,round_trip,prices_for_dates,1967
YTO,Toronto,PUJ,Punta Cana,2026-10-24 01:00:00+00:00,2026-11-01 21:10:00+00:00,UA,5874,584,USD,2,,2026-10-04 04:10:48.541483+00:00,travelpayouts,round_trip,prices_for_dates,2167
YTO,Toronto,PUJ,Punta Cana,2026-10-15 10:00:00+00:00,2026-10-20 19:35:00+00:00,AA,1746,647,USD,2,,2026-10-04 04:10:48.541483+00:00,travelpayouts,round_trip,prices_for_dates,2010
YTO,Toronto,PUJ,Punta Cana,2026-10-07 10:30:00+00:00,2026-10-18 23:35:00+00:00,DM,5863,981,USD,0,,2026-10-04 04:10:48.541483+00:00,travelpayouts,round_trip,prices_for_dates,2470
YTO,Toronto,PUJ,Punta Cana,2026-10-10 10:00:00+00:00,2026-10-12 17:45:00+00:00,AA,1746,1008,USD,1,,2026-10-04 04:10:48.541483+00:00,travelpayouts,round_trip,prices_for_dates,4889
YTO,Toronto,PUJ,Punta Cana,2026-11-24 00:00:00+00:00,,,,210,USD,0,,2026-10-04 04:10:49.583068+00:00,travelpayouts,one_way,month-matrix,280
YTO,Toronto,PUJ,Punta Cana,2026-11-04 00:00:00+00:00,,,,227,USD,0,,2026-10-04 04:10:49.583068+00:00,travelpayouts,one_way,month-matrix,0
YTO,Toronto,PUJ,Punta Cana,2026-11-05 00:00:00+00:00,,,,227,USD,0,,2026-10-04 04:10:49.583068+00:00,travelpayouts,one_way,month-matrix,0
YTO,Toronto,PUJ,Punta Cana,2026-11-06 00:00:00+00:00,,,,227,USD,0,,2026-10-04 04:10:49.583068+00:00,travelpayouts,one_way,month-matrix,0
YTO,Toronto,PUJ,Punta Cana,2026-11-07 00:00:00+00:00,,,,227,USD,0,,2026-10-04 04:10:49.583068+00:00,travelpayouts,one_way,month-matrix,0
YTO,Toronto,PUJ,Punta Cana,2026-11-08 00:00:00+00:00,,,,227,USD,0,,2026-10-04 04:10:49.583068+00:00,travelpayouts,one_way,month-matrix,0
YTO,Toronto,PUJ,Punta Cana,2026-11-09 00:00:00+00:00,,,,227,USD,0,,2026-10-04 04:10:49.583068+00:00,travelpayouts,one_way,month-matrix,0
YTO,Toronto,PUJ,Punta Cana,2026-11-10 00:00:00+00:00,,,,227,USD,0,,2026-10-04 04:10:49.583068+00:00,travelpayouts,one_way,month-matrix,0
YTO,Toronto,PUJ,Punta Cana,2026-11-11 00:00:00+00:00,,,,227,USD,0,,2026-10-04 04:10:49.583068+00:00,travelpayouts,one_way,month-matrix,0
YTO,Toronto,PUJ,Punta Cana,2026-11-12 00:00:00+00:00,,,,227,USD,0,,2026-10-04 04:10:49.583068+00:00,travelpayouts,one_way,month-matrix,0
YTO,Toronto,PUJ,Punta Cana,2026-11-13 00:00:00+00:00,,,,227,USD,0,,2026-10-04 04:10:49.583068+00:00,travelpayouts,one_way,month-matrix,0
YTO,Toronto,PUJ,Punta Cana,2026-11-14 00:00:00+00:00,,,,227,USD,0,,2026-10-04 04:10:49.583068+00:00,travelpayouts,one_way,month-matrix,0
YTO,Toronto,PUJ,Punta Cana,2026-11-15 00:00:00+00:00,,,,227,USD,0,,2026-10-04 04:10:49.583068+00:00,travelpayouts,one_way,month-matrix,0
YTO,Toronto,PUJ,Punta Cana,2026-11-16 00:00:00+00:00,,,,227,USD,0,,2026-10-04 04:10:49.583068+00:00,travelpayouts,one_way,month-matrix,0
YTO,Toronto,PUJ,Punta Cana,2026-11-17 00:00:00+00:00,,,,227,USD,0,,2026-10-04 04:10:49.583068+00:00,travelpayouts,one_way,month-matrix,0
YTO,Toronto,PUJ,Punta Cana,2026-11-18 00:00:00+00:00,,,,227,USD,0,,2026-10-04 04:10:49.583068+00:00,travelpayouts,one_way,month-matrix,0
YTO,Toronto,PUJ,Punta Cana,2026-11-19 00:00:00+00:00,,,,227,USD,0,,2026-10-04 04:10:49.583068+00:00,travelpayouts,one_way,month-matrix,0
YTO,Toronto,PUJ,Punta Cana,2026-11-20 00:00:00+00:00,,,,227,USD,0,,2026-10-04 04:10:49.583068+00:00,travelpayouts,one_way,month-matrix,0
YTO,Toronto,PUJ,Punta Cana,2026-11-21 00:00:00+00:00,,,,227,USD,0,,2026-10-04 04:10:49.583068+00:00,travelpayouts,one_way,month-matrix,0
YTO,Toronto,PUJ,Punta Cana,2026-11-22 00:00:00+00:00,,,,227,USD,0,,2026-10-04 04:10:49.583068+00:00,travelpayouts,one_way,month-matrix,0
YTO,Toronto,PUJ,Punta Cana,2026-11-23 00:00:00+00:00,,,,227,USD,0,,2026-10-04 04:10:49.583068+00:00,travelpayouts,one_way,month-matrix,0
YTO,Toronto,PUJ,Punta Cana,2026-11-03 00:00:00+00:00,,,,244,USD,0,,2026-10-04 04:10:49.583068+00:00,travelpayouts,one_way,month-matrix,260
YTO,Toronto,PUJ,Punta Cana,2026-11-24 21:00:00+00:00,,AC,1798,210,USD,0,,2026-10-04 04:10:50.102230+00:00,travelpayouts,one_way,prices_for_dates,280
YTO,Toronto,PUJ,Punta Cana,2026-11-03 19:00:00+00:00,,TS,286,244,USD,0,,2026-10-04 04:10:50.102230+00:00,travelpayouts,one_way,prices_for_dates,260
YTO,Toronto,PUJ,Punta Cana,2026-11-04 00:00:00+00:00,,,,246,USD,0,,2026-10-04 04:10:50.673837+00:00,travelpayouts,one_way,latest,0
YTO,Toronto,PUJ,Punta Cana,2026-11-05 00:00:00+00:00,,,,246,USD,0,,2026-10-04 04:10:50.673837+00:00,travelpayouts,one_way,latest,0
YTO,Toronto,PUJ,Punta Cana,2026-11-06 00:00:00+00:00,,,,246,USD,0,,2026-10-04 04:10:50.673837+00:00,travelpayouts,one_way,latest,0
YTO,Toronto,PUJ,Punta Cana,2026-11-07 00:00:00+00:00,,,,246,USD,0,,2026-10-04 04:10:50.673837+00:00,travelpayouts,one_way,latest,0
YTO,Toronto,PUJ,Punta Cana,2026-11-08 00:00:00+00:00,,,,246,USD,0,,2026-10-04 04:10:50.673837+00:00,travelpayouts,one_way,latest,0
YTO,Toronto,PUJ,Punta Cana,2026-11-09 00:00:00+00:00,,,,246,USD,0,,2026-10-04 04:10:50.673837+00:00,travelpayouts,one_way,latest,0
YTO,Toronto,PUJ,Punta Cana,2026-11-10 00:00:00+00:00,,,,246,USD,0,,2026-10-04 04:10:50.673837+00:00,travelpayouts,one_way,latest,0
YTO,Toronto,PUJ,Punta Cana,2026-11-11 00:00:00+00:00,,,,246,USD,0,,2026-10-04 04:10:50.673837+00:00,travelpayouts,one_way,latest,0
YTO,Toronto,PUJ,Punta Cana,2026-11-12 00:00:00+00:00,,,,246,USD,0,,2026-10-04 04:10:50.673837+00:00,travelpayouts,one_way,latest,0
YTO,Toronto,PUJ,Punta Cana,2026-11-13 00:00:00+00:00,,,,246,USD,0,,2026-10-04 04:10:50.673837+00:00,travelpayouts,one_way,latest,0
YTO,Toronto,PUJ,Punta Cana,2026-11-14 00:00:00+00:00,,,,246,USD,0,,2026-10-04 04:10:50.673837+00:00,travelpayouts,one_way,latest,0
YTO,Toronto,PUJ,Punta Cana,2026-11-15 00:00:00+00:00,,,,246,USD,0,,2026-10-04 04:10:50.673837+00:00,travelpayouts,one_way,latest,0
YTO,Toronto,PUJ,Punta Cana,2026-11-16 00:00:00+00:00,,,,246,USD,0,,2026-10-04 04:10:50.673837+00:00,travelpayouts,one_way,latest,0
YTO,Toronto,PUJ,Punta Cana,2026-11-17 00:00:00+00:00,,,,246,USD,0,,2026-10-04 04:10:50.673837+00:00,travelpayouts,one_way,latest,0
YTO,Toronto,PUJ,Punta Cana,2026-11-18 00:00:00+00:00,,,,246,USD,0,,2026-10-04 04:10:50.673837+00:00,travelpayouts,one_way,latest,0
YTO,Toronto,PUJ,Punta Cana,2026-11-19 00:00:00+00:00,,,,246,USD,0,,2026-10-04 04:10:50.673837+00:00,travelpayouts,one_way,latest,0
YTO,Toronto,PUJ,Punta Cana,2026-11-20 00:00:00+00:00,,,,246,USD,0,,2026-10-04 04:10:50.673837+00:00,travelpayouts,one_way,latest,0
YTO,Toronto,PUJ,Punta Cana,2026-11-21 00:00:00+00:00,,,,246,USD,0,,2026-10-04 04:10:50.673837+00:00,travelpayouts,one_way,latest,0
YTO,Toronto,PUJ,Punta Cana,2026-11-22 00:00:00+00:00,,,,246,USD,0,,2026-10-04 04:10:50.673837+00:00,travelpayouts,one_way,latest,0
YTO,Toronto,PUJ,Punta Cana,2026-11-23 00:00:00+00:00,,,,246,USD,0,,2026-10-04 04:10:50.673837+00:00,travelpayouts,one_way,latest,0
YTO,Toronto,PUJ,Punta Cana,2026-11-24 00:00:00+00:00,,,,248,USD,1,,2026-10-04 04:10:50.673837+00:00,travelpayouts,one_way,latest,950
YTO,Toronto,PUJ,Punta Cana,2026-11-27 00:00:00+00:00,2026-12-07 00:00:00+00:00,,,340,USD,1,,2026-10-04 04:10:51.162801+00:00,travelpayouts,round_trip,month-matrix,1850
YTO,Toronto,PUJ,Punta Cana,2026-11-28 00:00:00+00:00,2026-12-06 00:00:00+00:00,,,348,USD,1,,2026-10-04 04:10:51.162801+00:00,travelpayouts,round_trip,month-matrix,2165
YTO,Toronto,PUJ,Punta Cana,2026-11-14 00:00:00+00:00,2026-11-21 00:00:00+00:00,,,356,USD,1,,2026-10-04 04:10:51.162801+00:00,travelpayouts,round_trip,month-matrix,1130
YTO,Toronto,PUJ,Punta Cana,2026-11-28 01:30:00+00:00,2026-12-08 02:40:00+00:00,AC,7976,340,USD,1,,2026-10-04 04:10:51.758326+00:00,travelpayouts,round_trip,prices_for_dates,1850
YTO,Toronto,PUJ,Punta Cana,2026-11-28 23:30:00+00:00,2026-12-06 23:45:00+00:00,AC,7974,348,USD,1,,2026-10-04 04:10:51.758326+00:00,travelpayouts,round_trip,prices_for_dates,2165
YTO,Toronto,PUJ,Punta Cana,2026-11-14 13:30:00+00:00,2026-11-22 02:40:00+00:00,AC,7954,356,USD,1,,2026-10-04 04:10:51.758326+00:00,travelpayouts,round_trip,prices_for_dates,1130
YTO,Toronto,PUJ,Punta Cana,2026-12-02 00:00:00+00:00,,,,201,USD,0,,2026-10-04 04:10:52.740928+00:00,travelpayouts,one_way,month-matrix,282
YTO,Toronto,PUJ,Punta Cana,2026-12-03 00:00:00+00:00,,,,218,USD,0,,2026-10-04 04:10:52.740928+00:00,travelpayouts,one_way,month-matrix,0
YTO,Toronto,PUJ,Punta Cana,2026-12-04 00:00:00+00:00,,,,218,USD,0,,2026-10-04 04:10:52.740928+00:00,travelpayouts,one_way,month-matrix,0
YTO,Toronto,PUJ,Punta Cana,2026-12-05 00:00:00+00:00,,,,218,USD,0,,2026-10-04 04:10:52.740928+00:00,travelpayouts,one_way,month-matrix,0
YTO,Toronto,PUJ,Punta Cana,2026-12-06 00:00:00+00:00,,,,218,USD,0,,2026-10-04 04:10:52.740928+00:00,travelpayouts,one_way,month-matrix,0
YTO,Toronto,PUJ,Punta Cana,2026-12-07 00:00:00+00:00,,,,218,USD,0,,2026-10-04 04:10:52.740928+00:00,travelpayouts,one_way,month-matrix,0
YTO,Toronto,PUJ,Punta Cana,2026-12-08 00:00:00+00:00,,,,218,USD,0,,2026-10-04 04:10:52.740928+00:00,travelpayouts,one_way,month-matrix,0
YTO,Toronto,PUJ,Punta Cana,2026-12-09 00:00:00+00:00,,,,218,USD,0,,2026-10-04 04:10:52.740928+00:00,travelpayouts,one_way,month-matrix,0
YTO,Toronto,PUJ,Punta Cana,2026-12-10 00:00:00+00:00,,,,218,USD,0,,2026-10-04 04:10:52.740928+00:00,travelpayouts,one_way,month-matrix,0
YTO,Toronto,PUJ,Punta Cana,2026-12-11 00:00:00+00:00,,,,218,USD,0,,2026-10-04 04:10:52.740928+00:00,travelpayouts,one_way,month-matrix,0
YTO,Toronto,PUJ,Punta Cana,2026-12-12 00:00:00+00:00,,,,218,USD,0,,2026-10-04 04:10:52.740928+00:00,travelpayouts,one_way,month-matrix,0
YTO,Toronto,PUJ,Punta Cana,2026-12-13 00:00:00+00:00,,,,218,USD,0,,2026-10-04 04:10:52.740928+00:00,travelpayouts,one_way,month-matrix,0
YTO,Toronto,PUJ,Punta Cana,2026-12-01 00:00:00+00:00,,,,220,USD,0,,2026-10-04 04:10:52.740928+00:00,travelpayouts,one_way,month-matrix,260
YTO,Toronto,PUJ,Punta Cana,2026-12-14 00:00:00+00:00,,,,235,USD,0,,2026-10-04 04:10:52.740928+00:00,travelpayouts,one_way,month-matrix,280
YTO,Toronto,PUJ,Punta Cana,2026-12-15 00:00:00+00:00,,,,331,USD,0,,2026-10-04 04:10:52.740928+00:00,travelpayouts,one_way,month-matrix,0
YTO,Toronto,PUJ,Punta Cana,2026-12-16 00:00:00+00:00,,,,331,USD,0,,2026-10-04 04:10:52.740928+00:00,travelpayouts,one_way,month-matrix,0
YTO,Toronto,PUJ,Punta Cana,2026-12-17 00:00:00+00:00,,,,331,USD,0,,2026-10-04 04:10:52.740928+00:00,travelpayouts,one_way,month-matrix,0
YTO,Toronto,PUJ,Punta Cana,2026-12-18 00:00:00+00:00,,,,331,USD,0,,2026-10-04 04:10:52.740928+00:00,travelpayouts,one_way,month-matrix,0
YTO,Toronto,PUJ,Punta Cana,2026-12-19 00:00:00+00:00,,,,331,USD,0,,2026-10-04 04:10:52.740928+00:00,travelpayouts,one_way,month-matrix,0
YTO,Toronto,PUJ,Punta Cana,2026-12-20 00:00:00+00:00,,,,331,USD,0,,2026-10-04 04:10:52.740928+00:00,travelpayouts,one_way,month-matrix,0
YTO,Toronto,PUJ,Punta Cana,2026-12-21 00:00:00+00:00,,,,331,USD,0,,2026-10-04 04:10:52.740928+00:00,travelpayouts,one_way,month-matrix,0
YTO,Toronto,PUJ,Punta Cana,2026-12-22 00:00:00+00:00,,,,331,USD,0,,2026-10-04 04:10:52.740928+00:00,travelpayouts,one_way,month-matrix,0
YTO,Toronto,PUJ,Punta Cana,2026-12-23 00:00:00+00:00,,,,428,USD,1,,2026-10-04 04:10:52.740928+00:00,travelpayouts,one_way,month-matrix,840
YTO,Toronto,PUJ,Punta Cana,2026-12-02 11:30:00+00:00,,DM,5863,201,USD,0,,2026-10-04 04:10:53.256926+00:00,travelpayouts,one_way,prices_for_dates,282
YTO,Toronto,PUJ,Punta Cana,2026-12-01 19:00:00+00:00,,TS,286,220,USD,0,,2026-10-04 04:10:53.256926+00:00,travelpayouts,one_way,prices_for_dates,260
YTO,Toronto,PUJ,Punta Cana,2026-12-14 21:00:00+00:00,,AC,1798,235,USD,0,,2026-10-04 04:10:53.256926+00:00,travelpayouts,one_way,prices_for_dates,280
YTO,Toronto,PUJ,Punta Cana,2026-12-24 04:30:00+00:00,,PD,7868,428,USD,1,,2026-10-04 04:10:53.256926+00:00,travelpayouts,one_way,prices_for_dates,840
YTO,Toronto,PUJ,Punta Cana,2026-12-07 00:00:00+00:00,2026-12-14 00:00:00+00:00,,,311,USD,2,,2026-10-04 04:10:54.306755+00:00,travelpayouts,round_trip,month-matrix,1140
YTO,Toronto,PUJ,Punta Cana,2026-12-31 00:00:00+00:00,2027-01-17 00:00:00+00:00,,,313,USD,0,,2026-10-04 04:10:54.306755+00:00,travelpayouts,round_trip,month-matrix,561
YTO,Toronto,PUJ,Punta Cana,2026-12-31 00:00:00+00:00,2027-01-09 00:00:00+00:00,,,360,USD,0,,2026-10-04 04:10:54.306755+00:00,travelpayouts,round_trip,month-matrix,0
YTO,Toronto,PUJ,Punta Cana,2026-12-31 00:00:00+00:00,2027-01-10 00:00:00+00:00,,,360,USD,0,,2026-10-04 04:10:54.306755+00:00,travelpayouts,round_trip,month-matrix,0
YTO,Toronto,PUJ,Punta Cana,2026-12-31 00:00:00+00:00,2027-01-11 00:00:00+00:00,,,360,USD,0,,2026-10-04 04:10:54.306755+00:00,travelpayouts,round_trip,month-matrix,0
YTO,Toronto,PUJ,Punta Cana,2026-12-31 00:00:00+00:00,2027-01-12 00:00:00+00:00,,,360,USD,0,,2026-10-04 04:10:54.306755+00:00,travelpayouts,round_trip,month-matrix,0
YTO,Toronto,PUJ,Punta Cana,2026-12-31 00:00:00+00:00,2027-01-13 00:00:00+00:00,,,360,USD,0,,2026-10-04 04:10:54.306755+00:00,travelpayouts,round_trip,month-matrix,0
YTO,Toronto,PUJ,Punta Cana,2026-12-31 00:00:00+00:00,2027-01-14 00:00:00+00:00,,,360,USD,0,,2026-10-04 04:10:54.306755+00:00,travelpayouts,round_trip,month-matrix,0
YTO,Toronto,PUJ,Punta Cana,2026-12-31 00:00:00+00:00,2027-01-15 00:00:00+00:00,,,360,USD,0,,2026-10-04 04:10:54.306755+00:00,travelpayouts,round_trip,month-matrix,0
YTO,Toronto,PUJ,Punta Cana,2026-12-31 00:00:00+00:00,2027-01-16 00:00:00+00:00,,,360,USD,0,,2026-10-04 04:10:54.306755+00:00,travelpayouts,round_trip,month-matrix,0
YTO,Toronto,PUJ,Punta Cana,2026-12-15 00:00:00+00:00,2026-12-22 00:00:00+00:00,,,361,USD,0,,2026-10-04 04:10:54.306755+00:00,travelpayouts,round_trip,month-matrix,546
YTO,Toronto,PUJ,Punta Cana,2026-12-01 00:00:00+00:00,2026-12-04 00:00:00+00:00,,,393,USD,0,,2026-10-04 04:10:54.306755+00:00,travelpayouts,round_trip,month-matrix,535
YTO,Toronto,PUJ,Punta Cana,2026-12-31 00:00:00+00:00,2027-01-08 00:00:00+00:00,,,406,USD,0,,2026-10-04 04:10:54.306755+00:00,travelpayouts,round_trip,month-matrix,565
YTO,Toronto,PUJ,Punta Cana,2026-12-04 00:00:00+00:00,2026-12-11 00:00:00+00:00,,,440,USD,1,,2026-10-04 04:10:54.306755+00:00,travelpayouts,round_trip,month-matrix,2128
YTO,Toronto,PUJ,Punta Cana,2026-12-21 00:00:00+00:00,2026-12-28 00:00:00+00:00,,,696,USD,1,,2026-10-04 04:10:54.306755+00:00,travelpayouts,round_trip,month-matrix,1336
YTO,Toronto,PUJ,Punta Cana,2026-12-27 00:00:00+00:00,2027-01-04 00:00:00+00:00,,,1021,USD,0,,2026-10-04 04:10:54.306755+00:00,travelpayouts,round_trip,month-matrix,565
YTO,Toronto,PUJ,Punta Cana,2026-12-19 00:00:00+00:00,2027-01-03 00:00:00+00:00,,,1046,USD,1,,2026-10-04 04:10:54.306755+00:00,travelpayouts,round_trip,month-matrix,1613
YTO,Toronto,PUJ,Punta Cana,2026-12-07 13:20:00+00:00,2026-12-15 02:40:00+00:00,AC,7862,311,USD,2,,2026-10-04 04:10:54.840508+00:00,travelpayouts,round_trip,prices_for_dates,1140
YTO,Toronto,PUJ,Punta Cana,2026-12-31 14:00:00+00:00,2027-01-18 00:04:00+00:00,F8,2634,313,USD,0,,2026-10-04 04:10:54.840508+00:00,travelpayouts,round_trip,prices_for_dates,561
YTO,Toronto,PUJ,Punta Cana,2026-12-15 19:00:00+00:00,2026-12-23 00:04:00+00:00,TS,286,361,USD,0,,2026-10-04 04:10:54.840508+00:00,travelpayouts,round_trip,prices_for_dates,546
YTO,Toronto,PUJ,Punta Cana,2026-12-01 19:00:00+00:00,2026-12-05 01:25:00+00:00,TS,286,393,USD,0,,2026-10-04 04:10:54.840508+00:00,travelpayouts,round_trip,prices_for_dates,535
YTO,Toronto,PUJ,Punta Cana,2026-12-31 14:00:00+00:00,2027-01-08 19:35:00+00:00,F8,2634,406,USD,0,,2026-10-04 04:10:54.840508+00:00,travelpayouts,round_trip,prices_for_dates,565
YTO,Toronto,PUJ,Punta Cana,2026-12-05 00:44:00+00:00,2026-12-11 23:30:00+00:00,UA,3466,440,USD,1,,2026-10-04 04:10:54.840508+00:00,travelpayouts,round_trip,prices_for_dates,2128
YTO,Toronto,PUJ,Punta Cana,2026-12-21 20:20:00+00:00,2026-12-28 23:45:00+00:00,AC,7972,696,USD,1,,2026-10-04 04:10:54.840508+00:00,travelpayouts,round_trip,prices_for_dates,1336
YTO,Toronto,PUJ,Punta Cana,2026-12-27 05:40:00+00:00,2027-01-04 18:05:00+00:00,WS,2108,1021,USD,0,,2026-10-04 04:10:54.840508+00:00,travelpayouts,round_trip,prices_for_dates,565
YTO,Toronto,PUJ,Punta Cana,2026-12-19 11:20:00+00:00,2027-01-04 03:55:00+00:00,AC,480,1046,USD,1,,2026-10-04 04:10:54.840508+00:00,travelpayouts,round_trip,prices_for_dates,1613
YTO,Toronto,PUJ,Punta Cana,2027-01-02 00:00:00+00:00,,,,164,USD,0,,2026-10-04 04:10:55.879596+00:00,travelpayouts,one_way,month-matrix,275
YTO,Toronto,PUJ,Punta Cana,2027-01-03 00:00:00+00:00,,,,165,USD,0,,2026-10-04 04:10:55.879596+00:00,travelpayouts,one_way,month-matrix,0
YTO,Toronto,PUJ,Punta Cana,2027-01-04 00:00:00+00:00,,,,165,USD,0,,2026-10-04 04:10:55.879596+00:00,travelpayouts,one_way,month-matrix,0
YTO,Toronto,PUJ,Punta Cana,2027-01-05 00:00:00+00:00,,,,165,USD,0,,2026-10-04 04:10:55.879596+00:00,travelpayouts,one_way,month-matrix,0
YTO,Toronto,PUJ,Punta Cana,2027-01-06 00:00:00+00:00,,,,165,USD,0,,2026-10-04 04:10:55.879596+00:00,travelpayouts,one_way,month-matrix,0
YTO,Toronto,PUJ,Punta Cana,2027-01-07 00:00:00+00:00,,,,165,USD,0,,2026-10-04 04:10:55.879596+00:00,travelpayouts,one_way,month-matrix,0
YTO,Toronto,PUJ,Punta Cana,2027-01-08 00:00:00+00:00,,,,165,USD,0,,2026-10-04 04:10:55.879596+00:00,travelpayouts,one_way,month-matrix,0
YTO,Toronto,PUJ,Punta Cana,2027-01-09 00:00:00+00:00,,,,165,USD,0,,2026-10-04 04:10:55.879596+00:00,travelpayouts,one_way,month-matrix,0
YTO,Toronto,PUJ,Punta Cana,2027-01-10 00:00:00+00:00,,,,165,USD,0,,2026-10-04 04:10:55.879596+00:00,travelpayouts,one_way,month-matrix,0
YTO,Toronto,PUJ,Punta Cana,2027-01-11 00:00:00+00:00,,,,165,USD,0,,2026-10-04 04:10:55.879596+00:00,travelpayouts,one_way,month-matrix,0
YTO,Toronto,PUJ,Punta Cana,2027-01-12 00:00:00+00:00,,,,165,USD,0,,2026-10-04 04:10:55.879596+00:00,travelpayouts,one_way,month-matrix,0
YTO,Toronto,PUJ,Punta Cana,2027-01-13 00:00:00+00:00,,,,165,USD,0,,2026-10-04 04:10:55.879596+00:00,travelpayouts,one_way,month-matrix,0
YTO,Toronto,PUJ,Punta Cana,2027-01-14 00:00:00+00:00,,,,165,USD,0,,2026-10-04 04:10:55.879596+00:00,travelpayouts,one_way,month-matrix,0
YTO,Toronto,PUJ,Punta Cana,2027-01-15 00:00:00+00:00,,,,165,USD,0,,2026-10-04 04:10:55.879596+00:00,travelpayouts,one_way,month-matrix,0
YTO,Toronto,PUJ,Punta Cana,2027-01-16 00:00:00+00:00,,,,165,USD,0,,2026-10-04 04:10:55.879596+00:00,travelpayouts,one_way,month-matrix,0
YTO,Toronto,PUJ,Punta Cana,2027-01-17 00:00:00+00:00,,,,165,USD,0,,2026-10-04 04:10:55.879596+00:00,travelpayouts,one_way,month-matrix,0
YTO,Toronto,PUJ,Punta Cana,2027-01-18 00:00:00+00:00,,,,165,USD,0,,2026-10-04 04:10:55.879596+00:00,travelpayouts,one_way,month-matrix,0
YTO,Toronto,PUJ,Punta Cana,2027-01-19 00:00:00+00:00,,,,165,USD,0,,2026-10-04 04:10:55.879596+00:00,travelpayouts,one_way,month-matrix,0
YTO,Toronto,PUJ,Punta Cana,2027-01-20 00:00:00+00:00,,,,165,USD,0,,2026-10-04 04:10:55.879596+00:00,travelpayouts,one_way,month-matrix,0
YTO,Toronto,PUJ,Punta Cana,2027-01-21 00:00:00+00:00,,,,166,USD,0,,2026-10-04 04:10:55.879596+00:00,travelpayouts,one_way,month-matrix,275
YTO,Toronto,PUJ,Punta Cana,2027-01-02 18:40:00+00:00,,F8,2632,164,USD,0,,2026-10-04 04:10:56.402155+00:00,travelpayouts,one_way,prices_for_dates,275
YTO,Toronto,PUJ,Punta Cana,2027-01-21 14:00:00+00:00,,F8,2634,166,USD,0,,2026-10-04 04:10:56.402155+00:00,travelpayouts,one_way,prices_for_dates,275
YTO,Toronto,PUJ,Punta Cana,2027-01-20 00:00:00+00:00,2027-01-28 00:00:00+00:00,,,372,USD,0,,2026-10-04 04:10:57.451680+00:00,travelpayouts,round_trip,month-matrix,568
YTO,Toronto,PUJ,Punta Cana,2027-01-02 00:00:00+00:00,2027-01-10 00:00:00+00:00,,,379,USD,0,,2026-10-04 04:10:57.451680+00:00,travelpayouts,round_trip,month-matrix,565
YTO,Toronto,PUJ,Punta Cana,2027-01-01 00:00:00+00:00,2027-01-10 00:00:00+00:00,,,382,USD,0,,2026-10-04 04:10:57.451680+00:00,travelpayouts,round_trip,month-matrix,565
YTO,Toronto,PUJ,Punta Cana,2027-01-01 00:00:00+00:00,2027-01-09 00:00:00+00:00,,,384,USD,0,,2026-10-04 04:10:57.451680+00:00,travelpayouts,round_trip,month-matrix,0
YTO,Toronto,PUJ,Punta Cana,2027-01-01 00:00:00+00:00,2027-01-08 00:00:00+00:00,,,386,USD,0,,2026-10-04 04:10:57.451680+00:00,travelpayouts,round_trip,month-matrix,565
YTO,Toronto,PUJ,Punta Cana,2027-01-20 11:30:00+00:00,2027-01-29 00:04:00+00:00,DM,5863,372,USD,0,,2026-10-04 04:10:57.998217+00:00,travelpayouts,round_trip,prices_for_dates,568
YTO,Toronto,PUJ,Punta Cana,2027-01-02 18:40:00+00:00,2027-01-10 19:35:00+00:00,F8,2632,379,USD,0,,2026-10-04 04:10:57.998217+00:00,travelpayouts,round_trip,prices_for_dates,565
YTO,Toronto,PUJ,Punta Cana,2027-01-01 14:00:00+00:00,2027-01-10 19:35:00+00:00,F8,2634,382,USD,0,,2026-10-04 04:10:57.998217+00:00,travelpayouts,round_trip,prices_for_dates,565
YTO,Toronto,PUJ,Punta Cana,2027-01-01 14:00:00+00:00,2027-01-08 19:35:00+00:00,F8,2634,386,USD,0,,2026-10-04 04:10:57.998217+00:00,travelpayouts,round_trip,prices_for_dates,565
YTO,Toronto,LAX,Los Angeles,2026-10-27 00:00:00+00:00,,,,245,USD,0,,2026-10-04 04:11:13.208697+00:00,travelpayouts,one_way,month-matrix,339
YTO,Toronto,LAX,Los Angeles,2026-10-16 00:00:00+00:00,,,,277,USD,0,,2026-10-04 04:11:13.208697+00:00,travelpayouts,one_way,month-matrix,0
YTO,Toronto,LAX,Los Angeles,2026-10-17 00:00:00+00:00,,,,277,USD,0,,2026-10-04 04:11:13.208697+00:00,travelpayouts,one_way,month-matrix,0
YTO,Toronto,LAX,Los Angeles,2026-10-18 00:00:00+00:00,,,,277,USD,0,,2026-10-04 04:11:13.208697+00:00,travelpayouts,one_way,month-matrix,0
YTO,Toronto,LAX,Los Angeles,2026-10-19 00:00:00+00:00,,,,277,USD,0,,2026-10-04 04:11:13.208697+00:00,travelpayouts,one_way,month-matrix,0
YTO,Toronto,LAX,Los Angeles,2026-10-20 00:00:00+00:00,,,,277,USD,0,,2026-10-04 04:11:13.208697+00:00,travelpayouts,one_way,month-matrix,0
YTO,Toronto,LAX,Los Angeles,2026-10-21 00:00:00+00:00,,,,277,USD,0,,2026-10-04 04:11:13.208697+00:00,travelpayouts,one_way,month-matrix,0
YTO,Toronto,LAX,Los Angeles,2026-10-22 00:00:00+00:00,,,,277,USD,0,,2026-10-04 04:11:13.208697+00:00,travelpayouts,one_way,month-matrix,0
YTO,Toronto,LAX,Los Angeles,2026-10-23 00:00:00+00:00,,,,277,USD,0,,2026-10-04 04:11:13.208697+00:00,travelpayouts,one_way,month-matrix,0
YTO,Toronto,LAX,Los Angeles,2026-10-24 00:00:00+00:00,,,,277,USD,0,,2026-10-04 04:11:13.208697+00:00,travelpayouts,one_way,month-matrix,0
YTO,Toronto,LAX,Los Angeles,2026-10-25 00:00:00+00:00,,,,277,USD,0,,2026-10-04 04:11:13.208697+00:00,travelpayouts,one_way,month-matrix,0
YTO,Toronto,LAX,Los Angeles,2026-10-26 00:00:00+00:00,,,,277,USD,0,,2026-10-04 04:11:13.208697+00:00,travelpayouts,one_way,month-matrix,0
YTO,Toronto,LAX,Los Angeles,2026-10-15 00:00:00+00:00,,,,309,USD,1,,2026-10-04 04:11:13.208697+00:00,travelpayouts,one_way,month-matrix,603
YTO,Toronto,LAX,Los Angeles,2026-10-10 00:00:00+00:00,,,,313,USD,1,,2026-10-04 04:11:13.208697+00:00,travelpayouts,one_way,month-matrix,497
YTO,Toronto,LAX,Los Angeles,2026-10-07 00:00:00+00:00,,,,333,USD,1,,2026-10-04 04:11:13.208697+00:00,travelpayouts,one_way,month-matrix,530
YTO,Toronto,LAX,Los Angeles,2026-10-13 00:00:00+00:00,,,,345,USD,1,,2026-10-04 04:11:13.208697+00:00,travelpayouts,one_way,month-matrix,539
YTO,Toronto,LAX,Los Angeles,2026-10-05 00:00:00+00:00,,,,351,USD,0,,2026-10-04 04:11:13.208697+00:00,travelpayouts,one_way,month-matrix,0
YTO,Toronto,LAX,Los Angeles,2026-10-06 00:00:00+00:00,,,,351,USD,0,,2026-10-04 04:11:13.208697+00:00,travelpayouts,one_way,month-matrix,0
YTO,Toronto,LAX,Los Angeles,2026-10-04 00:00:00+00:00,,,,370,USD,2,,2026-10-04 04:11:13.208697+00:00,travelpayouts,one_way,month-matrix,678
YTO,Toronto,LAX,Los Angeles,2026-10-14 00:00:00+00:00,,,,392,USD,1,,2026-10-04 04:11:13.208697+00:00,travelpayouts,one_way,month-matrix,555
YTO,Toronto,LAX,Los Angeles,2026-10-27 13:55:00+00:00,,PD,663,245,USD,0,,2026-10-04 04:11:13.702978+00:00,travelpayouts,one_way,prices_for_dates,339
YTO,Toronto,LAX,Los Angeles,2026-10-15 20:55:00+00:00,,AS,391,309,USD,1,,2026-10-04 04:11:13.702978+00:00,travelpayouts,one_way,prices_for_dates,603
YTO,Toronto,LAX,Los Angeles,2026-10-10 18:59:00+00:00,,AA,1993,313,USD,1,,2026-10-04 04:11:13.702978+00:00,travelpayouts,one_way,prices_for_dates,497
YTO,Toronto,LAX,Los Angeles,2026-10-07 10:46:00+00:00,,AA,1169,333,USD,1,,2026-10-04 04:11:13.702978+00:00,travelpayouts,one_way,prices_for_dates,530
YTO,Toronto,LAX,Los Angeles,2026-10-13 19:14:00+00:00,,AA,3608,345,USD,1,,2026-10-04 04:11:13.702978+00:00,travelpayouts,one_way,prices_for_dates,539
YTO,Toronto,LAX,Los Angeles,2026-10-04 11:00:00+00:00,,UA,1612,370,USD,2,,2026-10-04 04:11:13.702978+00:00,travelpayouts,one_way,prices_for_dates,678
YTO,Toronto,LAX,Los Angeles,2026-10-14 19:50:00+00:00,,WS,645,392,USD,1,,2026-10-04 04:11:13.702978+00:00,travelpayouts,one_way,prices_for_dates,555
YTO,Toronto,LAX,Los Angeles,2026-10-13 00:00:00+00:00,,,,332,USD,1,,2026-10-04 04:11:14.220372+00:00,travelpayouts,one_way,latest,603
YTO,Toronto,LAX,Los Angeles,2026-10-10 00:00:00+00:00,,,,341,USD,1,,2026-10-04 04:11:14.220372+00:00,travelpayouts,one_way,latest,497
YTO,Toronto,LAX,Los Angeles,2026-10-30 00:00:00+00:00,2026-11-05 00:00:00+00:00,,,327,USD,1,,2026-10-04 04:11:14.787076+00:00,travelpayouts,round_trip,month-matrix,892
YTO,Toronto,LAX,Los Angeles,2026-10-27 00:00:00+00:00,2026-11-01 00:00:00+00:00,,,468,USD,0,,2026-10-04 04:11:14.787076+00:00,travelpayouts,round_trip,month-matrix,622
YTO,Toronto,LAX,Los Angeles,2026-10-27 00:00:00+00:00,2026-10-31 00:00:00+00:00,,,474,USD,2,,2026-10-04 04:11:14.787076+00:00,travelpayouts,round_trip,month-matrix,1179
YTO,Toronto,LAX,Los Angeles,2026-10-24 00:00:00+00:00,2026-11-02 00:00:00+00:00,,,480,USD,1,,2026-10-04 04:11:14.787076+00:00,travelpayouts,round_trip,month-matrix,978
YTO,Toronto,LAX,Los Angeles,2026-10-16 00:00:00+00:00,2026-10-19 00:00:00+00:00,,,526,USD,1,,2026-10-04 04:11:14.787076+00:00,travelpayouts,round_trip,month-matrix,750
YTO,Toronto,LAX,Los Angeles,2026-10-30 10:45:00+00:00,2026-11-05 14:00:00+00:00,AC,5141,327,USD,1,,2026-10-04 04:11:15.310368+00:00,travelpayouts,round_trip,prices_for_dates,892
YTO,Toronto,LAX,Los Angeles,2026-10-27 13:55:00+00:00,2026-11-01 21:35:00+00:00,PD,663,468,USD,0,,2026-10-04 04:11:15.310368+00:00,travelpayouts,round_trip,prices_for_dates,622
YTO,Toronto,LAX,Los Angeles,2026-10-27 10:46:00+00:00,2026-10-31 19:01:00+00:00,AA,1169,474,USD,2,,2026-10-04 04:11:15.310368+00:00,travelpayouts,round_trip,prices_for_dates,1179
YTO,Toronto,LAX,Los Angeles,2026-10-24 11:00:00+00:00,2026-11-03 01:35:00+00:00,UA,1612,480,USD,1,,2026-10-04 04:11:15.310368+00:00,travelpayouts,round_trip,prices_for_dates,978
YTO,Toronto,LAX,Los Angeles,2026-10-16 15:05:00+00:00,2026-10-19 14:30:00+00:00,PD,663,535,USD,0,,2026-10-04 04:11:15.310368+00:00,travelpayouts,round_trip,prices_for_dates,1190
YTO,Toronto,LAX,Los Angeles,2026-11-26 00:00:00+00:00,,,,234,USD,0,,2026-10-04 04:11:16.318233+00:00,travelpayouts,one_way,month-matrix,339
YTO,Toronto,LAX,Los Angeles,2026-11-16 00:00:00+00:00,,,,236,USD,0,,2026-10-04 04:11:16.318233+00:00,travelpayouts,one_way,month-matrix,0
YTO,Toronto,LAX,Los Angeles,2026-11-17 00:00:00+00:00,,,,236,USD,0,,2026-10-04 04:11:16.318233+00:00,travelpayouts,one_way,month-matrix,0
YTO,Toronto,LAX,Los Angeles,2026-11-18 00:00:00+00:00,,,,236,USD,0,,2026-10-04 04:11:16.318233+00:00,travelpayouts,one_way,month-matrix,0
YTO,Toronto,LAX,Los Angeles,2026-11-19 00:00:00+00:00,,,,236,USD,0,,2026-10-04 04:11:16.318233+00:00,travelpayouts,one_way,month-matrix,0
YTO,Toronto,LAX,Los Angeles,2026-11-20 00:00:00+00:00,,,,236,USD,0,,2026-10-04 04:11:16.318233+00:00,travelpayouts,one_way,month-matrix,0
YTO,Toronto,LAX,Los Angeles,2026-11-21 00:00:00+00:00,,,,236,USD,0,,2026-10-04 04:11:16.318233+00:00,travelpayouts,one_way,month-matrix,0
YTO,Toronto,LAX,Los Angeles,2026-11-22 00:00:00+00:00,,,,236,USD,0,,2026-10-04 04:11:16.318233+00:00,travelpayouts,one_way,month-matrix,0
YTO,Toronto,LAX,Los Angeles,2026-11-23 00:00:00+00:00,,,,236,USD,0,,2026-10-04 04:11:16.318233+00:00,travelpayouts,one_way,month-matrix,0
YTO,Toronto,LAX,Los Angeles,2026-11-24 00:00:00+00:00,,,,236,USD,0,,2026-10-04 04:11:16.318233+00:00,travelpayouts,one_way,month-matrix,0
YTO,Toronto,LAX,Los Angeles,2026-11-25 00:00:00+00:00,,,,236,USD,0,,2026-10-04 04:11:16.318233+00:00,travelpayouts,one_way,month-matrix,0
YTO,Toronto,LAX,Los Angeles,2026-11-15 00:00:00+00:00,,,,239,USD,0,,2026-10-04 04:11:16.318233+00:00,travelpayouts,one_way,month-matrix,339
YTO,Toronto,LAX,Los Angeles,2026-11-26 14:55:00+00:00,,PD,663,234,USD,0,,2026-10-04 04:11:16.848610+00:00,travelpayouts,one_way,prices_for_dates,339
YTO,Toronto,LAX,Los Angeles,2026-11-15 14:55:00+00:00,,PD,663,239,USD,0,,2026-10-04 04:11:16.848610+00:00,travelpayouts,one_way,prices_for_dates,339
YTO,Toronto,LAX,Los Angeles,2026-11-14 00:00:00+00:00,2026-11-16 00:00:00+00:00,,,407,USD,0,,2026-10-04 04:11:17.915323+00:00,travelpayouts,round_trip,month-matrix,620
YTO,Toronto,LAX,Los Angeles,2026-11-14 19:05:00+00:00,2026-11-17 01:35:00+00:00,AC,789,407,USD,0,,2026-10-04 04:11:18.419780+00:00,travelpayouts,round_trip,prices_for_dates,620
YTO,Toronto,LAX,Los Angeles,2026-12-19 00:00:00+00:00,,,,290,USD,1,,2026-10-04 04:11:19.469783+00:00,travelpayouts,one_way,month-matrix,514
YTO,Toronto,LAX,Los Angeles,2026-12-19 21:35:00+00:00,,P3,2705,290,USD,1,,2026-10-04 04:11:19.999601+00:00,travelpayouts,one_way,prices_for_dates,514
YTO,Toronto,LAX,Los Angeles,2026-12-15 00:00:00+00:00,2026-12-19 00:00:00+00:00,,,467,USD,2,,2026-10-04 04:11:21.041287+00:00,travelpayouts,round_trip,month-matrix,1625
YTO,Toronto,LAX,Los Angeles,2026-12-15 12:00:00+00:00,2026-12-20 01:00:00+00:00,WS,433,467,USD,2,,2026-10-04 04:11:21.595474+00:00,travelpayouts,round_trip,prices_for_dates,1625
YTO,Toronto,LAX,Los Angeles,2027-01-12 00:00:00+00:00,,,,174,USD,1,,2026-10-04 04:11:22.610197+00:00,travelpayouts,one_way,month-matrix,484
YTO,Toronto,LAX,Los Angeles,2027-01-12 21:10:00+00:00,,UA,1810,174,USD,1,,2026-10-04 04:11:23.149571+00:00,travelpayouts,one_way,prices_for_dates,484
YTO,Toronto,LAX,Los Angeles,2027-01-12 00:00:00+00:00,2027-01-26 00:00:00+00:00,,,299,USD,1,,2026-10-04 04:11:24.185359+00:00,travelpayouts,round_trip,month-matrix,923
YTO,Toronto,LAX,Los Angeles,2027-01-19 00:00:00+00:00,2027-02-02 00:00:00+00:00,,,409,USD,2,,2026-10-04 04:11:24.185359+00:00,travelpayouts,round_trip,month-matrix,1219
YTO,Toronto,LAX,Los Angeles,2027-01-20 00:00:00+00:00,2027-01-28 00:00:00+00:00,,,436,USD,1,,2026-10-04 04:11:24.185359+00:00,travelpayouts,round_trip,month-matrix,1135
YTO,Toronto,LAX,Los Angeles,2027-01-12 22:55:00+00:00,2027-01-26 14:00:00+00:00,UA,2807,299,USD,1,,2026-10-04 04:11:24.711888+00:00,travelpayouts,round_trip,prices_for_dates,923
YTO,Toronto,LAX,Los Angeles,2027-01-19 20:20:00+00:00,2027-02-02 17:35:00+00:00,AA,3608,409,USD,1,,2026-10-04 04:11:24.711888+00:00,travelpayouts,round_trip,prices_for_dates,1219
YTO,Toronto,LAX,Los Angeles,2027-01-20 14:35:00+00:00,2027-01-28 15:00:00+00:00,WS,655,436,USD,1,,2026-10-04 04:11:24.711888+00:00,travelpayouts,round_trip,prices_for_dates,1135
YTO,Toronto,AMS,Amsterdam,2026-10-11 00:00:00+00:00,,,,235,USD,1,,2026-10-04 04:11:38.358808+00:00,travelpayouts,one_way,month-matrix,1670
YTO,Toronto,AMS,Amsterdam,2026-10-12 00:00:00+00:00,,,,266,USD,0,,2026-10-04 04:11:38.358808+00:00,travelpayouts,one_way,month-matrix,0
YTO,Toronto,AMS,Amsterdam,2026-10-13 00:00:00+00:00,,,,266,USD,0,,2026-10-04 04:11:38.358808+00:00,travelpayouts,one_way,month-matrix,0
YTO,Toronto,AMS,Amsterdam,2026-10-14 00:00:00+00:00,,,,297,USD,0,,2026-10-04 04:11:38.358808+00:00,travelpayouts,one_way,month-matrix,445
YTO,Toronto,AMS,Amsterdam,2026-10-10 00:00:00+00:00,,,,312,USD,0,,2026-10-04 04:11:38.358808+00:00,travelpayouts,one_way,month-matrix,0
YTO,Toronto,AMS,Amsterdam,2026-10-04 00:00:00+00:00,,,,321,USD,0,,2026-10-04 04:11:38.358808+00:00,travelpayouts,one_way,month-matrix,445
YTO,Toronto,AMS,Amsterdam,2026-10-15 00:00:00+00:00,,,,348,USD,0,,2026-10-04 04:11:38.358808+00:00,travelpayouts,one_way,month-matrix,0
YTO,Toronto,AMS,Amsterdam,2026-10-16 00:00:00+00:00,,,,348,USD,0,,2026-10-04 04:11:38.358808+00:00,travelpayouts,one_way,month-matrix,0
YTO,Toronto,AMS,Amsterdam,2026-10-17 00:00:00+00:00,,,,348,USD,0,,2026-10-04 04:11:38.358808+00:00,travelpayouts,one_way,month-matrix,0
YTO,Toronto,AMS,Amsterdam,2026-10-18 00:00:00+00:00,,,,348,USD,0,,2026-10-04 04:11:38.358808+00:00,travelpayouts,one_way,month-matrix,0
YTO,Toronto,AMS,Amsterdam,2026-10-19 00:00:00+00:00,,,,348,USD,0,,2026-10-04 04:11:38.358808+00:00,travelpayouts,one_way,month-matrix,0
YTO,Toronto,AMS,Amsterdam,2026-10-20 00:00:00+00:00,,,,348,USD,0,,2026-10-04 04:11:38.358808+00:00,travelpayouts,one_way,month-matrix,0
YTO,Toronto,AMS,Amsterdam,2026-10-21 00:00:00+00:00,,,,348,USD,0,,2026-10-04 04:11:38.358808+00:00,travelpayouts,one_way,month-matrix,0
YTO,Toronto,AMS,Amsterdam,2026-10-22 00:00:00+00:00,,,,348,USD,0,,2026-10-04 04:11:38.358808+00:00,travelpayouts,one_way,month-matrix,0
YTO,Toronto,AMS,Amsterdam,2026-10-23 00:00:00+00:00,,,,348,USD,0,,2026-10-04 04:11:38.358808+00:00,travelpayouts,one_way,month-matrix,0
YTO,Toronto,AMS,Amsterdam,2026-10-24 00:00:00+00:00,,,,348,USD,0,,2026-10-04 04:11:38.358808+00:00,travelpayouts,one_way,month-matrix,0
YTO,Toronto,AMS,Amsterdam,2026-10-25 00:00:00+00:00,,,,348,USD,0,,2026-10-04 04:11:38.358808+00:00,travelpayouts,one_way,month-matrix,0
YTO,Toronto,AMS,Amsterdam,2026-10-05 00:00:00+00:00,,,,349,USD,0,,2026-10-04 04:11:38.358808+00:00,travelpayouts,one_way,month-matrix,0
YTO,Toronto,AMS,Amsterdam,2026-10-06 00:00:00+00:00,,,,378,USD,2,,2026-10-04 04:11:38.358808+00:00,travelpayouts,one_way,month-matrix,1070
YTO,Toronto,AMS,Amsterdam,2026-10-07 00:00:00+00:00,,,,383,USD,0,,2026-10-04 04:11:38.358808+00:00,travelpayouts,one_way,month-matrix,0
YTO,Toronto,AMS,Amsterdam,2026-10-08 00:00:00+00:00,,,,383,USD,0,,2026-10-04 04:11:38.358808+00:00,travelpayouts,one_way,month-matrix,0
YTO,Toronto,AMS,Amsterdam,2026-10-09 00:00:00+00:00,,,,388,USD,3,,2026-10-04 04:11:38.358808+00:00,travelpayouts,one_way,month-matrix,1215
YTO,Toronto,AMS,Amsterdam,2026-10-26 00:00:00+00:00,,,,400,USD,1,,2026-10-04 04:11:38.358808+00:00,travelpayouts,one_way,month-matrix,1035
YTO,Toronto,AMS,Amsterdam,2026-10-12 03:55:00+00:00,,TS,230,235,USD,1,,2026-10-04 04:11:38.875663+00:00,travelpayouts,one_way,prices_for_dates,1670
YTO,Toronto,AMS,Amsterdam,2026-10-15 03:45:00+00:00,,TS,376,297,USD,0,,2026-10-04 04:11:38.875663+00:00,travelpayouts,one_way,prices_for_dates,445
YTO,Toronto,AMS,Amsterdam,2026-10-05 03:45:00+00:00,,TS,376,321,USD,0,,2026-10-04 04:11:38.875663+00:00,travelpayouts,one_way,prices_for_dates,445
YTO,Toronto,AMS,Amsterdam,2026-10-06 22:15:00+00:00,,WS,806,378,USD,2,,2026-10-04 04:11:38.875663+00:00,travelpayouts,one_way,prices_for_dates,1070
YTO,Toronto,AMS,Amsterdam,2026-10-09 22:20:00+00:00,,WS,780,388,USD,3,,2026-10-04 04:11:38.875663+00:00,travelpayouts,one_way,prices_for_dates,1215
YTO,Toronto,AMS,Amsterdam,2026-10-27 02:35:00+00:00,,TS,122,400,USD,1,,2026-10-04 04:11:38.875663+00:00,travelpayouts,one_way,prices_for_dates,1035
YTO,Toronto,AMS,Amsterdam,2026-10-30 00:00:00+00:00,2026-11-16 00:00:00+00:00,,,536,USD,2,,2026-10-04 04:11:39.929397+00:00,travelpayouts,round_trip,month-matrix,1615
YTO,Toronto,AMS,Amsterdam,2026-10-29 00:00:00+00:00,2026-11-15 00:00:00+00:00,,,553,USD,2,,2026-10-04 04:11:39.929397+00:00,travelpayouts,round_trip,month-matrix,2040
YTO,Toronto,AMS,Amsterdam,2026-10-30 00:00:00+00:00,2026-11-15 00:00:00+00:00,,,553,USD,2,,2026-10-04 04:11:39.929397+00:00,travelpayouts,round_trip,month-matrix,2040
YTO,Toronto,AMS,Amsterdam,2026-10-12 00:00:00+00:00,2026-10-16 00:00:00+00:00,,,566,USD,1,,2026-10-04 04:11:39.929397+00:00,travelpayouts,round_trip,month-matrix,1085
YTO,Toronto,AMS,Amsterdam,2026-10-10 00:00:00+00:00,2026-10-17 00:00:00+00:00,,,589,USD,2,,2026-10-04 04:11:39.929397+00:00,travelpayouts,round_trip,month-matrix,3245
YTO,Toronto,AMS,Amsterdam,2026-10-30 12:20:00+00:00,2026-11-16 11:05:00+00:00,AC,7862,536,USD,2,,2026-10-04 04:11:40.443041+00:00,travelpayouts,round_trip,prices_for_dates,1615
YTO,Toronto,AMS,Amsterdam,2026-10-29 12:20:00+00:00,2026-11-15 06:00:00+00:00,AC,7862,553,USD,2,,2026-10-04 04:11:40.443041+00:00,travelpayouts,round_trip,prices_for_dates,2040
YTO,Toronto,AMS,Amsterdam,2026-10-30 12:20:00+00:00,2026-11-15 06:00:00+00:00,AC,7862,553,USD,2,,2026-10-04 04:11:40.443041+00:00,travelpayouts,round_trip,prices_for_dates,2040
YTO,Toronto,AMS,Amsterdam,2026-10-13 01:55:00+00:00,2026-10-16 14:00:00+00:00,KL,696,566,USD,0,,2026-10-04 04:11:40.443041+00:00,travelpayouts,round_trip,prices_for_dates,1085
YTO,Toronto,AMS,Amsterdam,2026-10-11 01:00:00+00:00,2026-10-17 16:30:00+00:00,AC,428,589,USD,1,,2026-10-04 04:11:40.443041+00:00,travelpayouts,round_trip,prices_for_dates,3245
YTO,Toronto,AMS,Amsterdam,2026-11-25 00:00:00+00:00,,,,335,USD,3,,2026-10-04 04:11:41.507719+00:00,travelpayouts,one_way,month-matrix,1630
YTO,Toronto,AMS,Amsterdam,2026-11-26 00:00:00+00:00,,,,345,USD,0,,2026-10-04 04:11:41.507719+00:00,travelpayouts,one_way,month-matrix,0
YTO,Toronto,AMS,Amsterdam,2026-11-27 00:00:00+00:00,,,,345,USD,0,,2026-10-04 04:11:41.507719+00:00,travelpayouts,one_way,month-matrix,0
YTO,Toronto,AMS,Amsterdam,2026-11-28 00:00:00+00:00,,,,345,USD,0,,2026-10-04 04:11:41.507719+00:00,travelpayouts,one_way,month-matrix,0
YTO,Toronto,AMS,Amsterdam,2026-11-29 00:00:00+00:00,,,,355,USD,2,,2026-10-04 04:11:41.507719+00:00,travelpayouts,one_way,month-matrix,1630
YTO,Toronto,AMS,Amsterdam,2026-11-25 19:45:00+00:00,,PD,2471,335,USD,3,,2026-10-04 04:11:42.062215+00:00,travelpayouts,one_way,prices_for_dates,1630
YTO,Toronto,AMS,Amsterdam,2026-11-29 19:45:00+00:00,,PD,2471,355,USD,2,,2026-10-04 04:11:42.062215+00:00,travelpayouts,one_way,prices_for_dates,1630
YTO,Toronto,AMS,Amsterdam,2026-11-23 00:00:00+00:00,2026-12-05 00:00:00+00:00,,,423,USD,1,,2026-10-04 04:11:43.072498+00:00,travelpayouts,round_trip,month-matrix,1295
YTO,Toronto,AMS,Amsterdam,2026-11-24 00:00:00+00:00,2026-12-05 00:00:00+00:00,,,427,USD,1,,2026-10-04 04:11:43.072498+00:00,travelpayouts,round_trip,month-matrix,1740
YTO,Toronto,AMS,Amsterdam,2026-11-22 00:00:00+00:00,2026-12-05 00:00:00+00:00,,,430,USD,1,,2026-10-04 04:11:43.072498+00:00,travelpayouts,round_trip,month-matrix,1295
YTO,Toronto,AMS,Amsterdam,2026-11-07 00:00:00+00:00,2026-11-14 00:00:00+00:00,,,518,USD,0,,2026-10-04 04:11:43.072498+00:00,travelpayouts,round_trip,month-matrix,935
YTO,Toronto,AMS,Amsterdam,2026-11-24 00:40:00+00:00,2026-12-05 11:55:00+00:00,FI,602,423,USD,1,,2026-10-04 04:11:43.591076+00:00,travelpayouts,round_trip,prices_for_dates,1295
YTO,Toronto,AMS,Amsterdam,2026-11-25 00:40:00+00:00,2026-12-05 11:55:00+00:00,FI,602,427,USD,1,,2026-10-04 04:11:43.591076+00:00,travelpayouts,round_trip,prices_for_dates,1740
YTO,Toronto,AMS,Amsterdam,2026-11-23 00:40:00+00:00,2026-12-05 11:55:00+00:00,FI,602,430,USD,1,,2026-10-04 04:11:43.591076+00:00,travelpayouts,round_trip,prices_for_dates,1295
YTO,Toronto,AMS,Amsterdam,2026-11-08 01:50:00+00:00,2026-11-14 11:05:00+00:00,AC,808,518,USD,0,,2026-10-04 04:11:43.591076+00:00,travelpayouts,round_trip,prices_for_dates,935
YTO,Toronto,AMS,Amsterdam,2026-12-24 00:00:00+00:00,,,,583,USD,1,,2026-10-04 04:11:44.636822+00:00,travelpayouts,one_way,month-matrix,800
YTO,Toronto,AMS,Amsterdam,2026-12-23 00:00:00+00:00,,,,590,USD,1,,2026-10-04 04:11:44.636822+00:00,travelpayouts,one_way,month-matrix,575
YTO,Toronto,AMS,Amsterdam,2026-12-22 00:00:00+00:00,,,,613,USD,2,,2026-10-04 04:11:44.636822+00:00,travelpayouts,one_way,month-matrix,2130
YTO,Toronto,AMS,Amsterdam,2026-12-24 22:30:00+00:00,,TP,258,583,USD,1,,2026-10-04 04:11:45.163922+00:00,travelpayouts,one_way,prices_for_dates,800
YTO,Toronto,AMS,Amsterdam,2026-12-23 22:20:00+00:00,,EI,126,590,USD,1,,2026-10-04 04:11:45.163922+00:00,travelpayouts,one_way,prices_for_dates,575
YTO,Toronto,AMS,Amsterdam,2026-12-22 22:10:00+00:00,,AA,4308,613,USD,2,,2026-10-04 04:11:45.163922+00:00,travelpayouts,one_way,prices_for_dates,2130
YTO,Toronto,AMS,Amsterdam,2026-12-05 00:00:00+00:00,2026-12-19 00:00:00+00:00,,,667,USD,1,,2026-10-04 04:11:46.253841+00:00,travelpayouts,round_trip,month-matrix,1740
YTO,Toronto,AMS,Amsterdam,2026-12-25 00:00:00+00:00,2027-01-10 00:00:00+00:00,,,718,USD,1,,2026-10-04 04:11:46.253841+00:00,travelpayouts,round_trip,month-matrix,1985
YTO,Toronto,AMS,Amsterdam,2026-12-24 00:00:00+00:00,2027-01-07 00:00:00+00:00,,,724,USD,1,,2026-10-04 04:11:46.253841+00:00,travelpayouts,round_trip,month-matrix,1690
YTO,Toronto,AMS,Amsterdam,2026-12-24 00:00:00+00:00,2027-01-08 00:00:00+00:00,,,748,USD,0,,2026-10-04 04:11:46.253841+00:00,travelpayouts,round_trip,month-matrix,0
YTO,Toronto,AMS,Amsterdam,2026-12-24 00:00:00+00:00,2027-01-09 00:00:00+00:00,,,772,USD,1,,2026-10-04 04:11:46.253841+00:00,travelpayouts,round_trip,month-matrix,3140
YTO,Toronto,AMS,Amsterdam,2026-12-23 00:00:00+00:00,2027-01-10 00:00:00+00:00,,,790,USD,1,,2026-10-04 04:11:46.253841+00:00,travelpayouts,round_trip,month-matrix,2290
YTO,Toronto,AMS,Amsterdam,2026-12-23 00:00:00+00:00,2027-01-11 00:00:00+00:00,,,796,USD,2,,2026-10-04 04:11:46.253841+00:00,travelpayouts,round_trip,month-matrix,2255
YTO,Toronto,AMS,Amsterdam,2026-12-23 00:00:00+00:00,2027-01-08 00:00:00+00:00,,,820,USD,1,,2026-10-04 04:11:46.253841+00:00,travelpayouts,round_trip,month-matrix,2680
YTO,Toronto,AMS,Amsterdam,2026-12-23 00:00:00+00:00,2027-01-09 00:00:00+00:00,,,859,USD,1,,2026-10-04 04:11:46.253841+00:00,travelpayouts,round_trip,month-matrix,2570
YTO,Toronto,AMS,Amsterdam,2026-12-22 00:00:00+00:00,2027-01-08 00:00:00+00:00,,,877,USD,1,,2026-10-04 04:11:46.253841+00:00,travelpayouts,round_trip,month-matrix,1295
YTO,Toronto,AMS,Amsterdam,2026-12-22 00:00:00+00:00,2027-01-09 00:00:00+00:00,,,952,USD,1,,2026-10-04 04:11:46.253841+00:00,travelpayouts,round_trip,month-matrix,1295
YTO,Toronto,AMS,Amsterdam,2026-12-06 00:40:00+00:00,2026-12-19 11:55:00+00:00,FI,602,667,USD,1,,2026-10-04 04:11:46.749902+00:00,travelpayouts,round_trip,prices_for_dates,1740
YTO,Toronto,AMS,Amsterdam,2026-12-26 00:50:00+00:00,2027-01-10 07:55:00+00:00,AC,836,718,USD,1,,2026-10-04 04:11:46.749902+00:00,travelpayouts,round_trip,prices_for_dates,1985
YTO,Toronto,AMS,Amsterdam,2026-12-25 02:45:00+00:00,2027-01-07 12:30:00+00:00,VS,148,724,USD,1,,2026-10-04 04:11:46.749902+00:00,travelpayouts,round_trip,prices_for_dates,1690
YTO,Toronto,AMS,Amsterdam,2026-12-25 00:50:00+00:00,2027-01-09 12:40:00+00:00,AC,836,772,USD,1,,2026-10-04 04:11:46.749902+00:00,travelpayouts,round_trip,prices_for_dates,3140
YTO,Toronto,AMS,Amsterdam,2026-12-24 00:40:00+00:00,2027-01-10 19:20:00+00:00,FI,602,790,USD,1,,2026-10-04 04:11:46.749902+00:00,travelpayouts,round_trip,prices_for_dates,2290
YTO,Toronto,AMS,Amsterdam,2026-12-24 01:40:00+00:00,2027-01-11 11:05:00+00:00,AC,466,796,USD,2,,2026-10-04 04:11:46.749902+00:00,travelpayouts,round_trip,prices_for_dates,2255
YTO,Toronto,AMS,Amsterdam,2026-12-23 23:55:00+00:00,2027-01-08 07:55:00+00:00,AC,511,820,USD,1,,2026-10-04 04:11:46.749902+00:00,travelpayouts,round_trip,prices_for_dates,2680
YTO,Toronto,AMS,Amsterdam,2026-12-23 23:15:00+00:00,2027-01-09 12:05:00+00:00,AA,5886,859,USD,1,,2026-10-04 04:11:46.749902+00:00,travelpayouts,round_trip,prices_for_dates,2570
YTO,Toronto,AMS,Amsterdam,2026-12-23 00:40:00+00:00,2027-01-08 11:55:00+00:00,FI,602,877,USD,1,,2026-10-04 04:11:46.749902+00:00,travelpayouts,round_trip,prices_for_dates,1295
YTO,Toronto,AMS,Amsterdam,2026-12-23 00:40:00+00:00,2027-01-09 11:55:00+00:00,FI,602,952,USD,1,,2026-10-04 04:11:46.749902+00:00,travelpayouts,round_trip,prices_for_dates,1295
YTO,Toronto,YVR,Vancouver,2026-10-30 00:00:00+00:00,,,,110,USD,1,,2026-10-04 04:12:06.143137+00:00,travelpayouts,one_way,month-matrix,460
YTO,Toronto,YVR,Vancouver,2026-10-29 00:00:00+00:00,,,,110,USD,0,,2026-10-04 04:12:06.143137+00:00,travelpayouts,one_way,month-matrix,0
YTO,Toronto,YVR,Vancouver,2026-10-28 00:00:00+00:00,,,,110,USD,1,,2026-10-04 04:12:06.143137+00:00,travelpayouts,one_way,month-matrix,460
YTO,Toronto,YVR,Vancouver,2026-10-21 00:00:00+00:00,,,,116,USD,0,,2026-10-04 04:12:06.143137+00:00,travelpayouts,one_way,month-matrix,310
YTO,Toronto,YVR,Vancouver,2026-10-24 00:00:00+00:00,,,,119,USD,0,,2026-10-04 04:12:06.143137+00:00,travelpayouts,one_way,month-matrix,0
YTO,Toronto,YVR,Vancouver,2026-10-25 00:00:00+00:00,,,,119,USD,0,,2026-10-04 04:12:06.143137+00:00,travelpayouts,one_way,month-matrix,0
YTO,Toronto,YVR,Vancouver,2026-10-26 00:00:00+00:00,,,,119,USD,0,,2026-10-04 04:12:06.143137+00:00,travelpayouts,one_way,month-matrix,0
YTO,Toronto,YVR,Vancouver,2026-10-27 00:00:00+00:00,,,,119,USD,0,,2026-10-04 04:12:06.143137+00:00,travelpayouts,one_way,month-matrix,0
YTO,Toronto,YVR,Vancouver,2026-10-31 00:00:00+00:00,,,,125,USD,0,,2026-10-04 04:12:06.143137+00:00,travelpayouts,one_way,month-matrix,330
YTO,Toronto,YVR,Vancouver,2026-10-23 00:00:00+00:00,,,,129,USD,0,,2026-10-04 04:12:06.143137+00:00,travelpayouts,one_way,month-matrix,310
YTO,Toronto,YVR,Vancouver,2026-10-22 00:00:00+00:00,,,,149,USD,0,,2026-10-04 04:12:06.143137+00:00,travelpayouts,one_way,month-matrix,310
YTO,Toronto,YVR,Vancouver,2026-10-20 00:00:00+00:00,,,,158,USD,0,,2026-10-04 04:12:06.143137+00:00,travelpayouts,one_way,month-matrix,0
YTO,Toronto,YVR,Vancouver,2026-10-17 00:00:00+00:00,,,,184,USD,0,,2026-10-04 04:12:06.143137+00:00,travelpayouts,one_way,month-matrix,310
YTO,Toronto,YVR,Vancouver,2026-10-07 00:00:00+00:00,,,,196,USD,1,,2026-10-04 04:12:06.143137+00:00,travelpayouts,one_way,month-matrix,495
YTO,Toronto,YVR,Vancouver,2026-10-16 00:00:00+00:00,,,,197,USD,0,,2026-10-04 04:12:06.143137+00:00,travelpayouts,one_way,month-matrix,310
YTO,Toronto,YVR,Vancouver,2026-10-19 00:00:00+00:00,,,,200,USD,0,,2026-10-04 04:12:06.143137+00:00,travelpayouts,one_way,month-matrix,310
YTO,Toronto,YVR,Vancouver,2026-10-18 00:00:00+00:00,,,,206,USD,1,,2026-10-04 04:12:06.143137+00:00,travelpayouts,one_way,month-matrix,495
YTO,Toronto,YVR,Vancouver,2026-10-15 00:00:00+00:00,,,,211,USD,0,,2026-10-04 04:12:06.143137+00:00,travelpayouts,one_way,month-matrix,310
YTO,Toronto,YVR,Vancouver,2026-10-11 00:00:00+00:00,,,,213,USD,1,,2026-10-04 04:12:06.143137+00:00,travelpayouts,one_way,month-matrix,495
YTO,Toronto,YVR,Vancouver,2026-10-14 00:00:00+00:00,,,,219,USD,1,,2026-10-04 04:12:06.143137+00:00,travelpayouts,one_way,month-matrix,495
YTO,Toronto,YVR,Vancouver,2026-10-10 00:00:00+00:00,,,,235,USD,1,,2026-10-04 04:12:06.143137+00:00,travelpayouts,one_way,month-matrix,630
YTO,Toronto,YVR,Vancouver,2026-10-06 00:00:00+00:00,,,,240,USD,0,,2026-10-04 04:12:06.143137+00:00,travelpayouts,one_way,month-matrix,0
YTO,Toronto,YVR,Vancouver,2026-10-12 00:00:00+00:00,,,,250,USD,0,,2026-10-04 04:12:06.143137+00:00,travelpayouts,one_way,month-matrix,310
YTO,Toronto,YVR,Vancouver,2026-10-08 00:00:00+00:00,,,,251,USD,1,,2026-10-04 04:12:06.143137+00:00,travelpayouts,one_way,month-matrix,565
YTO,Toronto,YVR,Vancouver,2026-10-04 00:00:00+00:00,,,,254,USD,0,,2026-10-04 04:12:06.143137+00:00,travelpayouts,one_way,month-matrix,310
YTO,Toronto,YVR,Vancouver,2026-10-05 00:00:00+00:00,,,,284,USD,0,,2026-10-04 04:12:06.143137+00:00,travelpayouts,one_way,month-matrix,310
YTO,Toronto,YVR,Vancouver,2026-10-09 00:00:00+00:00,,,,307,USD,0,,2026-10-04 04:12:06.143137+00:00,travelpayouts,one_way,month-matrix,310
YTO,Toronto,YVR,Vancouver,2026-10-13 00:00:00+00:00,,,,333,USD,0,,2026-10-04 04:12:06.143137+00:00,travelpayouts,one_way,month-matrix,314
YTO,Toronto,YVR,Vancouver,2026-10-30 10:45:00+00:00,,PD,2529,110,USD,1,,2026-10-04 04:12:06.677461+00:00,travelpayouts,one_way,prices_for_dates,460
YTO,Toronto,YVR,Vancouver,2026-10-28 10:45:00+00:00,,PD,2529,110,USD,1,,2026-10-04 04:12:06.677461+00:00,travelpayouts,one_way,prices_for_dates,460
YTO,Toronto,YVR,Vancouver,2026-10-22 01:15:00+00:00,,F8,603,116,USD,0,,2026-10-04 04:12:06.677461+00:00,travelpayouts,one_way,prices_for_dates,310
YTO,Toronto,YVR,Vancouver,2026-11-01 01:00:00+00:00,,F8,613,125,USD,0,,2026-10-04 04:12:06.677461+00:00,travelpayouts,one_way,prices_for_dates,330
YTO,Toronto,YVR,Vancouver,2026-10-23 13:40:00+00:00,,F8,605,129,USD,0,,2026-10-04 04:12:06.677461+00:00,travelpayouts,one_way,prices_for_dates,310
YTO,Toronto,YVR,Vancouver,2026-10-22 13:40:00+00:00,,F8,605,149,USD,0,,2026-10-04 04:12:06.677461+00:00,travelpayouts,one_way,prices_for_dates,310
YTO,Toronto,YVR,Vancouver,2026-10-17 11:40:00+00:00,,F8,601,184,USD,0,,2026-10-04 04:12:06.677461+00:00,travelpayouts,one_way,prices_for_dates,310
YTO,Toronto,YVR,Vancouver,2026-10-07 10:05:00+00:00,,PD,2438,196,USD,1,,2026-10-04 04:12:06.677461+00:00,travelpayouts,one_way,prices_for_dates,495
YTO,Toronto,YVR,Vancouver,2026-10-16 11:40:00+00:00,,F8,601,197,USD,0,,2026-10-04 04:12:06.677461+00:00,travelpayouts,one_way,prices_for_dates,310
YTO,Toronto,YVR,Vancouver,2026-10-19 11:40:00+00:00,,F8,601,200,USD,0,,2026-10-04 04:12:06.677461+00:00,travelpayouts,one_way,prices_for_dates,310
YTO,Toronto,YVR,Vancouver,2026-10-18 10:05:00+00:00,,PD,2438,206,USD,1,,2026-10-04 04:12:06.677461+00:00,travelpayouts,one_way,prices_for_dates,495
YTO,Toronto,YVR,Vancouver,2026-10-15 23:55:00+00:00,,F8,607,211,USD,0,,2026-10-04 04:12:06.677461+00:00,travelpayouts,one_way,prices_for_dates,310
YTO,Toronto,YVR,Vancouver,2026-10-11 10:05:00+00:00,,PD,2438,213,USD,1,,2026-10-04 04:12:06.677461+00:00,travelpayouts,one_way,prices_for_dates,495
YTO,Toronto,YVR,Vancouver,2026-10-14 10:05:00+00:00,,PD,2438,219,USD,1,,2026-10-04 04:12:06.677461+00:00,travelpayouts,one_way,prices_for_dates,495
YTO,Toronto,YVR,Vancouver,2026-10-10 18:05:00+00:00,,PD,2525,235,USD,1,,2026-10-04 04:12:06.677461+00:00,travelpayouts,one_way,prices_for_dates,630
YTO,Toronto,YVR,Vancouver,2026-10-12 11:40:00+00:00,,F8,601,250,USD,0,,2026-10-04 04:12:06.677461+00:00,travelpayouts,one_way,prices_for_dates,310
YTO,Toronto,YVR,Vancouver,2026-10-08 10:10:00+00:00,,WS,437,251,USD,1,,2026-10-04 04:12:06.677461+00:00,travelpayouts,one_way,prices_for_dates,565
YTO,Toronto,YVR,Vancouver,2026-10-04 15:55:00+00:00,,F8,609,254,USD,0,,2026-10-04 04:12:06.677461+00:00,travelpayouts,one_way,prices_for_dates,310
YTO,Toronto,YVR,Vancouver,2026-10-05 11:40:00+00:00,,F8,601,284,USD,0,,2026-10-04 04:12:06.677461+00:00,travelpayouts,one_way,prices_for_dates,310
YTO,Toronto,YVR,Vancouver,2026-10-09 15:55:00+00:00,,F8,609,307,USD,0,,2026-10-04 04:12:06.677461+00:00,travelpayouts,one_way,prices_for_dates,310
YTO,Toronto,YVR,Vancouver,2026-10-14 02:30:00+00:00,,WS,731,333,USD,0,,2026-10-04 04:12:06.677461+00:00,travelpayouts,one_way,prices_for_dates,314
YTO,Toronto,YVR,Vancouver,2026-10-29 00:00:00+00:00,,,,118,USD,0,,2026-10-04 04:12:07.183579+00:00,travelpayouts,one_way,latest,0
YTO,Toronto,YVR,Vancouver,2026-10-30 00:00:00+00:00,,,,126,USD,0,,2026-10-04 04:12:07.183579+00:00,travelpayouts,one_way,latest,330
YTO,Toronto,YVR,Vancouver,2026-10-21 00:00:00+00:00,,,,136,USD,0,,2026-10-04 04:12:07.183579+00:00,travelpayouts,one_way,latest,308
YTO,Toronto,YVR,Vancouver,2026-10-20 00:00:00+00:00,,,,168,USD,0,,2026-10-04 04:12:07.183579+00:00,travelpayouts,one_way,latest,0
YTO,Toronto,YVR,Vancouver,2026-10-16 00:00:00+00:00,,,,180,USD,1,,2026-10-04 04:12:07.183579+00:00,travelpayouts,one_way,latest,530
YTO,Toronto,YVR,Vancouver,2026-10-12 00:00:00+00:00,,,,258,USD,0,,2026-10-04 04:12:07.183579+00:00,travelpayouts,one_way,latest,314
YTO,Toronto,YVR,Vancouver,2026-10-07 00:00:00+00:00,,,,280,USD,0,,2026-10-04 04:12:07.183579+00:00,travelpayouts,one_way,latest,309
YTO,Toronto,YVR,Vancouver,2026-10-06 00:00:00+00:00,,,,282,USD,0,,2026-10-04 04:12:07.183579+00:00,travelpayouts,one_way,latest,0
YTO,Toronto,YVR,Vancouver,2026-10-04 00:00:00+00:00,,,,282,USD,0,,2026-10-04 04:12:07.183579+00:00,travelpayouts,one_way,latest,310
YTO,Toronto,YVR,Vancouver,2026-10-09 00:00:00+00:00,,,,346,USD,0,,2026-10-04 04:12:07.183579+00:00,travelpayouts,one_way,latest,310
YTO,Toronto,YVR,Vancouver,2026-10-25 00:00:00+00:00,2026-10-28 00:00:00+00:00,,,215,USD,1,,2026-10-04 04:12:07.714565+00:00,travelpayouts,round_trip,month-matrix,1015
YTO,Toronto,YVR,Vancouver,2026-10-23 00:00:00+00:00,2026-10-30 00:00:00+00:00,,,219,USD,1,,2026-10-04 04:12:07.714565+00:00,travelpayouts,round_trip,month-matrix,835
YTO,Toronto,YVR,Vancouver,2026-10-20 00:00:00+00:00,2026-10-23 00:00:00+00:00,,,223,USD,1,,2026-10-04 04:12:07.714565+00:00,travelpayouts,round_trip,month-matrix,1155
YTO,Toronto,YVR,Vancouver,2026-10-19 00:00:00+00:00,2026-10-22 00:00:00+00:00,,,235,USD,1,,2026-10-04 04:12:07.714565+00:00,travelpayouts,round_trip,month-matrix,880
YTO,Toronto,YVR,Vancouver,2026-10-22 00:00:00+00:00,2026-10-30 00:00:00+00:00,,,241,USD,1,,2026-10-04 04:12:07.714565+00:00,travelpayouts,round_trip,month-matrix,830
YTO,Toronto,YVR,Vancouver,2026-10-26 00:00:00+00:00,2026-10-28 00:00:00+00:00,,,258,USD,1,,2026-10-04 04:12:07.714565+00:00,travelpayouts,round_trip,month-matrix,885
YTO,Toronto,YVR,Vancouver,2026-10-17 00:00:00+00:00,2026-10-20 00:00:00+00:00,,,290,USD,1,,2026-10-04 04:12:07.714565+00:00,travelpayouts,round_trip,month-matrix,735
YTO,Toronto,YVR,Vancouver,2026-10-16 00:00:00+00:00,2026-10-19 00:00:00+00:00,,,309,USD,1,,2026-10-04 04:12:07.714565+00:00,travelpayouts,round_trip,month-matrix,878
YTO,Toronto,YVR,Vancouver,2026-10-14 00:00:00+00:00,2026-10-17 00:00:00+00:00,,,337,USD,1,,2026-10-04 04:12:07.714565+00:00,travelpayouts,round_trip,month-matrix,1200
YTO,Toronto,YVR,Vancouver,2026-10-11 00:00:00+00:00,2026-10-14 00:00:00+00:00,,,342,USD,1,,2026-10-04 04:12:07.714565+00:00,travelpayouts,round_trip,month-matrix,775
YTO,Toronto,YVR,Vancouver,2026-10-08 00:00:00+00:00,2026-10-08 00:00:00+00:00,,,497,USD,1,,2026-10-04 04:12:07.714565+00:00,travelpayouts,round_trip,month-matrix,750
YTO,Toronto,YVR,Vancouver,2026-10-09 00:00:00+00:00,2026-10-16 00:00:00+00:00,,,506,USD,1,,2026-10-04 04:12:07.714565+00:00,travelpayouts,round_trip,month-matrix,748
YTO,Toronto,YVR,Vancouver,2026-10-25 10:05:00+00:00,2026-10-28 17:30:00+00:00,PD,2438,215,USD,1,,2026-10-04 04:12:08.237670+00:00,travelpayouts,round_trip,prices_for_dates,1015
YTO,Toronto,YVR,Vancouver,2026-10-23 12:15:00+00:00,2026-10-31 03:55:00+00:00,WS,709,219,USD,0,,2026-10-04 04:12:08.237670+00:00,travelpayouts,round_trip,prices_for_dates,835
YTO,Toronto,YVR,Vancouver,2026-10-20 18:05:00+00:00,2026-10-23 16:50:00+00:00,P3,2525,223,USD,1,,2026-10-04 04:12:08.237670+00:00,travelpayouts,round_trip,prices_for_dates,1155
YTO,Toronto,YVR,Vancouver,2026-10-19 11:40:00+00:00,2026-10-22 14:00:00+00:00,F8,601,235,USD,0,,2026-10-04 04:12:08.237670+00:00,travelpayouts,round_trip,prices_for_dates,880
YTO,Toronto,YVR,Vancouver,2026-10-22 17:55:00+00:00,2026-10-31 03:55:00+00:00,F8,611,241,USD,0,,2026-10-04 04:12:08.237670+00:00,travelpayouts,round_trip,prices_for_dates,830
YTO,Toronto,YVR,Vancouver,2026-10-26 11:00:00+00:00,2026-10-28 17:30:00+00:00,PD,2205,258,USD,1,,2026-10-04 04:12:08.237670+00:00,travelpayouts,round_trip,prices_for_dates,885
YTO,Toronto,YVR,Vancouver,2026-10-17 13:40:00+00:00,2026-10-20 16:50:00+00:00,F8,605,290,USD,0,,2026-10-04 04:12:08.237670+00:00,travelpayouts,round_trip,prices_for_dates,735
YTO,Toronto,YVR,Vancouver,2026-10-16 20:55:00+00:00,2026-10-19 14:00:00+00:00,PD,2259,309,USD,1,,2026-10-04 04:12:08.237670+00:00,travelpayouts,round_trip,prices_for_dates,878
YTO,Toronto,YVR,Vancouver,2026-10-14 18:05:00+00:00,2026-10-17 14:00:00+00:00,P3,2525,337,USD,1,,2026-10-04 04:12:08.237670+00:00,travelpayouts,round_trip,prices_for_dates,1200
YTO,Toronto,YVR,Vancouver,2026-10-11 10:05:00+00:00,2026-10-15 05:45:00+00:00,P3,2438,342,USD,1,,2026-10-04 04:12:08.237670+00:00,travelpayouts,round_trip,prices_for_dates,775
YTO,Toronto,YVR,Vancouver,2026-10-08 11:40:00+00:00,2026-10-08 19:05:00+00:00,F8,601,497,USD,0,,2026-10-04 04:12:08.237670+00:00,travelpayouts,round_trip,prices_for_dates,750
YTO,Toronto,YVR,Vancouver,2026-10-09 11:40:00+00:00,2026-10-16 14:00:00+00:00,F8,601,506,USD,0,,2026-10-04 04:12:08.237670+00:00,travelpayouts,round_trip,prices_for_dates,748
YTO,Toronto,YVR,Vancouver,2026-10-19 00:00:00+00:00,2026-10-22 00:00:00+00:00,,,248,USD,0,,2026-10-04 04:12:08.752188+00:00,travelpayouts,round_trip,latest,585
YTO,Toronto,YVR,Vancouver,2026-10-16 00:00:00+00:00,2026-10-19 00:00:00+00:00,,,328,USD,0,,2026-10-04 04:12:08.752188+00:00,travelpayouts,round_trip,latest,583
YTO,Toronto,YVR,Vancouver,2026-11-04 00:00:00+00:00,,,,109,USD,1,,2026-10-04 04:12:09.289618+00:00,travelpayouts,one_way,month-matrix,460
YTO,Toronto,YVR,Vancouver,2026-11-13 00:00:00+00:00,,,,109,USD,1,,2026-10-04 04:12:09.289618+00:00,travelpayouts,one_way,month-matrix,460
YTO,Toronto,YVR,Vancouver,2026-11-03 00:00:00+00:00,,,,111,USD,0,,2026-10-04 04:12:09.289618+00:00,travelpayouts,one_way,month-matrix,0
YTO,Toronto,YVR,Vancouver,2026-11-02 00:00:00+00:00,,,,112,USD,0,,2026-10-04 04:12:09.289618+00:00,travelpayouts,one_way,month-matrix,330
YTO,Toronto,YVR,Vancouver,2026-11-05 00:00:00+00:00,,,,113,USD,0,,2026-10-04 04:12:09.289618+00:00,travelpayouts,one_way,month-matrix,0
YTO,Toronto,YVR,Vancouver,2026-11-07 00:00:00+00:00,,,,113,USD,0,,2026-10-04 04:12:09.289618+00:00,travelpayouts,one_way,month-matrix,0
YTO,Toronto,YVR,Vancouver,2026-11-08 00:00:00+00:00,,,,113,USD,0,,2026-10-04 04:12:09.289618+00:00,travelpayouts,one_way,month-matrix,0
YTO,Toronto,YVR,Vancouver,2026-11-09 00:00:00+00:00,,,,113,USD,0,,2026-10-04 04:12:09.289618+00:00,travelpayouts,one_way,month-matrix,0
YTO,Toronto,YVR,Vancouver,2026-11-10 00:00:00+00:00,,,,113,USD,0,,2026-10-04 04:12:09.289618+00:00,travelpayouts,one_way,month-matrix,0
YTO,Toronto,YVR,Vancouver,2026-11-11 00:00:00+00:00,,,,113,USD,0,,2026-10-04 04:12:09.289618+00:00,travelpayouts,one_way,month-matrix,0
YTO,Toronto,YVR,Vancouver,2026-11-12 00:00:00+00:00,,,,113,USD,0,,2026-10-04 04:12:09.289618+00:00,travelpayouts,one_way,month-matrix,0
YTO,Toronto,YVR,Vancouver,2026-11-06 00:00:00+00:00,,,,116,USD,0,,2026-10-04 04:12:09.289618+00:00,travelpayouts,one_way,month-matrix,330
YTO,Toronto,YVR,Vancouver,2026-11-14 00:00:00+00:00,,,,117,USD,0,,2026-10-04 04:12:09.289618+00:00,travelpayouts,one_way,month-matrix,0
YTO,Toronto,YVR,Vancouver,2026-11-15 00:00:00+00:00,,,,117,USD,0,,2026-10-04 04:12:09.289618+00:00,travelpayouts,one_way,month-matrix,0
YTO,Toronto,YVR,Vancouver,2026-11-16 00:00:00+00:00,,,,117,USD,0,,2026-10-04 04:12:09.289618+00:00,travelpayouts,one_way,month-matrix,0
YTO,Toronto,YVR,Vancouver,2026-11-17 00:00:00+00:00,,,,117,USD,0,,2026-10-04 04:12:09.289618+00:00,travelpayouts,one_way,month-matrix,0
YTO,Toronto,YVR,Vancouver,2026-11-18 00:00:00+00:00,,,,117,USD,0,,2026-10-04 04:12:09.289618+00:00,travelpayouts,one_way,month-matrix,0
YTO,Toronto,YVR,Vancouver,2026-11-19 00:00:00+00:00,,,,117,USD,0,,2026-10-04 04:12:09.289618+00:00,travelpayouts,one_way,month-matrix,0
YTO,Toronto,YVR,Vancouver,2026-11-20 00:00:00+00:00,,,,117,USD,0,,2026-10-04 04:12:09.289618+00:00,travelpayouts,one_way,month-matrix,0
YTO,Toronto,YVR,Vancouver,2026-11-21 00:00:00+00:00,,,,117,USD,0,,2026-10-04 04:12:09.289618+00:00,travelpayouts,one_way,month-matrix,0
YTO,Toronto,YVR,Vancouver,2026-11-22 00:00:00+00:00,,,,117,USD,0,,2026-10-04 04:12:09.289618+00:00,travelpayouts,one_way,month-matrix,0
YTO,Toronto,YVR,Vancouver,2026-11-23 00:00:00+00:00,,,,117,USD,0,,2026-10-04 04:12:09.289618+00:00,travelpayouts,one_way,month-matrix,0
YTO,Toronto,YVR,Vancouver,2026-11-24 00:00:00+00:00,,,,117,USD,0,,2026-10-04 04:12:09.289618+00:00,travelpayouts,one_way,month-matrix,0
YTO,Toronto,YVR,Vancouver,2026-11-25 00:00:00+00:00,,,,117,USD,0,,2026-10-04 04:12:09.289618+00:00,travelpayouts,one_way,month-matrix,0
YTO,Toronto,YVR,Vancouver,2026-11-26 00:00:00+00:00,,,,125,USD,0,,2026-10-04 04:12:09.289618+00:00,travelpayouts,one_way,month-matrix,330
YTO,Toronto,YVR,Vancouver,2026-11-01 00:00:00+00:00,,,,125,USD,0,,2026-10-04 04:12:09.289618+00:00,travelpayouts,one_way,month-matrix,330
YTO,Toronto,YVR,Vancouver,2026-11-04 11:45:00+00:00,,PD,2529,109,USD,1,,2026-10-04 04:12:09.827079+00:00,travelpayouts,one_way,prices_for_dates,460
YTO,Toronto,YVR,Vancouver,2026-11-13 11:45:00+00:00,,P3,2529,109,USD,1,,2026-10-04 04:12:09.827079+00:00,travelpayouts,one_way,prices_for_dates,460
YTO,Toronto,YVR,Vancouver,2026-11-02 14:00:00+00:00,,F8,611,112,USD,0,,2026-10-04 04:12:09.827079+00:00,travelpayouts,one_way,prices_for_dates,330
YTO,Toronto,YVR,Vancouver,2026-11-07 02:00:00+00:00,,F8,613,116,USD,0,,2026-10-04 04:12:09.827079+00:00,travelpayouts,one_way,prices_for_dates,330
YTO,Toronto,YVR,Vancouver,2026-11-26 14:00:00+00:00,,F8,611,125,USD,0,,2026-10-04 04:12:09.827079+00:00,travelpayouts,one_way,prices_for_dates,330
YTO,Toronto,YVR,Vancouver,2026-11-02 02:00:00+00:00,,F8,613,125,USD,0,,2026-10-04 04:12:09.827079+00:00,travelpayouts,one_way,prices_for_dates,330
YTO,Toronto,YVR,Vancouver,2026-11-05 00:00:00+00:00,,,,126,USD,0,,2026-10-04 04:12:10.326165+00:00,travelpayouts,one_way,latest,0
YTO,Toronto,YVR,Vancouver,2026-11-02 00:00:00+00:00,,,,131,USD,1,,2026-10-04 04:12:10.326165+00:00,travelpayouts,one_way,latest,460
YTO,Toronto,YVR,Vancouver,2026-11-03 00:00:00+00:00,,,,134,USD,0,,2026-10-04 04:12:10.326165+00:00,travelpayouts,one_way,latest,0
YTO,Toronto,YVR,Vancouver,2026-11-04 00:00:00+00:00,,,,136,USD,1,,2026-10-04 04:12:10.326165+00:00,travelpayouts,one_way,latest,460
YTO,Toronto,YVR,Vancouver,2026-11-01 00:00:00+00:00,2026-11-07 00:00:00+00:00,,,209,USD,0,,2026-10-04 04:12:10.858289+00:00,travelpayouts,round_trip,month-matrix,597
YTO,Toronto,YVR,Vancouver,2026-11-01 12:05:00+00:00,2026-11-08 07:30:00+00:00,PD,481,209,USD,0,,2026-10-04 04:12:11.378646+00:00,travelpayouts,round_trip,prices_for_dates,597
YTO,Toronto,YVR,Vancouver,2026-12-15 00:00:00+00:00,,,,135,USD,1,,2026-10-04 04:12:12.451857+00:00,travelpayouts,one_way,month-matrix,440
YTO,Toronto,YVR,Vancouver,2026-12-16 00:00:00+00:00,,,,227,USD,0,,2026-10-04 04:12:12.451857+00:00,travelpayouts,one_way,month-matrix,0
YTO,Toronto,YVR,Vancouver,2026-12-17 00:00:00+00:00,,,,227,USD,0,,2026-10-04 04:12:12.451857+00:00,travelpayouts,one_way,month-matrix,0
YTO,Toronto,YVR,Vancouver,2026-12-18 00:00:00+00:00,,,,227,USD,0,,2026-10-04 04:12:12.451857+00:00,travelpayouts,one_way,month-matrix,0
YTO,Toronto,YVR,Vancouver,2026-12-19 00:00:00+00:00,,,,227,USD,0,,2026-10-04 04:12:12.451857+00:00,travelpayouts,one_way,month-matrix,0
YTO,Toronto,YVR,Vancouver,2026-12-20 00:00:00+00:00,,,,318,USD,0,,2026-10-04 04:12:12.451857+00:00,travelpayouts,one_way,month-matrix,325
YTO,Toronto,YVR,Vancouver,2026-12-15 12:00:00+00:00,,PD,2205,135,USD,1,,2026-10-04 04:12:12.948155+00:00,travelpayouts,one_way,prices_for_dates,440
YTO,Toronto,YVR,Vancouver,2026-12-21 02:30:00+00:00,,PD,319,318,USD,0,,2026-10-04 04:12:12.948155+00:00,travelpayouts,one_way,prices_for_dates,325
YTO,Toronto,YVR,Vancouver,2026-12-01 00:00:00+00:00,2026-12-01 00:00:00+00:00,,,217,USD,1,,2026-10-04 04:12:14.004665+00:00,travelpayouts,round_trip,month-matrix,730
YTO,Toronto,YVR,Vancouver,2026-12-08 00:00:00+00:00,2027-01-04 00:00:00+00:00,,,291,USD,0,,2026-10-04 04:12:14.004665+00:00,travelpayouts,round_trip,month-matrix,600
YTO,Toronto,YVR,Vancouver,2026-12-24 00:00:00+00:00,2027-01-09 00:00:00+00:00,,,333,USD,0,,2026-10-04 04:12:14.004665+00:00,travelpayouts,round_trip,month-matrix,602
YTO,Toronto,YVR,Vancouver,2026-12-08 00:00:00+00:00,2027-01-03 00:00:00+00:00,,,337,USD,1,,2026-10-04 04:12:14.004665+00:00,travelpayouts,round_trip,month-matrix,880
YTO,Toronto,YVR,Vancouver,2026-12-23 00:00:00+00:00,2026-12-28 00:00:00+00:00,,,389,USD,1,,2026-10-04 04:12:14.004665+00:00,travelpayouts,round_trip,month-matrix,727
YTO,Toronto,YVR,Vancouver,2026-12-01 11:45:00+00:00,2026-12-02 07:30:00+00:00,PD,2529,217,USD,1,,2026-10-04 04:12:14.524615+00:00,travelpayouts,round_trip,prices_for_dates,730
YTO,Toronto,YVR,Vancouver,2026-12-09 03:20:00+00:00,2027-01-05 01:55:00+00:00,WS,737,291,USD,0,,2026-10-04 04:12:14.524615+00:00,travelpayouts,round_trip,prices_for_dates,600
YTO,Toronto,YVR,Vancouver,2026-12-24 12:05:00+00:00,2027-01-09 09:15:00+00:00,PD,7481,333,USD,0,,2026-10-04 04:12:14.524615+00:00,travelpayouts,round_trip,prices_for_dates,602
YTO,Toronto,YVR,Vancouver,2026-12-09 03:20:00+00:00,2027-01-04 05:55:00+00:00,WS,737,337,USD,0,,2026-10-04 04:12:14.524615+00:00,travelpayouts,round_trip,prices_for_dates,880
YTO,Toronto,YVR,Vancouver,2026-12-24 01:30:00+00:00,2026-12-28 09:15:00+00:00,AC,7976,389,USD,1,,2026-10-04 04:12:14.524615+00:00,travelpayouts,round_trip,prices_for_dates,727
YTO,Toronto,YVR,Vancouver,2027-01-26 00:00:00+00:00,,,,126,USD,0,,2026-10-04 04:12:15.607547+00:00,travelpayouts,one_way,month-matrix,330
YTO,Toronto,YVR,Vancouver,2027-01-17 00:00:00+00:00,,,,133,USD,0,,2026-10-04 04:12:15.607547+00:00,travelpayouts,one_way,month-matrix,0
YTO,Toronto,YVR,Vancouver,2027-01-18 00:00:00+00:00,,,,133,USD,0,,2026-10-04 04:12:15.607547+00:00,travelpayouts,one_way,month-matrix,0
YTO,Toronto,YVR,Vancouver,2027-01-19 00:00:00+00:00,,,,133,USD,0,,2026-10-04 04:12:15.607547+00:00,travelpayouts,one_way,month-matrix,0
YTO,Toronto,YVR,Vancouver,2027-01-20 00:00:00+00:00,,,,133,USD,0,,2026-10-04 04:12:15.607547+00:00,travelpayouts,one_way,month-matrix,0
YTO,Toronto,YVR,Vancouver,2027-01-21 00:00:00+00:00,,,,133,USD,0,,2026-10-04 04:12:15.607547+00:00,travelpayouts,one_way,month-matrix,0
YTO,Toronto,YVR,Vancouver,2027-01-22 00:00:00+00:00,,,,133,USD,0,,2026-10-04 04:12:15.607547+00:00,travelpayouts,one_way,month-matrix,0
YTO,Toronto,YVR,Vancouver,2027-01-23 00:00:00+00:00,,,,133,USD,0,,2026-10-04 04:12:15.607547+00:00,travelpayouts,one_way,month-matrix,0
YTO,Toronto,YVR,Vancouver,2027-01-24 00:00:00+00:00,,,,133,USD,0,,2026-10-04 04:12:15.607547+00:00,travelpayouts,one_way,month-matrix,0
YTO,Toronto,YVR,Vancouver,2027-01-25 00:00:00+00:00,,,,133,USD,0,,2026-10-04 04:12:15.607547+00:00,travelpayouts,one_way,month-matrix,0
YTO,Toronto,YVR,Vancouver,2027-01-16 00:00:00+00:00,,,,140,USD,1,,2026-10-04 04:12:15.607547+00:00,travelpayouts,one_way,month-matrix,500
YTO,Toronto,YVR,Vancouver,2027-01-08 00:00:00+00:00,,,,144,USD,1,,2026-10-04 04:12:15.607547+00:00,travelpayouts,one_way,month-matrix,460
YTO,Toronto,YVR,Vancouver,2027-01-13 00:00:00+00:00,,,,144,USD,0,,2026-10-04 04:12:15.607547+00:00,travelpayouts,one_way,month-matrix,0
YTO,Toronto,YVR,Vancouver,2027-01-14 00:00:00+00:00,,,,144,USD,0,,2026-10-04 04:12:15.607547+00:00,travelpayouts,one_way,month-matrix,0
YTO,Toronto,YVR,Vancouver,2027-01-15 00:00:00+00:00,,,,144,USD,0,,2026-10-04 04:12:15.607547+00:00,travelpayouts,one_way,month-matrix,0
YTO,Toronto,YVR,Vancouver,2027-01-09 00:00:00+00:00,,,,147,USD,0,,2026-10-04 04:12:15.607547+00:00,travelpayouts,one_way,month-matrix,0
YTO,Toronto,YVR,Vancouver,2027-01-10 00:00:00+00:00,,,,147,USD,0,,2026-10-04 04:12:15.607547+00:00,travelpayouts,one_way,month-matrix,0
YTO,Toronto,YVR,Vancouver,2027-01-11 00:00:00+00:00,,,,147,USD,0,,2026-10-04 04:12:15.607547+00:00,travelpayouts,one_way,month-matrix,0
YTO,Toronto,YVR,Vancouver,2027-01-12 00:00:00+00:00,,,,149,USD,0,,2026-10-04 04:12:15.607547+00:00,travelpayouts,one_way,month-matrix,330
YTO,Toronto,YVR,Vancouver,2027-01-02 00:00:00+00:00,,,,220,USD,0,,2026-10-04 04:12:15.607547+00:00,travelpayouts,one_way,month-matrix,0
YTO,Toronto,YVR,Vancouver,2027-01-03 00:00:00+00:00,,,,220,USD,0,,2026-10-04 04:12:15.607547+00:00,travelpayouts,one_way,month-matrix,0
YTO,Toronto,YVR,Vancouver,2027-01-04 00:00:00+00:00,,,,220,USD,0,,2026-10-04 04:12:15.607547+00:00,travelpayouts,one_way,month-matrix,0
YTO,Toronto,YVR,Vancouver,2027-01-05 00:00:00+00:00,,,,220,USD,0,,2026-10-04 04:12:15.607547+00:00,travelpayouts,one_way,month-matrix,0
YTO,Toronto,YVR,Vancouver,2027-01-06 00:00:00+00:00,,,,220,USD,0,,2026-10-04 04:12:15.607547+00:00,travelpayouts,one_way,month-matrix,0
YTO,Toronto,YVR,Vancouver,2027-01-07 00:00:00+00:00,,,,220,USD,0,,2026-10-04 04:12:15.607547+00:00,travelpayouts,one_way,month-matrix,0
YTO,Toronto,YVR,Vancouver,2027-01-01 00:00:00+00:00,,,,296,USD,0,,2026-10-04 04:12:15.607547+00:00,travelpayouts,one_way,month-matrix,327
YTO,Toronto,YVR,Vancouver,2027-01-27 02:00:00+00:00,,F8,613,126,USD,0,,2026-10-04 04:12:16.122717+00:00,travelpayouts,one_way,prices_for_dates,330
YTO,Toronto,YVR,Vancouver,2027-01-16 11:05:00+00:00,,PD,2438,140,USD,1,,2026-10-04 04:12:16.122717+00:00,travelpayouts,one_way,prices_for_dates,500
YTO,Toronto,YVR,Vancouver,2027-01-08 11:45:00+00:00,,P3,2529,144,USD,1,,2026-10-04 04:12:16.122717+00:00,travelpayouts,one_way,prices_for_dates,460
YTO,Toronto,YVR,Vancouver,2027-01-13 02:00:00+00:00,,F8,613,149,USD,0,,2026-10-04 04:12:16.122717+00:00,travelpayouts,one_way,prices_for_dates,330
YTO,Toronto,YVR,Vancouver,2027-01-01 12:05:00+00:00,,PD,7481,296,USD,0,,2026-10-04 04:12:16.122717+00:00,travelpayouts,one_way,prices_for_dates,327
YTO,Toronto,YVR,Vancouver,2027-01-06 00:00:00+00:00,2027-01-08 00:00:00+00:00,,,315,USD,1,,2026-10-04 04:12:17.142749+00:00,travelpayouts,round_trip,month-matrix,735
YTO,Toronto,YVR,Vancouver,2027-01-05 00:00:00+00:00,2027-01-07 00:00:00+00:00,,,362,USD,1,,2026-10-04 04:12:17.142749+00:00,travelpayouts,round_trip,month-matrix,988
YTO,Toronto,YVR,Vancouver,2027-01-06 11:45:00+00:00,2027-01-08 09:15:00+00:00,PD,2529,315,USD,1,,2026-10-04 04:12:17.665494+00:00,travelpayouts,round_trip,prices_for_dates,735
YTO,Toronto,YVR,Vancouver,2027-01-05 19:45:00+00:00,2027-01-07 19:30:00+00:00,PD,2471,362,USD,1,,2026-10-04 04:12:17.665494+00:00,travelpayouts,round_trip,prices_for_dates,988
YTO,Toronto,MIA,Miami,2026-10-27 00:00:00+00:00,,,,147,USD,0,,2026-10-04 04:12:35.532335+00:00,travelpayouts,one_way,month-matrix,0
YTO,Toronto,MIA,Miami,2026-10-25 00:00:00+00:00,,,,149,USD,0,,2026-10-04 04:12:35.532335+00:00,travelpayouts,one_way,month-matrix,0
YTO,Toronto,MIA,Miami,2026-10-11 00:00:00+00:00,,,,162,USD,0,,2026-10-04 04:12:35.532335+00:00,travelpayouts,one_way,month-matrix,204
YTO,Toronto,MIA,Miami,2026-10-20 00:00:00+00:00,,,,216,USD,0,,2026-10-04 04:12:35.532335+00:00,travelpayouts,one_way,month-matrix,0
YTO,Toronto,MIA,Miami,2026-10-21 00:00:00+00:00,,,,216,USD,0,,2026-10-04 04:12:35.532335+00:00,travelpayouts,one_way,month-matrix,0
YTO,Toronto,MIA,Miami,2026-10-22 00:00:00+00:00,,,,216,USD,0,,2026-10-04 04:12:35.532335+00:00,travelpayouts,one_way,month-matrix,0
YTO,Toronto,MIA,Miami,2026-10-14 00:00:00+00:00,,,,225,USD,0,,2026-10-04 04:12:35.532335+00:00,travelpayouts,one_way,month-matrix,0
YTO,Toronto,MIA,Miami,2026-10-15 00:00:00+00:00,,,,225,USD,0,,2026-10-04 04:12:35.532335+00:00,travelpayouts,one_way,month-matrix,0
YTO,Toronto,MIA,Miami,2026-10-16 00:00:00+00:00,,,,225,USD,0,,2026-10-04 04:12:35.532335+00:00,travelpayouts,one_way,month-matrix,0
YTO,Toronto,MIA,Miami,2026-10-17 00:00:00+00:00,,,,225,USD,0,,2026-10-04 04:12:35.532335+00:00,travelpayouts,one_way,month-matrix,0
YTO,Toronto,MIA,Miami,2026-10-18 00:00:00+00:00,,,,225,USD,0,,2026-10-04 04:12:35.532335+00:00,travelpayouts,one_way,month-matrix,0
YTO,Toronto,MIA,Miami,2026-10-23 00:00:00+00:00,,,,239,USD,1,,2026-10-04 04:12:35.532335+00:00,travelpayouts,one_way,month-matrix,1433
YTO,Toronto,MIA,Miami,2026-10-13 00:00:00+00:00,,,,258,USD,2,,2026-10-04 04:12:35.532335+00:00,travelpayouts,one_way,month-matrix,597
YTO,Toronto,MIA,Miami,2026-10-09 00:00:00+00:00,,,,285,USD,1,,2026-10-04 04:12:35.532335+00:00,travelpayouts,one_way,month-matrix,424
YTO,Toronto,MIA,Miami,2026-10-04 00:00:00+00:00,,,,303,USD,1,,2026-10-04 04:12:35.532335+00:00,travelpayouts,one_way,month-matrix,381
YTO,Toronto,MIA,Miami,2026-10-06 00:00:00+00:00,,,,317,USD,0,,2026-10-04 04:12:35.532335+00:00,travelpayouts,one_way,month-matrix,0
YTO,Toronto,MIA,Miami,2026-10-07 00:00:00+00:00,,,,317,USD,0,,2026-10-04 04:12:35.532335+00:00,travelpayouts,one_way,month-matrix,0
YTO,Toronto,MIA,Miami,2026-10-08 00:00:00+00:00,,,,317,USD,0,,2026-10-04 04:12:35.532335+00:00,travelpayouts,one_way,month-matrix,0
YTO,Toronto,MIA,Miami,2026-10-05 00:00:00+00:00,,,,349,USD,1,,2026-10-04 04:12:35.532335+00:00,travelpayouts,one_way,month-matrix,506
YTO,Toronto,MIA,Miami,2026-10-11 13:40:00+00:00,,PD,543,162,USD,0,,2026-10-04 04:12:36.016027+00:00,travelpayouts,one_way,prices_for_dates,204
YTO,Toronto,MIA,Miami,2026-10-23 17:40:00+00:00,,P3,2725,239,USD,1,,2026-10-04 04:12:36.016027+00:00,travelpayouts,one_way,prices_for_dates,1433
YTO,Toronto,MIA,Miami,2026-10-13 16:20:00+00:00,,AC,7866,258,USD,2,,2026-10-04 04:12:36.016027+00:00,travelpayouts,one_way,prices_for_dates,597
YTO,Toronto,MIA,Miami,2026-10-09 15:09:00+00:00,,AA,5668,285,USD,1,,2026-10-04 04:12:36.016027+00:00,travelpayouts,one_way,prices_for_dates,424
YTO,Toronto,MIA,Miami,2026-10-04 11:00:00+00:00,,UA,1612,303,USD,1,,2026-10-04 04:12:36.016027+00:00,travelpayouts,one_way,prices_for_dates,381
YTO,Toronto,MIA,Miami,2026-10-05 10:25:00+00:00,,AC,1500,349,USD,1,,2026-10-04 04:12:36.016027+00:00,travelpayouts,one_way,prices_for_dates,506
YTO,Toronto,MIA,Miami,2026-10-09 00:00:00+00:00,,,,284,USD,1,,2026-10-04 04:12:36.538808+00:00,travelpayouts,one_way,latest,367
YTO,Toronto,MIA,Miami,2026-10-25 00:00:00+00:00,2026-11-09 00:00:00+00:00,,,252,USD,0,,2026-10-04 04:12:37.070903+00:00,travelpayouts,round_trip,month-matrix,0
YTO,Toronto,MIA,Miami,2026-10-25 00:00:00+00:00,2026-11-10 00:00:00+00:00,,,252,USD,0,,2026-10-04 04:12:37.070903+00:00,travelpayouts,round_trip,month-matrix,0
YTO,Toronto,MIA,Miami,2026-10-25 00:00:00+00:00,2026-11-11 00:00:00+00:00,,,252,USD,0,,2026-10-04 04:12:37.070903+00:00,travelpayouts,round_trip,month-matrix,0
YTO,Toronto,MIA,Miami,2026-10-25 00:00:00+00:00,2026-11-12 00:00:00+00:00,,,252,USD,0,,2026-10-04 04:12:37.070903+00:00,travelpayouts,round_trip,month-matrix,0
YTO,Toronto,MIA,Miami,2026-10-25 00:00:00+00:00,2026-11-13 00:00:00+00:00,,,252,USD,0,,2026-10-04 04:12:37.070903+00:00,travelpayouts,round_trip,month-matrix,0
YTO,Toronto,MIA,Miami,2026-10-31 00:00:00+00:00,2026-11-08 00:00:00+00:00,,,255,USD,0,,2026-10-04 04:12:37.070903+00:00,travelpayouts,round_trip,month-matrix,0
YTO,Toronto,MIA,Miami,2026-10-31 00:00:00+00:00,2026-11-09 00:00:00+00:00,,,255,USD,0,,2026-10-04 04:12:37.070903+00:00,travelpayouts,round_trip,month-matrix,0
YTO,Toronto,MIA,Miami,2026-10-31 00:00:00+00:00,2026-11-10 00:00:00+00:00,,,255,USD,0,,2026-10-04 04:12:37.070903+00:00,travelpayouts,round_trip,month-matrix,0
YTO,Toronto,MIA,Miami,2026-10-31 00:00:00+00:00,2026-11-11 00:00:00+00:00,,,255,USD,0,,2026-10-04 04:12:37.070903+00:00,travelpayouts,round_trip,month-matrix,0
YTO,Toronto,MIA,Miami,2026-10-31 00:00:00+00:00,2026-11-12 00:00:00+00:00,,,255,USD,0,,2026-10-04 04:12:37.070903+00:00,travelpayouts,round_trip,month-matrix,0
YTO,Toronto,MIA,Miami,2026-10-23 00:00:00+00:00,2026-11-09 00:00:00+00:00,,,267,USD,0,,2026-10-04 04:12:37.070903+00:00,travelpayouts,round_trip,month-matrix,0
YTO,Toronto,MIA,Miami,2026-10-23 00:00:00+00:00,2026-11-10 00:00:00+00:00,,,267,USD,0,,2026-10-04 04:12:37.070903+00:00,travelpayouts,round_trip,month-matrix,0
YTO,Toronto,MIA,Miami,2026-10-23 00:00:00+00:00,2026-11-11 00:00:00+00:00,,,267,USD,0,,2026-10-04 04:12:37.070903+00:00,travelpayouts,round_trip,month-matrix,0
YTO,Toronto,MIA,Miami,2026-10-26 00:00:00+00:00,2026-10-28 00:00:00+00:00,,,280,USD,0,,2026-10-04 04:12:37.070903+00:00,travelpayouts,round_trip,month-matrix,0
YTO,Toronto,MIA,Miami,2026-10-26 00:00:00+00:00,2026-10-29 00:00:00+00:00,,,280,USD,0,,2026-10-04 04:12:37.070903+00:00,travelpayouts,round_trip,month-matrix,0
YTO,Toronto,MIA,Miami,2026-10-26 00:00:00+00:00,2026-10-30 00:00:00+00:00,,,280,USD,0,,2026-10-04 04:12:37.070903+00:00,travelpayouts,round_trip,month-matrix,0
YTO,Toronto,MIA,Miami,2026-10-26 00:00:00+00:00,2026-10-31 00:00:00+00:00,,,280,USD,0,,2026-10-04 04:12:37.070903+00:00,travelpayouts,round_trip,month-matrix,0
YTO,Toronto,MIA,Miami,2026-10-26 00:00:00+00:00,2026-11-01 00:00:00+00:00,,,280,USD,0,,2026-10-04 04:12:37.070903+00:00,travelpayouts,round_trip,month-matrix,0
YTO,Toronto,MIA,Miami,2026-10-26 00:00:00+00:00,2026-11-02 00:00:00+00:00,,,280,USD,0,,2026-10-04 04:12:37.070903+00:00,travelpayouts,round_trip,month-matrix,0
YTO,Toronto,MIA,Miami,2026-10-26 00:00:00+00:00,2026-11-03 00:00:00+00:00,,,280,USD,0,,2026-10-04 04:12:37.070903+00:00,travelpayouts,round_trip,month-matrix,0
YTO,Toronto,MIA,Miami,2026-10-26 00:00:00+00:00,2026-11-04 00:00:00+00:00,,,280,USD,0,,2026-10-04 04:12:37.070903+00:00,travelpayouts,round_trip,month-matrix,0
YTO,Toronto,MIA,Miami,2026-10-26 00:00:00+00:00,2026-11-05 00:00:00+00:00,,,280,USD,0,,2026-10-04 04:12:37.070903+00:00,travelpayouts,round_trip,month-matrix,0
YTO,Toronto,MIA,Miami,2026-10-09 21:29:00+00:00,2026-10-15 00:06:00+00:00,AA,5667,396,USD,1,,2026-10-04 04:12:37.603438+00:00,travelpayouts,round_trip,prices_for_dates,570
YTO,Toronto,MIA,Miami,2026-10-29 13:35:00+00:00,2026-10-30 02:55:00+00:00,PD,543,407,USD,0,,2026-10-04 04:12:37.603438+00:00,travelpayouts,round_trip,prices_for_dates,1714
YTO,Toronto,MIA,Miami,2026-10-26 00:00:00+00:00,2026-11-06 00:00:00+00:00,,,280,USD,0,,2026-10-04 04:12:38.132793+00:00,travelpayouts,round_trip,latest,0
YTO,Toronto,MIA,Miami,2026-10-26 00:00:00+00:00,2026-11-07 00:00:00+00:00,,,280,USD,0,,2026-10-04 04:12:38.132793+00:00,travelpayouts,round_trip,latest,0
YTO,Toronto,MIA,Miami,2026-10-26 00:00:00+00:00,2026-11-08 00:00:00+00:00,,,280,USD,0,,2026-10-04 04:12:38.132793+00:00,travelpayouts,round_trip,latest,0
YTO,Toronto,MIA,Miami,2026-10-26 00:00:00+00:00,2026-11-09 00:00:00+00:00,,,280,USD,0,,2026-10-04 04:12:38.132793+00:00,travelpayouts,round_trip,latest,0
YTO,Toronto,MIA,Miami,2026-10-26 00:00:00+00:00,2026-11-10 00:00:00+00:00,,,280,USD,0,,2026-10-04 04:12:38.132793+00:00,travelpayouts,round_trip,latest,0
YTO,Toronto,MIA,Miami,2026-10-26 00:00:00+00:00,2026-11-11 00:00:00+00:00,,,280,USD,0,,2026-10-04 04:12:38.132793+00:00,travelpayouts,round_trip,latest,0
YTO,Toronto,MIA,Miami,2026-10-26 00:00:00+00:00,2026-11-12 00:00:00+00:00,,,280,USD,0,,2026-10-04 04:12:38.132793+00:00,travelpayouts,round_trip,latest,0
YTO,Toronto,MIA,Miami,2026-10-26 00:00:00+00:00,2026-11-13 00:00:00+00:00,,,280,USD,0,,2026-10-04 04:12:38.132793+00:00,travelpayouts,round_trip,latest,0
YTO,Toronto,MIA,Miami,2026-10-28 00:00:00+00:00,2026-11-13 00:00:00+00:00,,,292,USD,0,,2026-10-04 04:12:38.132793+00:00,travelpayouts,round_trip,latest,0
YTO,Toronto,MIA,Miami,2026-10-29 00:00:00+00:00,2026-10-30 00:00:00+00:00,,,313,USD,0,,2026-10-04 04:12:38.132793+00:00,travelpayouts,round_trip,latest,0
YTO,Toronto,MIA,Miami,2026-10-29 00:00:00+00:00,2026-10-31 00:00:00+00:00,,,313,USD,0,,2026-10-04 04:12:38.132793+00:00,travelpayouts,round_trip,latest,0
YTO,Toronto,MIA,Miami,2026-10-29 00:00:00+00:00,2026-11-01 00:00:00+00:00,,,313,USD,0,,2026-10-04 04:12:38.132793+00:00,travelpayouts,round_trip,latest,0
YTO,Toronto,MIA,Miami,2026-10-29 00:00:00+00:00,2026-11-02 00:00:00+00:00,,,313,USD,0,,2026-10-04 04:12:38.132793+00:00,travelpayouts,round_trip,latest,0
YTO,Toronto,MIA,Miami,2026-10-29 00:00:00+00:00,2026-11-03 00:00:00+00:00,,,313,USD,0,,2026-10-04 04:12:38.132793+00:00,travelpayouts,round_trip,latest,0
YTO,Toronto,MIA,Miami,2026-10-29 00:00:00+00:00,2026-11-04 00:00:00+00:00,,,313,USD,0,,2026-10-04 04:12:38.132793+00:00,travelpayouts,round_trip,latest,0
YTO,Toronto,MIA,Miami,2026-10-29 00:00:00+00:00,2026-11-05 00:00:00+00:00,,,313,USD,0,,2026-10-04 04:12:38.132793+00:00,travelpayouts,round_trip,latest,0
YTO,Toronto,MIA,Miami,2026-10-29 00:00:00+00:00,2026-11-06 00:00:00+00:00,,,313,USD,0,,2026-10-04 04:12:38.132793+00:00,travelpayouts,round_trip,latest,0
YTO,Toronto,MIA,Miami,2026-10-29 00:00:00+00:00,2026-11-07 00:00:00+00:00,,,313,USD,0,,2026-10-04 04:12:38.132793+00:00,travelpayouts,round_trip,latest,0
YTO,Toronto,MIA,Miami,2026-10-29 00:00:00+00:00,2026-11-08 00:00:00+00:00,,,313,USD,0,,2026-10-04 04:12:38.132793+00:00,travelpayouts,round_trip,latest,0
YTO,Toronto,MIA,Miami,2026-10-29 00:00:00+00:00,2026-11-09 00:00:00+00:00,,,313,USD,0,,2026-10-04 04:12:38.132793+00:00,travelpayouts,round_trip,latest,0
YTO,Toronto,MIA,Miami,2026-10-29 00:00:00+00:00,2026-11-10 00:00:00+00:00,,,313,USD,0,,2026-10-04 04:12:38.132793+00:00,travelpayouts,round_trip,latest,0
YTO,Toronto,MIA,Miami,2026-10-29 00:00:00+00:00,2026-11-11 00:00:00+00:00,,,313,USD,0,,2026-10-04 04:12:38.132793+00:00,travelpayouts,round_trip,latest,0
YTO,Toronto,MIA,Miami,2026-10-09 00:00:00+00:00,2026-10-14 00:00:00+00:00,,,396,USD,1,,2026-10-04 04:12:38.132793+00:00,travelpayouts,round_trip,latest,570
YTO,Toronto,MIA,Miami,2026-10-29 00:00:00+00:00,2026-10-29 00:00:00+00:00,,,407,USD,3,,2026-10-04 04:12:38.132793+00:00,travelpayouts,round_trip,latest,1714
YTO,Toronto,MIA,Miami,2026-11-15 00:00:00+00:00,,,,165,USD,0,,2026-10-04 04:12:38.644756+00:00,travelpayouts,one_way,month-matrix,210
YTO,Toronto,MIA,Miami,2026-11-08 00:00:00+00:00,,,,174,USD,0,,2026-10-04 04:12:38.644756+00:00,travelpayouts,one_way,month-matrix,0
YTO,Toronto,MIA,Miami,2026-11-09 00:00:00+00:00,,,,174,USD,0,,2026-10-04 04:12:38.644756+00:00,travelpayouts,one_way,month-matrix,0
YTO,Toronto,MIA,Miami,2026-11-10 00:00:00+00:00,,,,174,USD,0,,2026-10-04 04:12:38.644756+00:00,travelpayouts,one_way,month-matrix,0
YTO,Toronto,MIA,Miami,2026-11-11 00:00:00+00:00,,,,174,USD,0,,2026-10-04 04:12:38.644756+00:00,travelpayouts,one_way,month-matrix,0
YTO,Toronto,MIA,Miami,2026-11-12 00:00:00+00:00,,,,174,USD,0,,2026-10-04 04:12:38.644756+00:00,travelpayouts,one_way,month-matrix,0
YTO,Toronto,MIA,Miami,2026-11-13 00:00:00+00:00,,,,174,USD,0,,2026-10-04 04:12:38.644756+00:00,travelpayouts,one_way,month-matrix,0
YTO,Toronto,MIA,Miami,2026-11-15 14:35:00+00:00,,TS,7543,165,USD,0,,2026-10-04 04:12:39.172800+00:00,travelpayouts,one_way,prices_for_dates,210
YTO,Toronto,MIA,Miami,2026-12-24 00:00:00+00:00,2026-12-27 00:00:00+00:00,,,555,USD,1,,2026-10-04 04:12:43.356459+00:00,travelpayouts,round_trip,month-matrix,817
YTO,Toronto,MIA,Miami,2026-12-24 17:30:00+00:00,2026-12-27 13:50:00+00:00,AA,5425,555,USD,1,,2026-10-04 04:12:43.921863+00:00,travelpayouts,round_trip,prices_for_dates,817
YTO,Toronto,MIA,Miami,2027-01-02 15:30:00+00:00,,UA,3648,458,USD,1,2026-10-04 05:12:46+00:00,2026-10-04 04:12:46.554330+00:00,travelpayouts,one_way,calendar,
YTO,Toronto,MIA,Miami,2027-01-11 14:15:00+00:00,,WS,1140,355,USD,2,2026-10-04 05:12:46+00:00,2026-10-04 04:12:46.554330+00:00,travelpayouts,one_way,calendar,
YTO,Toronto,MIA,Miami,2027-01-25 11:30:00+00:00,,F8,1690,437,USD,2,2026-10-04 05:12:46+00:00,2026-10-04 04:12:46.554330+00:00,travelpayouts,one_way,calendar,
YTO,Toronto,MIA,Miami,2027-01-11 00:00:00+00:00,2027-01-16 00:00:00+00:00,,,283,USD,0,,2026-10-04 04:12:47.028115+00:00,travelpayouts,round_trip,month-matrix,0
YTO,Toronto,MIA,Miami,2027-01-02 00:00:00+00:00,2027-01-06 00:00:00+00:00,,,458,USD,1,,2026-10-04 04:12:47.028115+00:00,travelpayouts,round_trip,month-matrix,1141
YTO,Toronto,MIA,Miami,2027-01-02 15:30:00+00:00,2027-01-06 13:00:00+00:00,UA,3648,458,USD,1,,2026-10-04 04:12:47.576936+00:00,travelpayouts,round_trip,prices_for_dates,1141
YTO,Toronto,BCN,Barcelona,2026-10-06 00:00:00+00:00,,,,222,USD,1,,2026-10-04 04:12:48.602813+00:00,travelpayouts,one_way,month-matrix,1000
YTO,Toronto,BCN,Barcelona,2026-10-05 00:00:00+00:00,,,,225,USD,0,,2026-10-04 04:12:48.602813+00:00,travelpayouts,one_way,month-matrix,0
YTO,Toronto,BCN,Barcelona,2026-10-04 00:00:00+00:00,,,,229,USD,1,,2026-10-04 04:12:48.602813+00:00,travelpayouts,one_way,month-matrix,1165
YTO,Toronto,BCN,Barcelona,2026-10-11 00:00:00+00:00,,,,260,USD,1,,2026-10-04 04:12:48.602813+00:00,travelpayouts,one_way,month-matrix,2435
YTO,Toronto,BCN,Barcelona,2026-10-15 00:00:00+00:00,,,,262,USD,2,,2026-10-04 04:12:48.602813+00:00,travelpayouts,one_way,month-matrix,1160
YTO,Toronto,BCN,Barcelona,2026-10-10 00:00:00+00:00,,,,281,USD,1,,2026-10-04 04:12:48.602813+00:00,travelpayouts,one_way,month-matrix,995
YTO,Toronto,BCN,Barcelona,2026-10-12 00:00:00+00:00,,,,288,USD,1,,2026-10-04 04:12:48.602813+00:00,travelpayouts,one_way,month-matrix,665
YTO,Toronto,BCN,Barcelona,2026-10-13 00:00:00+00:00,,,,300,USD,0,,2026-10-04 04:12:48.602813+00:00,travelpayouts,one_way,month-matrix,0
YTO,Toronto,BCN,Barcelona,2026-10-19 00:00:00+00:00,,,,308,USD,1,,2026-10-04 04:12:48.602813+00:00,travelpayouts,one_way,month-matrix,1440
YTO,Toronto,BCN,Barcelona,2026-10-14 00:00:00+00:00,,,,312,USD,1,,2026-10-04 04:12:48.602813+00:00,travelpayouts,one_way,month-matrix,665
YTO,Toronto,BCN,Barcelona,2026-10-17 00:00:00+00:00,,,,316,USD,0,,2026-10-04 04:12:48.602813+00:00,travelpayouts,one_way,month-matrix,0
YTO,Toronto,BCN,Barcelona,2026-10-18 00:00:00+00:00,,,,316,USD,0,,2026-10-04 04:12:48.602813+00:00,travelpayouts,one_way,month-matrix,0
YTO,Toronto,BCN,Barcelona,2026-10-16 00:00:00+00:00,,,,324,USD,1,,2026-10-04 04:12:48.602813+00:00,travelpayouts,one_way,month-matrix,1440
YTO,Toronto,BCN,Barcelona,2026-10-09 00:00:00+00:00,,,,324,USD,2,,2026-10-04 04:12:48.602813+00:00,travelpayouts,one_way,month-matrix,1485
YTO,Toronto,BCN,Barcelona,2026-10-07 00:00:00+00:00,,,,332,USD,2,,2026-10-04 04:12:48.602813+00:00,travelpayouts,one_way,month-matrix,870
YTO,Toronto,BCN,Barcelona,2026-10-20 00:00:00+00:00,,,,337,USD,0,,2026-10-04 04:12:48.602813+00:00,travelpayouts,one_way,month-matrix,0
YTO,Toronto,BCN,Barcelona,2026-10-21 00:00:00+00:00,,,,337,USD,0,,2026-10-04 04:12:48.602813+00:00,travelpayouts,one_way,month-matrix,0
YTO,Toronto,BCN,Barcelona,2026-10-22 00:00:00+00:00,,,,337,USD,0,,2026-10-04 04:12:48.602813+00:00,travelpayouts,one_way,month-matrix,0
YTO,Toronto,BCN,Barcelona,2026-10-08 00:00:00+00:00,,,,348,USD,1,,2026-10-04 04:12:48.602813+00:00,travelpayouts,one_way,month-matrix,2480
YTO,Toronto,BCN,Barcelona,2026-10-29 00:00:00+00:00,,,,367,USD,1,,2026-10-04 04:12:48.602813+00:00,travelpayouts,one_way,month-matrix,2030
YTO,Toronto,BCN,Barcelona,2026-10-30 00:00:00+00:00,,,,415,USD,1,,2026-10-04 04:12:48.602813+00:00,travelpayouts,one_way,month-matrix,2060
YTO,Toronto,BCN,Barcelona,2026-10-07 03:55:00+00:00,,TS,230,222,USD,1,,2026-10-04 04:12:49.142701+00:00,travelpayouts,one_way,prices_for_dates,1000
YTO,Toronto,BCN,Barcelona,2026-10-05 03:55:00+00:00,,TS,230,229,USD,1,,2026-10-04 04:12:49.142701+00:00,travelpayouts,one_way,prices_for_dates,1165
YTO,Toronto,BCN,Barcelona,2026-10-12 03:55:00+00:00,,TS,230,260,USD,1,,2026-10-04 04:12:49.142701+00:00,travelpayouts,one_way,prices_for_dates,2435
YTO,Toronto,BCN,Barcelona,2026-10-16 03:55:00+00:00,,TS,230,262,USD,2,,2026-10-04 04:12:49.142701+00:00,travelpayouts,one_way,prices_for_dates,1160
YTO,Toronto,BCN,Barcelona,2026-10-11 03:55:00+00:00,,TS,230,281,USD,1,,2026-10-04 04:12:49.142701+00:00,travelpayouts,one_way,prices_for_dates,995
YTO,Toronto,BCN,Barcelona,2026-10-12 23:55:00+00:00,,P3,2485,288,USD,1,,2026-10-04 04:12:49.142701+00:00,travelpayouts,one_way,prices_for_dates,665
YTO,Toronto,BCN,Barcelona,2026-10-19 11:00:00+00:00,,PD,7326,308,USD,1,,2026-10-04 04:12:49.142701+00:00,travelpayouts,one_way,prices_for_dates,1440
YTO,Toronto,BCN,Barcelona,2026-10-14 23:55:00+00:00,,PD,2485,312,USD,1,,2026-10-04 04:12:49.142701+00:00,travelpayouts,one_way,prices_for_dates,665
YTO,Toronto,BCN,Barcelona,2026-10-16 11:00:00+00:00,,PD,2487,324,USD,1,,2026-10-04 04:12:49.142701+00:00,travelpayouts,one_way,prices_for_dates,1440
YTO,Toronto,BCN,Barcelona,2026-10-09 15:55:00+00:00,,PD,2221,324,USD,2,,2026-10-04 04:12:49.142701+00:00,travelpayouts,one_way,prices_for_dates,1485
YTO,Toronto,BCN,Barcelona,2026-10-07 22:00:00+00:00,,TS,531,332,USD,2,,2026-10-04 04:12:49.142701+00:00,travelpayouts,one_way,prices_for_dates,870
YTO,Toronto,BCN,Barcelona,2026-10-09 01:40:00+00:00,,TS,308,348,USD,1,,2026-10-04 04:12:49.142701+00:00,travelpayouts,one_way,prices_for_dates,2480
YTO,Toronto,BCN,Barcelona,2026-10-30 00:40:00+00:00,,FI,602,367,USD,1,,2026-10-04 04:12:49.142701+00:00,travelpayouts,one_way,prices_for_dates,2030
YTO,Toronto,BCN,Barcelona,2026-10-31 00:10:00+00:00,,TS,764,415,USD,1,,2026-10-04 04:12:49.142701+00:00,travelpayouts,one_way,prices_for_dates,2060
YTO,Toronto,BCN,Barcelona,2026-10-06 00:00:00+00:00,,,,232,USD,1,,2026-10-04 04:12:49.652276+00:00,travelpayouts,one_way,latest,660
YTO,Toronto,BCN,Barcelona,2026-10-05 00:00:00+00:00,,,,241,USD,0,,2026-10-04 04:12:49.652276+00:00,travelpayouts,one_way,latest,0
YTO,Toronto,BCN,Barcelona,2026-10-04 00:00:00+00:00,,,,250,USD,1,,2026-10-04 04:12:49.652276+00:00,travelpayouts,one_way,latest,2435
YTO,Toronto,BCN,Barcelona,2026-10-12 00:00:00+00:00,,,,308,USD,1,,2026-10-04 04:12:49.652276+00:00,travelpayouts,one_way,latest,665
YTO,Toronto,BCN,Barcelona,2026-10-13 00:00:00+00:00,,,,310,USD,0,,2026-10-04 04:12:49.652276+00:00,travelpayouts,one_way,latest,0
YTO,Toronto,BCN,Barcelona,2026-10-09 00:00:00+00:00,,,,361,USD,2,,2026-10-04 04:12:49.652276+00:00,travelpayouts,one_way,latest,1320
YTO,Toronto,BCN,Barcelona,2026-10-18 00:00:00+00:00,2026-11-18 00:00:00+00:00,,,598,USD,1,,2026-10-04 04:12:50.186459+00:00,travelpayouts,round_trip,month-matrix,1405
YTO,Toronto,BCN,Barcelona,2026-10-16 00:00:00+00:00,2026-11-29 00:00:00+00:00,,,613,USD,1,,2026-10-04 04:12:50.186459+00:00,travelpayouts,round_trip,month-matrix,1540
YTO,Toronto,BCN,Barcelona,2026-10-04 00:00:00+00:00,2026-10-10 00:00:00+00:00,,,698,USD,1,,2026-10-04 04:12:50.186459+00:00,travelpayouts,round_trip,month-matrix,1567
YTO,Toronto,BCN,Barcelona,2026-10-05 00:00:00+00:00,2026-10-10 00:00:00+00:00,,,698,USD,1,,2026-10-04 04:12:50.186459+00:00,travelpayouts,round_trip,month-matrix,2659
YTO,Toronto,BCN,Barcelona,2026-10-23 00:00:00+00:00,2026-11-08 00:00:00+00:00,,,709,USD,1,,2026-10-04 04:12:50.186459+00:00,travelpayouts,round_trip,month-matrix,1580
YTO,Toronto,BCN,Barcelona,2026-10-09 00:00:00+00:00,2026-10-16 00:00:00+00:00,,,716,USD,1,,2026-10-04 04:12:50.186459+00:00,travelpayouts,round_trip,month-matrix,2775
YTO,Toronto,BCN,Barcelona,2026-10-26 00:00:00+00:00,2026-11-12 00:00:00+00:00,,,719,USD,1,,2026-10-04 04:12:50.186459+00:00,travelpayouts,round_trip,month-matrix,1865
YTO,Toronto,BCN,Barcelona,2026-10-23 00:00:00+00:00,2026-11-07 00:00:00+00:00,,,720,USD,1,,2026-10-04 04:12:50.186459+00:00,travelpayouts,round_trip,month-matrix,1325
YTO,Toronto,BCN,Barcelona,2026-10-23 00:00:00+00:00,2026-11-09 00:00:00+00:00,,,720,USD,1,,2026-10-04 04:12:50.186459+00:00,travelpayouts,round_trip,month-matrix,1335
YTO,Toronto,BCN,Barcelona,2026-10-13 00:00:00+00:00,2026-10-19 00:00:00+00:00,,,731,USD,1,,2026-10-04 04:12:50.186459+00:00,travelpayouts,round_trip,month-matrix,2580
YTO,Toronto,BCN,Barcelona,2026-10-15 00:00:00+00:00,2026-10-18 00:00:00+00:00,,,804,USD,2,,2026-10-04 04:12:50.186459+00:00,travelpayouts,round_trip,month-matrix,4617
YTO,Toronto,BCN,Barcelona,2026-10-09 00:00:00+00:00,2026-10-17 00:00:00+00:00,,,874,USD,1,,2026-10-04 04:12:50.186459+00:00,travelpayouts,round_trip,month-matrix,3120
YTO,Toronto,BCN,Barcelona,2026-10-18 23:55:00+00:00,2026-11-18 08:30:00+00:00,PD,2485,598,USD,1,,2026-10-04 04:12:50.702506+00:00,travelpayouts,round_trip,prices_for_dates,1405
YTO,Toronto,BCN,Barcelona,2026-10-16 23:55:00+00:00,2026-11-29 08:30:00+00:00,PD,2485,613,USD,1,,2026-10-04 04:12:50.702506+00:00,travelpayouts,round_trip,prices_for_dates,1540
YTO,Toronto,BCN,Barcelona,2026-10-04 17:55:00+00:00,2026-10-10 09:15:00+00:00,UA,8266,698,USD,1,,2026-10-04 04:12:50.702506+00:00,travelpayouts,round_trip,prices_for_dates,1567
YTO,Toronto,BCN,Barcelona,2026-10-05 23:43:00+00:00,2026-10-10 09:15:00+00:00,AC,3904,698,USD,1,,2026-10-04 04:12:50.702506+00:00,travelpayouts,round_trip,prices_for_dates,2659
YTO,Toronto,BCN,Barcelona,2026-10-23 21:10:00+00:00,2026-11-08 11:00:00+00:00,IB,368,709,USD,1,,2026-10-04 04:12:50.702506+00:00,travelpayouts,round_trip,prices_for_dates,1580
YTO,Toronto,BCN,Barcelona,2026-10-09 23:25:00+00:00,2026-10-16 10:50:00+00:00,AA,4438,716,USD,1,,2026-10-04 04:12:50.702506+00:00,travelpayouts,round_trip,prices_for_dates,2775
YTO,Toronto,BCN,Barcelona,2026-10-26 17:15:00+00:00,2026-11-12 11:00:00+00:00,AA,3606,719,USD,1,,2026-10-04 04:12:50.702506+00:00,travelpayouts,round_trip,prices_for_dates,1865
YTO,Toronto,BCN,Barcelona,2026-10-23 21:10:00+00:00,2026-11-07 13:45:00+00:00,IB,368,720,USD,1,,2026-10-04 04:12:50.702506+00:00,travelpayouts,round_trip,prices_for_dates,1325
YTO,Toronto,BCN,Barcelona,2026-10-23 21:10:00+00:00,2026-11-09 09:15:00+00:00,IB,368,720,USD,1,,2026-10-04 04:12:50.702506+00:00,travelpayouts,round_trip,prices_for_dates,1335
YTO,Toronto,BCN,Barcelona,2026-10-13 23:55:00+00:00,2026-10-19 17:00:00+00:00,DE,2403,731,USD,1,,2026-10-04 04:12:50.702506+00:00,travelpayouts,round_trip,prices_for_dates,2580
YTO,Toronto,BCN,Barcelona,2026-10-16 03:55:00+00:00,2026-10-18 06:45:00+00:00,TS,230,804,USD,1,,2026-10-04 04:12:50.702506+00:00,travelpayouts,round_trip,prices_for_dates,4617
YTO,Toronto,BCN,Barcelona,2026-10-09 23:25:00+00:00,2026-10-17 21:10:00+00:00,AA,4438,874,USD,1,,2026-10-04 04:12:50.702506+00:00,travelpayouts,round_trip,prices_for_dates,3120
YTO,Toronto,BCN,Barcelona,2026-11-18 00:00:00+00:00,,,,299,USD,1,,2026-10-04 04:12:51.763580+00:00,travelpayouts,one_way,month-matrix,1180
YTO,Toronto,BCN,Barcelona,2026-11-17 00:00:00+00:00,,,,300,USD,1,,2026-10-04 04:12:51.763580+00:00,travelpayouts,one_way,month-matrix,655
YTO,Toronto,BCN,Barcelona,2026-11-15 00:00:00+00:00,,,,308,USD,2,,2026-10-04 04:12:51.763580+00:00,travelpayouts,one_way,month-matrix,1465
YTO,Toronto,BCN,Barcelona,2026-11-13 00:00:00+00:00,,,,323,USD,1,,2026-10-04 04:12:51.763580+00:00,travelpayouts,one_way,month-matrix,1725
YTO,Toronto,BCN,Barcelona,2026-11-14 00:00:00+00:00,,,,334,USD,1,,2026-10-04 04:12:51.763580+00:00,travelpayouts,one_way,month-matrix,1955
YTO,Toronto,BCN,Barcelona,2026-11-07 00:00:00+00:00,,,,374,USD,2,,2026-10-04 04:12:51.763580+00:00,travelpayouts,one_way,month-matrix,2569
YTO,Toronto,BCN,Barcelona,2026-11-01 00:00:00+00:00,,,,391,USD,1,,2026-10-04 04:12:51.763580+00:00,travelpayouts,one_way,month-matrix,1140
YTO,Toronto,BCN,Barcelona,2026-11-03 00:00:00+00:00,,,,395,USD,1,,2026-10-04 04:12:51.763580+00:00,travelpayouts,one_way,month-matrix,735
YTO,Toronto,BCN,Barcelona,2026-11-18 23:45:00+00:00,,PD,7480,299,USD,1,,2026-10-04 04:12:52.273869+00:00,travelpayouts,one_way,prices_for_dates,1180
YTO,Toronto,BCN,Barcelona,2026-11-17 19:45:00+00:00,,PD,2471,300,USD,1,,2026-10-04 04:12:52.273869+00:00,travelpayouts,one_way,prices_for_dates,655
YTO,Toronto,BCN,Barcelona,2026-11-15 22:50:00+00:00,,PD,2477,308,USD,2,,2026-10-04 04:12:52.273869+00:00,travelpayouts,one_way,prices_for_dates,1465
YTO,Toronto,BCN,Barcelona,2026-11-14 01:55:00+00:00,,PD,2487,323,USD,1,,2026-10-04 04:12:52.273869+00:00,travelpayouts,one_way,prices_for_dates,1725
YTO,Toronto,BCN,Barcelona,2026-11-14 23:45:00+00:00,,TS,480,334,USD,1,,2026-10-04 04:12:52.273869+00:00,travelpayouts,one_way,prices_for_dates,1955
YTO,Toronto,BCN,Barcelona,2026-11-08 04:10:00+00:00,,PD,113,374,USD,2,,2026-10-04 04:12:52.273869+00:00,travelpayouts,one_way,prices_for_dates,2569
YTO,Toronto,BCN,Barcelona,2026-11-02 03:45:00+00:00,,TP,262,391,USD,1,,2026-10-04 04:12:52.273869+00:00,travelpayouts,one_way,prices_for_dates,1140
YTO,Toronto,BCN,Barcelona,2026-11-03 22:30:00+00:00,,TP,258,395,USD,1,,2026-10-04 04:12:52.273869+00:00,travelpayouts,one_way,prices_for_dates,735
YTO,Toronto,BCN,Barcelona,2026-11-21 00:00:00+00:00,2026-11-29 00:00:00+00:00,,,604,USD,1,,2026-10-04 04:12:53.322562+00:00,travelpayouts,round_trip,month-matrix,1585
YTO,Toronto,BCN,Barcelona,2026-11-22 00:00:00+00:00,2026-11-29 00:00:00+00:00,,,609,USD,1,,2026-10-04 04:12:53.322562+00:00,travelpayouts,round_trip,month-matrix,1755
YTO,Toronto,BCN,Barcelona,2026-11-12 00:00:00+00:00,2026-11-26 00:00:00+00:00,,,625,USD,1,,2026-10-04 04:12:53.322562+00:00,travelpayouts,round_trip,month-matrix,4040
YTO,Toronto,BCN,Barcelona,2026-11-02 00:00:00+00:00,2026-11-15 00:00:00+00:00,,,701,USD,1,,2026-10-04 04:12:53.322562+00:00,travelpayouts,round_trip,month-matrix,2820
YTO,Toronto,BCN,Barcelona,2026-11-21 00:00:00+00:00,2026-11-28 00:00:00+00:00,,,710,USD,1,,2026-10-04 04:12:53.322562+00:00,travelpayouts,round_trip,month-matrix,1750
YTO,Toronto,BCN,Barcelona,2026-11-01 00:00:00+00:00,2026-11-15 00:00:00+00:00,,,716,USD,1,,2026-10-04 04:12:53.322562+00:00,travelpayouts,round_trip,month-matrix,2016
YTO,Toronto,BCN,Barcelona,2026-11-19 00:00:00+00:00,2026-11-27 00:00:00+00:00,,,727,USD,1,,2026-10-04 04:12:53.322562+00:00,travelpayouts,round_trip,month-matrix,1405
YTO,Toronto,BCN,Barcelona,2026-11-21 19:45:00+00:00,2026-11-29 08:30:00+00:00,PD,2471,604,USD,1,,2026-10-04 04:12:53.840023+00:00,travelpayouts,round_trip,prices_for_dates,1585
YTO,Toronto,BCN,Barcelona,2026-11-23 03:45:00+00:00,2026-11-29 05:45:00+00:00,TP,262,609,USD,1,,2026-10-04 04:12:53.840023+00:00,travelpayouts,round_trip,prices_for_dates,1755
YTO,Toronto,BCN,Barcelona,2026-11-13 00:40:00+00:00,2026-11-26 13:45:00+00:00,FI,602,625,USD,1,,2026-10-04 04:12:53.840023+00:00,travelpayouts,round_trip,prices_for_dates,4040
YTO,Toronto,BCN,Barcelona,2026-11-03 01:30:00+00:00,2026-11-15 05:20:00+00:00,AC,7976,701,USD,1,,2026-10-04 04:12:53.840023+00:00,travelpayouts,round_trip,prices_for_dates,2820
YTO,Toronto,BCN,Barcelona,2026-11-21 15:45:00+00:00,2026-11-28 08:55:00+00:00,AC,7958,710,USD,1,,2026-10-04 04:12:53.840023+00:00,travelpayouts,round_trip,prices_for_dates,1750
YTO,Toronto,BCN,Barcelona,2026-11-01 12:14:00+00:00,2026-11-15 11:00:00+00:00,AA,2589,716,USD,1,,2026-10-04 04:12:53.840023+00:00,travelpayouts,round_trip,prices_for_dates,2016
YTO,Toronto,BCN,Barcelona,2026-11-20 03:20:00+00:00,2026-11-27 13:40:00+00:00,BA,98,727,USD,1,,2026-10-04 04:12:53.840023+00:00,travelpayouts,round_trip,prices_for_dates,1405
YTO,Toronto,BCN,Barcelona,2026-12-01 00:00:00+00:00,,,,391,USD,1,,2026-10-04 04:12:54.889261+00:00,travelpayouts,one_way,month-matrix,855
YTO,Toronto,BCN,Barcelona,2026-12-01 22:30:00+00:00,,TP,258,391,USD,1,,2026-10-04 04:12:55.415927+00:00,travelpayouts,one_way,prices_for_dates,855
YTO,Toronto,BCN,Barcelona,2026-12-03 00:00:00+00:00,2027-01-13 00:00:00+00:00,,,529,USD,1,,2026-10-04 04:12:56.482299+00:00,travelpayouts,round_trip,month-matrix,1735
YTO,Toronto,BCN,Barcelona,2026-12-26 00:00:00+00:00,2027-01-05 00:00:00+00:00,,,812,USD,1,,2026-10-04 04:12:56.482299+00:00,travelpayouts,round_trip,month-matrix,1924
YTO,Toronto,BCN,Barcelona,2026-12-23 00:00:00+00:00,2027-01-08 00:00:00+00:00,,,864,USD,2,,2026-10-04 04:12:56.482299+00:00,travelpayouts,round_trip,month-matrix,2129
YTO,Toronto,BCN,Barcelona,2026-12-22 00:00:00+00:00,2027-01-09 00:00:00+00:00,,,898,USD,1,,2026-10-04 04:12:56.482299+00:00,travelpayouts,round_trip,month-matrix,2344
YTO,Toronto,BCN,Barcelona,2026-12-26 00:00:00+00:00,2027-01-03 00:00:00+00:00,,,994,USD,1,,2026-10-04 04:12:56.482299+00:00,travelpayouts,round_trip,month-matrix,3595
YTO,Toronto,BCN,Barcelona,2026-12-03 22:30:00+00:00,2027-01-13 11:35:00+00:00,TP,258,529,USD,1,,2026-10-04 04:12:56.991686+00:00,travelpayouts,round_trip,prices_for_dates,1735
YTO,Toronto,BCN,Barcelona,2026-12-26 23:05:00+00:00,2027-01-05 17:45:00+00:00,AA,6917,812,USD,1,,2026-10-04 04:12:56.991686+00:00,travelpayouts,round_trip,prices_for_dates,1924
YTO,Toronto,BCN,Barcelona,2026-12-23 15:55:00+00:00,2027-01-08 11:40:00+00:00,AA,6044,864,USD,2,,2026-10-04 04:12:56.991686+00:00,travelpayouts,round_trip,prices_for_dates,2129
YTO,Toronto,BCN,Barcelona,2026-12-22 18:05:00+00:00,2027-01-09 17:45:00+00:00,AA,1572,898,USD,1,,2026-10-04 04:12:56.991686+00:00,travelpayouts,round_trip,prices_for_dates,2344
YTO,Toronto,BCN,Barcelona,2026-12-27 03:20:00+00:00,2027-01-03 13:55:00+00:00,AA,6921,994,USD,1,,2026-10-04 04:12:56.991686+00:00,travelpayouts,round_trip,prices_for_dates,3595
YTO,Toronto,BCN,Barcelona,2027-01-06 00:00:00+00:00,,,,376,USD,1,,2026-10-04 04:12:58.035846+00:00,travelpayouts,one_way,month-matrix,935
YTO,Toronto,BCN,Barcelona,2027-01-07 03:45:00+00:00,,TP,262,376,USD,1,,2026-10-04 04:12:58.558251+00:00,travelpayouts,one_way,prices_for_dates,935
YTO,Toronto,BCN,Barcelona,2027-01-02 00:00:00+00:00,2027-01-18 00:00:00+00:00,,,655,USD,1,,2026-10-04 04:12:59.610387+00:00,travelpayouts,round_trip,month-matrix,2705
YTO,Toronto,BCN,Barcelona,2027-01-03 01:30:00+00:00,2027-01-18 12:35:00+00:00,QK,7976,655,USD,1,,2026-10-04 04:13:00.129554+00:00,travelpayouts,round_trip,prices_for_dates,2705
YTO,Toronto,MAD,Madrid,2026-10-17 00:00:00+00:00,,,,324,USD,1,,2026-10-04 04:13:01.208531+00:00,travelpayouts,one_way,month-matrix,1890
YTO,Toronto,MAD,Madrid,2026-10-18 00:00:00+00:00,,,,330,USD,0,,2026-10-04 04:13:01.208531+00:00,travelpayouts,one_way,month-matrix,0
YTO,Toronto,MAD,Madrid,2026-10-19 00:00:00+00:00,,,,336,USD,1,,2026-10-04 04:13:01.208531+00:00,travelpayouts,one_way,month-matrix,825
YTO,Toronto,MAD,Madrid,2026-10-20 00:00:00+00:00,,,,343,USD,2,,2026-10-04 04:13:01.208531+00:00,travelpayouts,one_way,month-matrix,955
YTO,Toronto,MAD,Madrid,2026-10-05 00:00:00+00:00,,,,345,USD,1,,2026-10-04 04:13:01.208531+00:00,travelpayouts,one_way,month-matrix,1165
YTO,Toronto,MAD,Madrid,2026-10-04 00:00:00+00:00,,,,363,USD,2,,2026-10-04 04:13:01.208531+00:00,travelpayouts,one_way,month-matrix,3455
YTO,Toronto,MAD,Madrid,2026-10-16 00:00:00+00:00,,,,374,USD,1,,2026-10-04 04:13:01.208531+00:00,travelpayouts,one_way,month-matrix,645
YTO,Toronto,MAD,Madrid,2026-10-06 00:00:00+00:00,,,,374,USD,2,,2026-10-04 04:13:01.208531+00:00,travelpayouts,one_way,month-matrix,1230
YTO,Toronto,MAD,Madrid,2026-10-09 00:00:00+00:00,,,,380,USD,0,,2026-10-04 04:13:01.208531+00:00,travelpayouts,one_way,month-matrix,0
YTO,Toronto,MAD,Madrid,2026-10-10 00:00:00+00:00,,,,380,USD,0,,2026-10-04 04:13:01.208531+00:00,travelpayouts,one_way,month-matrix,0
YTO,Toronto,MAD,Madrid,2026-10-11 00:00:00+00:00,,,,380,USD,0,,2026-10-04 04:13:01.208531+00:00,travelpayouts,one_way,month-matrix,0
YTO,Toronto,MAD,Madrid,2026-10-12 00:00:00+00:00,,,,380,USD,0,,2026-10-04 04:13:01.208531+00:00,travelpayouts,one_way,month-matrix,0
YTO,Toronto,MAD,Madrid,2026-10-13 00:00:00+00:00,,,,380,USD,0,,2026-10-04 04:13:01.208531+00:00,travelpayouts,one_way,month-matrix,0
YTO,Toronto,MAD,Madrid,2026-10-14 00:00:00+00:00,,,,380,USD,0,,2026-10-04 04:13:01.208531+00:00,travelpayouts,one_way,month-matrix,0
YTO,Toronto,MAD,Madrid,2026-10-15 00:00:00+00:00,,,,380,USD,0,,2026-10-04 04:13:01.208531+00:00,travelpayouts,one_way,month-matrix,0
YTO,Toronto,MAD,Madrid,2026-10-08 00:00:00+00:00,,,,387,USD,2,,2026-10-04 04:13:01.208531+00:00,travelpayouts,one_way,month-matrix,2675
YTO,Toronto,MAD,Madrid,2026-10-07 00:00:00+00:00,,,,477,USD,2,,2026-10-04 04:13:01.208531+00:00,travelpayouts,one_way,month-matrix,1335
YTO,Toronto,MAD,Madrid,2026-10-18 03:55:00+00:00,,TS,230,324,USD,1,,2026-10-04 04:13:01.710417+00:00,travelpayouts,one_way,prices_for_dates,1890
YTO,Toronto,MAD,Madrid,2026-10-19 20:55:00+00:00,,PD,2473,336,USD,1,,2026-10-04 04:13:01.710417+00:00,travelpayouts,one_way,prices_for_dates,825
YTO,Toronto,MAD,Madrid,2026-10-21 03:55:00+00:00,,TS,230,343,USD,2,,2026-10-04 04:13:01.710417+00:00,travelpayouts,one_way,prices_for_dates,955
YTO,Toronto,MAD,Madrid,2026-10-06 02:55:00+00:00,,TP,262,345,USD,1,,2026-10-04 04:13:01.710417+00:00,travelpayouts,one_way,prices_for_dates,1165
YTO,Toronto,MAD,Madrid,2026-10-04 22:10:00+00:00,,PD,2632,363,USD,2,,2026-10-04 04:13:01.710417+00:00,travelpayouts,one_way,prices_for_dates,3455
YTO,Toronto,MAD,Madrid,2026-10-16 23:55:00+00:00,,PD,2485,374,USD,1,,2026-10-04 04:13:01.710417+00:00,travelpayouts,one_way,prices_for_dates,645
YTO,Toronto,MAD,Madrid,2026-10-07 01:40:00+00:00,,TS,308,374,USD,2,,2026-10-04 04:13:01.710417+00:00,travelpayouts,one_way,prices_for_dates,1230
YTO,Toronto,MAD,Madrid,2026-10-09 00:45:00+00:00,,TS,7267,387,USD,2,,2026-10-04 04:13:01.710417+00:00,travelpayouts,one_way,prices_for_dates,2675
YTO,Toronto,MAD,Madrid,2026-10-08 00:45:00+00:00,,S4,322,477,USD,2,,2026-10-04 04:13:01.710417+00:00,travelpayouts,one_way,prices_for_dates,1335
YTO,Toronto,MAD,Madrid,2026-10-31 00:00:00+00:00,2026-11-14 00:00:00+00:00,,,728,USD,1,,2026-10-04 04:13:02.766750+00:00,travelpayouts,round_trip,month-matrix,1570
YTO,Toronto,MAD,Madrid,2026-10-31 20:15:00+00:00,2026-11-14 12:15:00+00:00,AA,5884,728,USD,1,,2026-10-04 04:13:03.294394+00:00,travelpayouts,round_trip,prices_for_dates,1570
YTO,Toronto,MAD,Madrid,2026-11-23 00:00:00+00:00,,,,334,USD,1,,2026-10-04 04:13:04.321493+00:00,travelpayouts,one_way,month-matrix,745
YTO,Toronto,MAD,Madrid,2026-11-06 00:00:00+00:00,,,,356,USD,1,,2026-10-04 04:13:04.321493+00:00,travelpayouts,one_way,month-matrix,1195
YTO,Toronto,MAD,Madrid,2026-11-24 03:45:00+00:00,,TP,262,334,USD,1,,2026-10-04 04:13:04.851156+00:00,travelpayouts,one_way,prices_for_dates,745
YTO,Toronto,MAD,Madrid,2026-11-07 00:10:00+00:00,,TS,764,356,USD,1,,2026-10-04 04:13:04.851156+00:00,travelpayouts,one_way,prices_for_dates,1195
YTO,Toronto,MAD,Madrid,2026-11-20 00:00:00+00:00,2026-11-30 00:00:00+00:00,,,558,USD,2,,2026-10-04 04:13:05.913441+00:00,travelpayouts,round_trip,month-matrix,2650
YTO,Toronto,MAD,Madrid,2026-11-20 00:00:00+00:00,2026-11-27 00:00:00+00:00,,,675,USD,2,,2026-10-04 04:13:05.913441+00:00,travelpayouts,round_trip,month-matrix,2800
YTO,Toronto,MAD,Madrid,2026-11-01 00:00:00+00:00,2026-11-15 00:00:00+00:00,,,733,USD,1,,2026-10-04 04:13:05.913441+00:00,travelpayouts,round_trip,month-matrix,2272
YTO,Toronto,MAD,Madrid,2026-11-20 22:50:00+00:00,2026-11-30 19:00:00+00:00,PD,2477,558,USD,2,,2026-10-04 04:13:06.427449+00:00,travelpayouts,round_trip,prices_for_dates,2650
YTO,Toronto,MAD,Madrid,2026-11-20 22:50:00+00:00,2026-11-27 14:10:00+00:00,TS,7489,675,USD,2,,2026-10-04 04:13:06.427449+00:00,travelpayouts,round_trip,prices_for_dates,2800
YTO,Toronto,MAD,Madrid,2026-11-01 18:17:00+00:00,2026-11-15 15:20:00+00:00,AA,4369,733,USD,1,,2026-10-04 04:13:06.427449+00:00,travelpayouts,round_trip,prices_for_dates,2272
YTO,Toronto,MAD,Madrid,2026-12-22 15:46:00+00:00,,AA,4347,997,USD,1,2026-10-04 05:13:08+00:00,2026-10-04 04:13:09.078135+00:00,travelpayouts,one_way,calendar,
YTO,Toronto,MAD,Madrid,2026-12-22 00:00:00+00:00,2027-01-09 00:00:00+00:00,,,997,USD,1,,2026-10-04 04:13:09.573769+00:00,travelpayouts,round_trip,month-matrix,2479
YTO,Toronto,MAD,Madrid,2026-12-22 15:46:00+00:00,2027-01-09 17:10:00+00:00,AA,4347,997,USD,1,,2026-10-04 04:13:10.091498+00:00,travelpayouts,round_trip,prices_for_dates,2479
YTO,Toronto,MAD,Madrid,2027-01-06 00:00:00+00:00,,,,331,USD,1,,2026-10-04 04:13:11.167220+00:00,travelpayouts,one_way,month-matrix,745
YTO,Toronto,MAD,Madrid,2027-01-07 03:45:00+00:00,,TP,262,331,USD,1,,2026-10-04 04:13:11.685558+00:00,travelpayouts,one_way,prices_for_dates,745
YTO,Toronto,SFO,San Francisco,2026-10-12 00:00:00+00:00,,,,372,USD,1,,2026-10-04 04:13:15.874814+00:00,travelpayouts,one_way,month-matrix,563
YTO,Toronto,SFO,San Francisco,2026-10-11 00:00:00+00:00,,,,373,USD,0,,2026-10-04 04:13:15.874814+00:00,travelpayouts,one_way,month-matrix,0
YTO,Toronto,SFO,San Francisco,2026-10-10 00:00:00+00:00,,,,373,USD,1,,2026-10-04 04:13:15.874814+00:00,travelpayouts,one_way,month-matrix,563
YTO,Toronto,SFO,San Francisco,2026-10-12 22:21:00+00:00,,AA,1111,372,USD,1,,2026-10-04 04:13:16.391462+00:00,travelpayouts,one_way,prices_for_dates,563
YTO,Toronto,SFO,San Francisco,2026-10-10 22:21:00+00:00,,AA,1111,373,USD,1,,2026-10-04 04:13:16.391462+00:00,travelpayouts,one_way,prices_for_dates,563
YTO,Toronto,SFO,San Francisco,2026-10-08 00:00:00+00:00,2026-10-29 00:00:00+00:00,,,389,USD,1,,2026-10-04 04:13:17.449302+00:00,travelpayouts,round_trip,month-matrix,919
YTO,Toronto,SFO,San Francisco,2026-10-06 00:00:00+00:00,2026-10-26 00:00:00+00:00,,,417,USD,1,,2026-10-04 04:13:17.449302+00:00,travelpayouts,round_trip,month-matrix,965
YTO,Toronto,SFO,San Francisco,2026-10-06 00:00:00+00:00,2026-10-27 00:00:00+00:00,,,417,USD,1,,2026-10-04 04:13:17.449302+00:00,travelpayouts,round_trip,month-matrix,916
YTO,Toronto,SFO,San Francisco,2026-10-06 00:00:00+00:00,2026-10-28 00:00:00+00:00,,,417,USD,0,,2026-10-04 04:13:17.449302+00:00,travelpayouts,round_trip,month-matrix,0
YTO,Toronto,SFO,San Francisco,2026-10-06 00:00:00+00:00,2026-10-29 00:00:00+00:00,,,417,USD,0,,2026-10-04 04:13:17.449302+00:00,travelpayouts,round_trip,month-matrix,0
YTO,Toronto,SFO,San Francisco,2026-10-06 00:00:00+00:00,2026-10-30 00:00:00+00:00,,,417,USD,1,,2026-10-04 04:13:17.449302+00:00,travelpayouts,round_trip,month-matrix,965
YTO,Toronto,SFO,San Francisco,2026-10-07 00:00:00+00:00,2026-10-27 00:00:00+00:00,,,417,USD,1,,2026-10-04 04:13:17.449302+00:00,travelpayouts,round_trip,month-matrix,934
YTO,Toronto,SFO,San Francisco,2026-10-07 00:00:00+00:00,2026-10-28 00:00:00+00:00,,,417,USD,1,,2026-10-04 04:13:17.449302+00:00,travelpayouts,round_trip,month-matrix,993
YTO,Toronto,SFO,San Francisco,2026-10-07 00:00:00+00:00,2026-10-29 00:00:00+00:00,,,417,USD,1,,2026-10-04 04:13:17.449302+00:00,travelpayouts,round_trip,month-matrix,937
YTO,Toronto,SFO,San Francisco,2026-10-07 00:00:00+00:00,2026-10-22 00:00:00+00:00,,,428,USD,0,,2026-10-04 04:13:17.449302+00:00,travelpayouts,round_trip,month-matrix,0
YTO,Toronto,SFO,San Francisco,2026-10-07 00:00:00+00:00,2026-10-23 00:00:00+00:00,,,428,USD,0,,2026-10-04 04:13:17.449302+00:00,travelpayouts,round_trip,month-matrix,0
YTO,Toronto,SFO,San Francisco,2026-10-07 00:00:00+00:00,2026-10-24 00:00:00+00:00,,,428,USD,0,,2026-10-04 04:13:17.449302+00:00,travelpayouts,round_trip,month-matrix,0
YTO,Toronto,SFO,San Francisco,2026-10-07 00:00:00+00:00,2026-10-25 00:00:00+00:00,,,428,USD,0,,2026-10-04 04:13:17.449302+00:00,travelpayouts,round_trip,month-matrix,0
YTO,Toronto,SFO,San Francisco,2026-10-07 00:00:00+00:00,2026-10-26 00:00:00+00:00,,,428,USD,0,,2026-10-04 04:13:17.449302+00:00,travelpayouts,round_trip,month-matrix,0
YTO,Toronto,SFO,San Francisco,2026-10-07 00:00:00+00:00,2026-10-21 00:00:00+00:00,,,438,USD,1,,2026-10-04 04:13:17.449302+00:00,travelpayouts,round_trip,month-matrix,839
YTO,Toronto,SFO,San Francisco,2026-10-08 15:40:00+00:00,2026-10-29 13:47:00+00:00,AA,6488,389,USD,1,,2026-10-04 04:13:17.978132+00:00,travelpayouts,round_trip,prices_for_dates,919
YTO,Toronto,SFO,San Francisco,2026-10-06 15:40:00+00:00,2026-10-27 06:36:00+00:00,AA,6488,417,USD,1,,2026-10-04 04:13:17.978132+00:00,travelpayouts,round_trip,prices_for_dates,965
YTO,Toronto,SFO,San Francisco,2026-10-06 15:40:00+00:00,2026-10-27 14:10:00+00:00,AA,6488,417,USD,1,,2026-10-04 04:13:17.978132+00:00,travelpayouts,round_trip,prices_for_dates,916
YTO,Toronto,SFO,San Francisco,2026-10-06 15:40:00+00:00,2026-10-31 06:36:00+00:00,AA,6488,417,USD,1,,2026-10-04 04:13:17.978132+00:00,travelpayouts,round_trip,prices_for_dates,965
YTO,Toronto,SFO,San Francisco,2026-10-07 17:15:00+00:00,2026-10-27 14:10:00+00:00,AA,3606,417,USD,1,,2026-10-04 04:13:17.978132+00:00,travelpayouts,round_trip,prices_for_dates,934
YTO,Toronto,SFO,San Francisco,2026-10-07 11:29:00+00:00,2026-10-28 14:10:00+00:00,AA,3524,417,USD,1,,2026-10-04 04:13:17.978132+00:00,travelpayouts,round_trip,prices_for_dates,993
YTO,Toronto,SFO,San Francisco,2026-10-07 17:15:00+00:00,2026-10-29 13:47:00+00:00,AA,3606,417,USD,1,,2026-10-04 04:13:17.978132+00:00,travelpayouts,round_trip,prices_for_dates,937
YTO,Toronto,SFO,San Francisco,2026-10-07 11:29:00+00:00,2026-10-21 20:20:00+00:00,AA,3524,438,USD,1,,2026-10-04 04:13:17.978132+00:00,travelpayouts,round_trip,prices_for_dates,839
YTO,Toronto,SFO,San Francisco,2026-11-06 22:55:00+00:00,,UA,2243,374,USD,1,2026-10-04 05:13:20+00:00,2026-10-04 04:13:20.623973+00:00,travelpayouts,one_way,calendar,
YTO,Toronto,SFO,San Francisco,2026-11-09 11:30:00+00:00,,UA,2603,276,USD,0,2026-10-04 05:13:20+00:00,2026-10-04 04:13:20.623973+00:00,travelpayouts,one_way,calendar,
YTO,Toronto,SFO,San Francisco,2026-11-09 00:00:00+00:00,2026-11-10 00:00:00+00:00,,,276,USD,0,,2026-10-04 04:13:21.111078+00:00,travelpayouts,round_trip,month-matrix,657
YTO,Toronto,SFO,San Francisco,2026-11-06 00:00:00+00:00,2026-11-08 00:00:00+00:00,,,374,USD,1,,2026-10-04 04:13:21.111078+00:00,travelpayouts,round_trip,month-matrix,943
YTO,Toronto,SFO,San Francisco,2026-11-09 11:30:00+00:00,2026-11-10 16:10:00+00:00,UA,2603,276,USD,0,,2026-10-04 04:13:21.635578+00:00,travelpayouts,round_trip,prices_for_dates,657
YTO,Toronto,SFO,San Francisco,2026-11-06 22:55:00+00:00,2026-11-08 14:35:00+00:00,UA,2243,374,USD,1,,2026-10-04 04:13:21.635578+00:00,travelpayouts,round_trip,prices_for_dates,943
YTO,Toronto,HKG,Hong Kong,2026-10-23 00:00:00+00:00,,,,512,USD,2,,2026-10-04 04:14:05.143424+00:00,travelpayouts,one_way,month-matrix,2360
YTO,Toronto,HKG,Hong Kong,2026-10-15 00:00:00+00:00,,,,522,USD,2,,2026-10-04 04:14:05.143424+00:00,travelpayouts,one_way,month-matrix,2065
YTO,Toronto,HKG,Hong Kong,2026-10-22 00:00:00+00:00,,,,579,USD,0,,2026-10-04 04:14:05.143424+00:00,travelpayouts,one_way,month-matrix,0
YTO,Toronto,HKG,Hong Kong,2026-10-16 00:00:00+00:00,,,,584,USD,0,,2026-10-04 04:14:05.143424+00:00,travelpayouts,one_way,month-matrix,0
YTO,Toronto,HKG,Hong Kong,2026-10-17 00:00:00+00:00,,,,584,USD,0,,2026-10-04 04:14:05.143424+00:00,travelpayouts,one_way,month-matrix,0
YTO,Toronto,HKG,Hong Kong,2026-10-18 00:00:00+00:00,,,,584,USD,0,,2026-10-04 04:14:05.143424+00:00,travelpayouts,one_way,month-matrix,0
YTO,Toronto,HKG,Hong Kong,2026-10-19 00:00:00+00:00,,,,584,USD,0,,2026-10-04 04:14:05.143424+00:00,travelpayouts,one_way,month-matrix,0
YTO,Toronto,HKG,Hong Kong,2026-10-20 00:00:00+00:00,,,,584,USD,0,,2026-10-04 04:14:05.143424+00:00,travelpayouts,one_way,month-matrix,0
YTO,Toronto,HKG,Hong Kong,2026-10-21 00:00:00+00:00,,,,647,USD,3,,2026-10-04 04:14:05.143424+00:00,travelpayouts,one_way,month-matrix,2085
YTO,Toronto,HKG,Hong Kong,2026-10-23 22:35:00+00:00,,WS,729,512,USD,2,,2026-10-04 04:14:05.670926+00:00,travelpayouts,one_way,prices_for_dates,2360
YTO,Toronto,HKG,Hong Kong,2026-10-15 22:35:00+00:00,,WS,729,522,USD,2,,2026-10-04 04:14:05.670926+00:00,travelpayouts,one_way,prices_for_dates,2065
YTO,Toronto,HKG,Hong Kong,2026-10-21 21:35:00+00:00,,TP,258,647,USD,3,,2026-10-04 04:14:05.670926+00:00,travelpayouts,one_way,prices_for_dates,2085
YTO,Toronto,HKG,Hong Kong,2026-10-16 00:00:00+00:00,2026-10-23 00:00:00+00:00,,,743,USD,1,,2026-10-04 04:14:06.723074+00:00,travelpayouts,round_trip,month-matrix,2580
YTO,Toronto,HKG,Hong Kong,2026-10-29 00:00:00+00:00,2026-11-01 00:00:00+00:00,,,876,USD,2,,2026-10-04 04:14:06.723074+00:00,travelpayouts,round_trip,month-matrix,4420
YTO,Toronto,HKG,Hong Kong,2026-10-16 22:30:00+00:00,2026-10-23 14:30:00+00:00,UA,8433,743,USD,1,,2026-10-04 04:14:07.266926+00:00,travelpayouts,round_trip,prices_for_dates,2580
YTO,Toronto,HKG,Hong Kong,2026-10-29 20:15:00+00:00,2026-11-01 14:55:00+00:00,WS,729,876,USD,2,,2026-10-04 04:14:07.266926+00:00,travelpayouts,round_trip,prices_for_dates,4420
YTO,Toronto,HKG,Hong Kong,2026-11-02 03:20:00+00:00,,WS,737,1115,USD,1,2026-10-04 05:14:09+00:00,2026-10-04 04:14:09.903594+00:00,travelpayouts,one_way,calendar,
YTO,Toronto,HKG,Hong Kong,2026-11-12 21:15:00+00:00,,PR,3037,824,USD,2,2026-10-04 05:14:09+00:00,2026-10-04 04:14:09.903594+00:00,travelpayouts,one_way,calendar,
YTO,Toronto,HKG,Hong Kong,2026-11-12 00:00:00+00:00,2026-12-13 00:00:00+00:00,,,824,USD,2,,2026-10-04 04:14:10.391287+00:00,travelpayouts,round_trip,month-matrix,3155
YTO,Toronto,HKG,Hong Kong,2026-11-01 00:00:00+00:00,2026-11-30 00:00:00+00:00,,,1115,USD,1,,2026-10-04 04:14:10.391287+00:00,travelpayouts,round_trip,month-matrix,4385
YTO,Toronto,HKG,Hong Kong,2026-11-12 21:15:00+00:00,2026-12-13 05:30:00+00:00,PR,3037,824,USD,2,,2026-10-04 04:14:10.920127+00:00,travelpayouts,round_trip,prices_for_dates,3155
YTO,Toronto,HKG,Hong Kong,2026-11-02 03:20:00+00:00,2026-11-30 15:00:00+00:00,WS,737,1115,USD,1,,2026-10-04 04:14:10.920127+00:00,travelpayouts,round_trip,prices_for_dates,4385
YTO,Toronto,HKG,Hong Kong,2026-12-24 00:00:00+00:00,,,,412,USD,1,,2026-10-04 04:14:11.965960+00:00,travelpayouts,one_way,month-matrix,1700
YTO,Toronto,HKG,Hong Kong,2026-12-25 00:00:00+00:00,,,,509,USD,2,,2026-10-04 04:14:11.965960+00:00,travelpayouts,one_way,month-matrix,1730
YTO,Toronto,HKG,Hong Kong,2026-12-19 00:00:00+00:00,,,,716,USD,3,,2026-10-04 04:14:11.965960+00:00,travelpayouts,one_way,month-matrix,5760
YTO,Toronto,HKG,Hong Kong,2026-12-23 00:00:00+00:00,,,,877,USD,1,,2026-10-04 04:14:11.965960+00:00,travelpayouts,one_way,month-matrix,2115
YTO,Toronto,HKG,Hong Kong,2026-12-22 00:00:00+00:00,,,,966,USD,1,,2026-10-04 04:14:11.965960+00:00,travelpayouts,one_way,month-matrix,2605
YTO,Toronto,HKG,Hong Kong,2026-12-20 00:00:00+00:00,,,,986,USD,1,,2026-10-04 04:14:11.965960+00:00,travelpayouts,one_way,month-matrix,2605
YTO,Toronto,HKG,Hong Kong,2026-12-21 00:00:00+00:00,,,,1026,USD,2,,2026-10-04 04:14:11.965960+00:00,travelpayouts,one_way,month-matrix,2150
YTO,Toronto,HKG,Hong Kong,2026-12-18 00:00:00+00:00,,,,1162,USD,2,,2026-10-04 04:14:11.965960+00:00,travelpayouts,one_way,month-matrix,2440
YTO,Toronto,HKG,Hong Kong,2026-12-24 05:30:00+00:00,,PR,119,412,USD,1,,2026-10-04 04:14:12.519407+00:00,travelpayouts,one_way,prices_for_dates,1700
YTO,Toronto,HKG,Hong Kong,2026-12-25 21:15:00+00:00,,WS,729,509,USD,2,,2026-10-04 04:14:12.519407+00:00,travelpayouts,one_way,prices_for_dates,1730
YTO,Toronto,HKG,Hong Kong,2026-12-20 02:05:00+00:00,,F8,629,716,USD,3,,2026-10-04 04:14:12.519407+00:00,travelpayouts,one_way,prices_for_dates,5760
YTO,Toronto,HKG,Hong Kong,2026-12-24 00:00:00+00:00,,AC,793,877,USD,1,,2026-10-04 04:14:12.519407+00:00,travelpayouts,one_way,prices_for_dates,2115
YTO,Toronto,HKG,Hong Kong,2026-12-23 03:20:00+00:00,,WS,737,966,USD,1,,2026-10-04 04:14:12.519407+00:00,travelpayouts,one_way,prices_for_dates,2605
YTO,Toronto,HKG,Hong Kong,2026-12-21 03:20:00+00:00,,WS,737,986,USD,1,,2026-10-04 04:14:12.519407+00:00,travelpayouts,one_way,prices_for_dates,2605
YTO,Toronto,HKG,Hong Kong,2026-12-22 03:20:00+00:00,,WS,737,1026,USD,2,,2026-10-04 04:14:12.519407+00:00,travelpayouts,one_way,prices_for_dates,2150
YTO,Toronto,HKG,Hong Kong,2026-12-18 12:05:00+00:00,,PD,481,1162,USD,2,,2026-10-04 04:14:12.519407+00:00,travelpayouts,one_way,prices_for_dates,2440
YTO,Toronto,HKG,Hong Kong,2026-12-10 00:00:00+00:00,2027-01-06 00:00:00+00:00,,,813,USD,2,,2026-10-04 04:14:13.573986+00:00,travelpayouts,round_trip,month-matrix,4565
YTO,Toronto,HKG,Hong Kong,2026-12-24 00:00:00+00:00,2027-01-06 00:00:00+00:00,,,887,USD,2,,2026-10-04 04:14:13.573986+00:00,travelpayouts,round_trip,month-matrix,4925
YTO,Toronto,HKG,Hong Kong,2026-12-10 00:00:00+00:00,2027-01-07 00:00:00+00:00,,,1348,USD,1,,2026-10-04 04:14:13.573986+00:00,travelpayouts,round_trip,month-matrix,3900
YTO,Toronto,HKG,Hong Kong,2026-12-23 00:00:00+00:00,2027-01-16 00:00:00+00:00,,,1383,USD,2,,2026-10-04 04:14:13.573986+00:00,travelpayouts,round_trip,month-matrix,4095
YTO,Toronto,HKG,Hong Kong,2026-12-23 00:00:00+00:00,2027-01-17 00:00:00+00:00,,,1445,USD,2,,2026-10-04 04:14:13.573986+00:00,travelpayouts,round_trip,month-matrix,4095
YTO,Toronto,HKG,Hong Kong,2026-12-26 00:00:00+00:00,2027-01-09 00:00:00+00:00,,,1491,USD,1,,2026-10-04 04:14:13.573986+00:00,travelpayouts,round_trip,month-matrix,3857
YTO,Toronto,HKG,Hong Kong,2026-12-28 00:00:00+00:00,2027-01-18 00:00:00+00:00,,,1547,USD,2,,2026-10-04 04:14:13.573986+00:00,travelpayouts,round_trip,month-matrix,4175
YTO,Toronto,HKG,Hong Kong,2026-12-26 00:00:00+00:00,2027-01-05 00:00:00+00:00,,,1660,USD,0,,2026-10-04 04:14:13.573986+00:00,travelpayouts,round_trip,month-matrix,0
YTO,Toronto,HKG,Hong Kong,2026-12-26 00:00:00+00:00,2027-01-06 00:00:00+00:00,,,1660,USD,0,,2026-10-04 04:14:13.573986+00:00,travelpayouts,round_trip,month-matrix,0
YTO,Toronto,HKG,Hong Kong,2026-12-26 00:00:00+00:00,2027-01-07 00:00:00+00:00,,,1660,USD,0,,2026-10-04 04:14:13.573986+00:00,travelpayouts,round_trip,month-matrix,0
YTO,Toronto,HKG,Hong Kong,2026-12-26 00:00:00+00:00,2027-01-08 00:00:00+00:00,,,1660,USD,0,,2026-10-04 04:14:13.573986+00:00,travelpayouts,round_trip,month-matrix,0
YTO,Toronto,HKG,Hong Kong,2026-12-25 00:00:00+00:00,2027-01-08 00:00:00+00:00,,,1685,USD,1,,2026-10-04 04:14:13.573986+00:00,travelpayouts,round_trip,month-matrix,4320
YTO,Toronto,HKG,Hong Kong,2026-12-25 00:00:00+00:00,2027-01-05 00:00:00+00:00,,,1687,USD,0,,2026-10-04 04:14:13.573986+00:00,travelpayouts,round_trip,month-matrix,0
YTO,Toronto,HKG,Hong Kong,2026-12-25 00:00:00+00:00,2027-01-06 00:00:00+00:00,,,1687,USD,0,,2026-10-04 04:14:13.573986+00:00,travelpayouts,round_trip,month-matrix,0
YTO,Toronto,HKG,Hong Kong,2026-12-25 00:00:00+00:00,2027-01-07 00:00:00+00:00,,,1687,USD,0,,2026-10-04 04:14:13.573986+00:00,travelpayouts,round_trip,month-matrix,0
YTO,Toronto,HKG,Hong Kong,2026-12-25 00:00:00+00:00,2027-01-04 00:00:00+00:00,,,1690,USD,3,,2026-10-04 04:14:13.573986+00:00,travelpayouts,round_trip,month-matrix,6834
YTO,Toronto,HKG,Hong Kong,2026-12-22 00:00:00+00:00,2027-01-16 00:00:00+00:00,,,1728,USD,1,,2026-10-04 04:14:13.573986+00:00,travelpayouts,round_trip,month-matrix,3857
YTO,Toronto,HKG,Hong Kong,2026-12-18 00:00:00+00:00,2027-01-18 00:00:00+00:00,,,1812,USD,1,,2026-10-04 04:14:13.573986+00:00,travelpayouts,round_trip,month-matrix,3790
YTO,Toronto,HKG,Hong Kong,2026-12-26 00:00:00+00:00,2027-01-04 00:00:00+00:00,,,1830,USD,1,,2026-10-04 04:14:13.573986+00:00,travelpayouts,round_trip,month-matrix,4385
YTO,Toronto,HKG,Hong Kong,2026-12-19 00:00:00+00:00,2027-01-05 00:00:00+00:00,,,2194,USD,1,,2026-10-04 04:14:13.573986+00:00,travelpayouts,round_trip,month-matrix,3865
YTO,Toronto,HKG,Hong Kong,2026-12-10 05:30:00+00:00,2027-01-06 05:30:00+00:00,PR,119,813,USD,1,,2026-10-04 04:14:14.084746+00:00,travelpayouts,round_trip,prices_for_dates,4565
YTO,Toronto,HKG,Hong Kong,2026-12-24 21:15:00+00:00,2027-01-06 05:30:00+00:00,WS,729,887,USD,2,,2026-10-04 04:14:14.084746+00:00,travelpayouts,round_trip,prices_for_dates,4925
YTO,Toronto,HKG,Hong Kong,2026-12-10 05:30:00+00:00,2027-01-07 15:00:00+00:00,PR,119,1348,USD,1,,2026-10-04 04:14:14.084746+00:00,travelpayouts,round_trip,prices_for_dates,3900
YTO,Toronto,HKG,Hong Kong,2026-12-24 03:20:00+00:00,2027-01-16 05:30:00+00:00,WS,6537,1383,USD,2,,2026-10-04 04:14:14.084746+00:00,travelpayouts,round_trip,prices_for_dates,4095
YTO,Toronto,HKG,Hong Kong,2026-12-24 03:20:00+00:00,2027-01-17 05:30:00+00:00,WS,6537,1445,USD,2,,2026-10-04 04:14:14.084746+00:00,travelpayouts,round_trip,prices_for_dates,4095
YTO,Toronto,HKG,Hong Kong,2026-12-27 03:20:00+00:00,2027-01-09 15:00:00+00:00,WS,6537,1491,USD,1,,2026-10-04 04:14:14.084746+00:00,travelpayouts,round_trip,prices_for_dates,3857
YTO,Toronto,HKG,Hong Kong,2026-12-29 03:20:00+00:00,2027-01-18 04:35:00+00:00,WS,6537,1547,USD,2,,2026-10-04 04:14:14.084746+00:00,travelpayouts,round_trip,prices_for_dates,4175
YTO,Toronto,HKG,Hong Kong,2026-12-26 03:20:00+00:00,2027-01-07 17:10:00+00:00,WS,3039,1685,USD,1,,2026-10-04 04:14:14.084746+00:00,travelpayouts,round_trip,prices_for_dates,4320
YTO,Toronto,HKG,Hong Kong,2026-12-25 18:15:00+00:00,2027-01-04 11:10:00+00:00,PD,311,1690,USD,2,,2026-10-04 04:14:14.084746+00:00,travelpayouts,round_trip,prices_for_dates,6834
YTO,Toronto,HKG,Hong Kong,2026-12-23 03:20:00+00:00,2027-01-16 15:00:00+00:00,WS,737,1728,USD,1,,2026-10-04 04:14:14.084746+00:00,travelpayouts,round_trip,prices_for_dates,3857
YTO,Toronto,HKG,Hong Kong,2026-12-19 03:20:00+00:00,2027-01-18 15:00:00+00:00,WS,737,1812,USD,1,,2026-10-04 04:14:14.084746+00:00,travelpayouts,round_trip,prices_for_dates,3790
YTO,Toronto,HKG,Hong Kong,2026-12-27 03:20:00+00:00,2027-01-04 15:00:00+00:00,WS,737,1830,USD,1,,2026-10-04 04:14:14.084746+00:00,travelpayouts,round_trip,prices_for_dates,4385
YTO,Toronto,HKG,Hong Kong,2026-12-19 05:30:00+00:00,2027-01-05 14:55:00+00:00,PR,119,2194,USD,1,,2026-10-04 04:14:14.084746+00:00,travelpayouts,round_trip,prices_for_dates,3865
YTO,Toronto,HKG,Hong Kong,2027-01-18 00:00:00+00:00,,,,481,USD,2,,2026-10-04 04:14:15.109503+00:00,travelpayouts,one_way,month-matrix,1865
YTO,Toronto,HKG,Hong Kong,2027-01-18 21:15:00+00:00,,WS,713,481,USD,2,,2026-10-04 04:14:15.659622+00:00,travelpayouts,one_way,prices_for_dates,1865
YTO,Toronto,SIN,Singapore,2026-10-12 00:00:00+00:00,,,,372,USD,1,,2026-10-04 04:14:19.820520+00:00,travelpayouts,one_way,month-matrix,1415
YTO,Toronto,SIN,Singapore,2026-10-16 00:00:00+00:00,,,,641,USD,2,,2026-10-04 04:14:19.820520+00:00,travelpayouts,one_way,month-matrix,1865
YTO,Toronto,SIN,Singapore,2026-10-04 00:00:00+00:00,,,,698,USD,1,,2026-10-04 04:14:19.820520+00:00,travelpayouts,one_way,month-matrix,1445
YTO,Toronto,SIN,Singapore,2026-10-12 04:35:00+00:00,,AI,190,372,USD,1,,2026-10-04 04:14:20.355358+00:00,travelpayouts,one_way,prices_for_dates,1415
YTO,Toronto,SIN,Singapore,2026-10-16 23:45:00+00:00,,TS,694,641,USD,2,,2026-10-04 04:14:20.355358+00:00,travelpayouts,one_way,prices_for_dates,1865
YTO,Toronto,SIN,Singapore,2026-10-04 10:30:00+00:00,,UA,565,698,USD,1,,2026-10-04 04:14:20.355358+00:00,travelpayouts,one_way,prices_for_dates,1445
YTO,Toronto,SIN,Singapore,2026-12-13 00:00:00+00:00,,,,744,USD,3,,2026-10-04 04:14:30.360993+00:00,travelpayouts,one_way,month-matrix,2750
YTO,Toronto,SIN,Singapore,2026-12-14 00:00:00+00:00,,,,794,USD,2,,2026-10-04 04:14:30.360993+00:00,travelpayouts,one_way,month-matrix,2615
YTO,Toronto,SIN,Singapore,2026-12-13 22:50:00+00:00,,PD,2477,744,USD,3,,2026-10-04 04:14:30.864860+00:00,travelpayouts,one_way,prices_for_dates,2750
YTO,Toronto,SIN,Singapore,2026-12-14 18:40:00+00:00,,F8,609,794,USD,2,,2026-10-04 04:14:30.864860+00:00,travelpayouts,one_way,prices_for_dates,2615
YTO,Toronto,SIN,Singapore,2026-12-23 00:00:00+00:00,2027-01-09 00:00:00+00:00,,,917,USD,2,,2026-10-04 04:14:31.890946+00:00,travelpayouts,round_trip,month-matrix,3455
YTO,Toronto,SIN,Singapore,2026-12-17 00:00:00+00:00,2027-01-14 00:00:00+00:00,,,1995,USD,3,,2026-10-04 04:14:31.890946+00:00,travelpayouts,round_trip,month-matrix,3962
YTO,Toronto,SIN,Singapore,2026-12-23 21:15:00+00:00,2027-01-09 06:20:00+00:00,WS,9313,917,USD,2,,2026-10-04 04:14:32.419226+00:00,travelpayouts,round_trip,prices_for_dates,3455
YTO,Toronto,SIN,Singapore,2026-12-17 21:50:00+00:00,2027-01-13 16:40:00+00:00,AC,171,1995,USD,3,,2026-10-04 04:14:32.419226+00:00,travelpayouts,round_trip,prices_for_dates,3962
YTO,Toronto,DEL,New Delhi,2026-10-07 00:00:00+00:00,,,,528,USD,2,,2026-10-04 04:14:39.227441+00:00,travelpayouts,one_way,month-matrix,1689
YTO,Toronto,DEL,New Delhi,2026-10-08 00:00:00+00:00,,,,568,USD,0,,2026-10-04 04:14:39.227441+00:00,travelpayouts,one_way,month-matrix,0
YTO,Toronto,DEL,New Delhi,2026-10-09 00:00:00+00:00,,,,568,USD,0,,2026-10-04 04:14:39.227441+00:00,travelpayouts,one_way,month-matrix,0
YTO,Toronto,DEL,New Delhi,2026-10-18 00:00:00+00:00,,,,571,USD,3,,2026-10-04 04:14:39.227441+00:00,travelpayouts,one_way,month-matrix,2405
YTO,Toronto,DEL,New Delhi,2026-10-16 00:00:00+00:00,,,,586,USD,0,,2026-10-04 04:14:39.227441+00:00,travelpayouts,one_way,month-matrix,0
YTO,Toronto,DEL,New Delhi,2026-10-17 00:00:00+00:00,,,,586,USD,0,,2026-10-04 04:14:39.227441+00:00,travelpayouts,one_way,month-matrix,0
YTO,Toronto,DEL,New Delhi,2026-10-15 00:00:00+00:00,,,,602,USD,2,,2026-10-04 04:14:39.227441+00:00,travelpayouts,one_way,month-matrix,2636
YTO,Toronto,DEL,New Delhi,2026-10-11 00:00:00+00:00,,,,605,USD,0,,2026-10-04 04:14:39.227441+00:00,travelpayouts,one_way,month-matrix,0
YTO,Toronto,DEL,New Delhi,2026-10-12 00:00:00+00:00,,,,605,USD,0,,2026-10-04 04:14:39.227441+00:00,travelpayouts,one_way,month-matrix,0
YTO,Toronto,DEL,New Delhi,2026-10-13 00:00:00+00:00,,,,605,USD,0,,2026-10-04 04:14:39.227441+00:00,travelpayouts,one_way,month-matrix,0
YTO,Toronto,DEL,New Delhi,2026-10-14 00:00:00+00:00,,,,605,USD,0,,2026-10-04 04:14:39.227441+00:00,travelpayouts,one_way,month-matrix,0
YTO,Toronto,DEL,New Delhi,2026-10-10 00:00:00+00:00,,,,609,USD,3,,2026-10-04 04:14:39.227441+00:00,travelpayouts,one_way,month-matrix,2875
YTO,Toronto,DEL,New Delhi,2026-10-06 00:00:00+00:00,,,,622,USD,0,,2026-10-04 04:14:39.227441+00:00,travelpayouts,one_way,month-matrix,0
YTO,Toronto,DEL,New Delhi,2026-10-05 00:00:00+00:00,,,,716,USD,3,,2026-10-04 04:14:39.227441+00:00,travelpayouts,one_way,month-matrix,2800
YTO,Toronto,DEL,New Delhi,2026-10-07 11:16:00+00:00,,AA,4542,528,USD,2,,2026-10-04 04:14:39.744053+00:00,travelpayouts,one_way,prices_for_dates,1689
YTO,Toronto,DEL,New Delhi,2026-10-19 03:55:00+00:00,,TS,230,571,USD,3,,2026-10-04 04:14:39.744053+00:00,travelpayouts,one_way,prices_for_dates,2405
YTO,Toronto,DEL,New Delhi,2026-10-15 19:29:00+00:00,,AA,4556,602,USD,2,,2026-10-04 04:14:39.744053+00:00,travelpayouts,one_way,prices_for_dates,2636
YTO,Toronto,DEL,New Delhi,2026-10-11 03:55:00+00:00,,TS,230,609,USD,3,,2026-10-04 04:14:39.744053+00:00,travelpayouts,one_way,prices_for_dates,2875
YTO,Toronto,DEL,New Delhi,2026-10-06 02:45:00+00:00,,TS,122,716,USD,3,,2026-10-04 04:14:39.744053+00:00,travelpayouts,one_way,prices_for_dates,2800
YTO,Toronto,DEL,New Delhi,2026-10-16 00:00:00+00:00,,,,632,USD,0,,2026-10-04 04:14:40.272866+00:00,travelpayouts,one_way,latest,0
YTO,Toronto,DEL,New Delhi,2026-10-17 00:00:00+00:00,,,,632,USD,0,,2026-10-04 04:14:40.272866+00:00,travelpayouts,one_way,latest,0
YTO,Toronto,DEL,New Delhi,2026-10-11 00:00:00+00:00,,,,651,USD,0,,2026-10-04 04:14:40.272866+00:00,travelpayouts,one_way,latest,0
YTO,Toronto,DEL,New Delhi,2026-10-12 00:00:00+00:00,,,,651,USD,0,,2026-10-04 04:14:40.272866+00:00,travelpayouts,one_way,latest,0
YTO,Toronto,DEL,New Delhi,2026-10-13 00:00:00+00:00,,,,651,USD,0,,2026-10-04 04:14:40.272866+00:00,travelpayouts,one_way,latest,0
YTO,Toronto,DEL,New Delhi,2026-10-14 00:00:00+00:00,,,,651,USD,0,,2026-10-04 04:14:40.272866+00:00,travelpayouts,one_way,latest,0
YTO,Toronto,DEL,New Delhi,2026-10-15 00:00:00+00:00,,,,693,USD,2,,2026-10-04 04:14:40.272866+00:00,travelpayouts,one_way,latest,1465
YTO,Toronto,DEL,New Delhi,2026-10-15 00:00:00+00:00,2026-11-30 00:00:00+00:00,,,890,USD,1,,2026-10-04 04:14:40.796239+00:00,travelpayouts,round_trip,month-matrix,2570
YTO,Toronto,DEL,New Delhi,2026-10-07 00:00:00+00:00,2026-11-17 00:00:00+00:00,,,910,USD,2,,2026-10-04 04:14:40.796239+00:00,travelpayouts,round_trip,month-matrix,3413
YTO,Toronto,DEL,New Delhi,2026-10-24 00:00:00+00:00,2026-11-08 00:00:00+00:00,,,1007,USD,2,,2026-10-04 04:14:40.796239+00:00,travelpayouts,round_trip,month-matrix,3575
YTO,Toronto,DEL,New Delhi,2026-10-10 00:00:00+00:00,2026-10-30 00:00:00+00:00,,,1107,USD,2,,2026-10-04 04:14:40.796239+00:00,travelpayouts,round_trip,month-matrix,3684
YTO,Toronto,DEL,New Delhi,2026-10-12 00:00:00+00:00,2026-10-27 00:00:00+00:00,,,1152,USD,2,,2026-10-04 04:14:40.796239+00:00,travelpayouts,round_trip,month-matrix,3367
YTO,Toronto,DEL,New Delhi,2026-10-29 00:00:00+00:00,2026-11-26 00:00:00+00:00,,,1203,USD,3,,2026-10-04 04:14:40.796239+00:00,travelpayouts,round_trip,month-matrix,3875
YTO,Toronto,DEL,New Delhi,2026-10-28 00:00:00+00:00,2026-11-28 00:00:00+00:00,,,1307,USD,2,,2026-10-04 04:14:40.796239+00:00,travelpayouts,round_trip,month-matrix,3785
YTO,Toronto,DEL,New Delhi,2026-10-16 02:20:00+00:00,2026-11-30 01:50:00+00:00,LO,46,890,USD,1,,2026-10-04 04:14:41.323590+00:00,travelpayouts,round_trip,prices_for_dates,2570
YTO,Toronto,DEL,New Delhi,2026-10-07 11:16:00+00:00,2026-11-17 16:05:00+00:00,AA,4542,910,USD,2,,2026-10-04 04:14:41.323590+00:00,travelpayouts,round_trip,prices_for_dates,3413
YTO,Toronto,DEL,New Delhi,2026-10-25 00:55:00+00:00,2026-11-07 22:15:00+00:00,AC,1512,1007,USD,2,,2026-10-04 04:14:41.323590+00:00,travelpayouts,round_trip,prices_for_dates,3575
YTO,Toronto,DEL,New Delhi,2026-10-11 01:40:00+00:00,2026-10-29 23:05:00+00:00,TS,308,1107,USD,2,,2026-10-04 04:14:41.323590+00:00,travelpayouts,round_trip,prices_for_dates,3684
YTO,Toronto,DEL,New Delhi,2026-10-12 21:25:00+00:00,2026-10-26 22:40:00+00:00,AC,1508,1152,USD,2,,2026-10-04 04:14:41.323590+00:00,travelpayouts,round_trip,prices_for_dates,3367
YTO,Toronto,DEL,New Delhi,2026-10-29 13:45:00+00:00,2026-11-26 10:40:00+00:00,AC,7956,1203,USD,3,,2026-10-04 04:14:41.323590+00:00,travelpayouts,round_trip,prices_for_dates,3875
YTO,Toronto,DEL,New Delhi,2026-10-28 13:50:00+00:00,2026-11-28 04:25:00+00:00,PD,2125,1307,USD,2,,2026-10-04 04:14:41.323590+00:00,travelpayouts,round_trip,prices_for_dates,3785
YTO,Toronto,DEL,New Delhi,2026-11-27 00:00:00+00:00,,,,424,USD,2,,2026-10-04 04:14:42.376496+00:00,travelpayouts,one_way,month-matrix,1635
YTO,Toronto,DEL,New Delhi,2026-11-11 00:00:00+00:00,,,,496,USD,0,,2026-10-04 04:14:42.376496+00:00,travelpayouts,one_way,month-matrix,0
YTO,Toronto,DEL,New Delhi,2026-11-12 00:00:00+00:00,,,,496,USD,0,,2026-10-04 04:14:42.376496+00:00,travelpayouts,one_way,month-matrix,0
YTO,Toronto,DEL,New Delhi,2026-11-13 00:00:00+00:00,,,,496,USD,0,,2026-10-04 04:14:42.376496+00:00,travelpayouts,one_way,month-matrix,0
YTO,Toronto,DEL,New Delhi,2026-11-14 00:00:00+00:00,,,,496,USD,0,,2026-10-04 04:14:42.376496+00:00,travelpayouts,one_way,month-matrix,0
YTO,Toronto,DEL,New Delhi,2026-11-15 00:00:00+00:00,,,,496,USD,0,,2026-10-04 04:14:42.376496+00:00,travelpayouts,one_way,month-matrix,0
YTO,Toronto,DEL,New Delhi,2026-11-16 00:00:00+00:00,,,,496,USD,0,,2026-10-04 04:14:42.376496+00:00,travelpayouts,one_way,month-matrix,0
YTO,Toronto,DEL,New Delhi,2026-11-17 00:00:00+00:00,,,,496,USD,0,,2026-10-04 04:14:42.376496+00:00,travelpayouts,one_way,month-matrix,0
YTO,Toronto,DEL,New Delhi,2026-11-18 00:00:00+00:00,,,,496,USD,0,,2026-10-04 04:14:42.376496+00:00,travelpayouts,one_way,month-matrix,0
YTO,Toronto,DEL,New Delhi,2026-11-19 00:00:00+00:00,,,,496,USD,0,,2026-10-04 04:14:42.376496+00:00,travelpayouts,one_way,month-matrix,0
YTO,Toronto,DEL,New Delhi,2026-11-20 00:00:00+00:00,,,,496,USD,0,,2026-10-04 04:14:42.376496+00:00,travelpayouts,one_way,month-matrix,0
YTO,Toronto,DEL,New Delhi,2026-11-21 00:00:00+00:00,,,,496,USD,0,,2026-10-04 04:14:42.376496+00:00,travelpayouts,one_way,month-matrix,0
YTO,Toronto,DEL,New Delhi,2026-11-22 00:00:00+00:00,,,,496,USD,0,,2026-10-04 04:14:42.376496+00:00,travelpayouts,one_way,month-matrix,0
YTO,Toronto,DEL,New Delhi,2026-11-23 00:00:00+00:00,,,,496,USD,0,,2026-10-04 04:14:42.376496+00:00,travelpayouts,one_way,month-matrix,0
YTO,Toronto,DEL,New Delhi,2026-11-24 00:00:00+00:00,,,,496,USD,0,,2026-10-04 04:14:42.376496+00:00,travelpayouts,one_way,month-matrix,0
YTO,Toronto,DEL,New Delhi,2026-11-25 00:00:00+00:00,,,,496,USD,0,,2026-10-04 04:14:42.376496+00:00,travelpayouts,one_way,month-matrix,0
YTO,Toronto,DEL,New Delhi,2026-11-26 00:00:00+00:00,,,,496,USD,0,,2026-10-04 04:14:42.376496+00:00,travelpayouts,one_way,month-matrix,0
YTO,Toronto,DEL,New Delhi,2026-11-10 00:00:00+00:00,,,,568,USD,2,,2026-10-04 04:14:42.376496+00:00,travelpayouts,one_way,month-matrix,2315
YTO,Toronto,DEL,New Delhi,2026-11-09 00:00:00+00:00,,,,642,USD,2,,2026-10-04 04:14:42.376496+00:00,travelpayouts,one_way,month-matrix,1625
YTO,Toronto,DEL,New Delhi,2026-11-04 00:00:00+00:00,,,,686,USD,2,,2026-10-04 04:14:42.376496+00:00,travelpayouts,one_way,month-matrix,1635
YTO,Toronto,DEL,New Delhi,2026-11-07 00:00:00+00:00,,,,702,USD,0,,2026-10-04 04:14:42.376496+00:00,travelpayouts,one_way,month-matrix,0
YTO,Toronto,DEL,New Delhi,2026-11-08 00:00:00+00:00,,,,702,USD,0,,2026-10-04 04:14:42.376496+00:00,travelpayouts,one_way,month-matrix,0
YTO,Toronto,DEL,New Delhi,2026-11-28 00:00:00+00:00,,,,715,USD,3,,2026-10-04 04:14:42.376496+00:00,travelpayouts,one_way,month-matrix,1560
YTO,Toronto,DEL,New Delhi,2026-11-05 00:00:00+00:00,,,,724,USD,0,,2026-10-04 04:14:42.376496+00:00,travelpayouts,one_way,month-matrix,0
YTO,Toronto,DEL,New Delhi,2026-11-06 00:00:00+00:00,,,,762,USD,2,,2026-10-04 04:14:42.376496+00:00,travelpayouts,one_way,month-matrix,2855
YTO,Toronto,DEL,New Delhi,2026-11-27 12:00:00+00:00,,AA,4542,424,USD,2,,2026-10-04 04:14:42.896308+00:00,travelpayouts,one_way,prices_for_dates,1635
YTO,Toronto,DEL,New Delhi,2026-11-11 00:40:00+00:00,,AA,4438,568,USD,2,,2026-10-04 04:14:42.896308+00:00,travelpayouts,one_way,prices_for_dates,2315
YTO,Toronto,DEL,New Delhi,2026-11-09 23:30:00+00:00,,LH,6625,642,USD,2,,2026-10-04 04:14:42.896308+00:00,travelpayouts,one_way,prices_for_dates,1625
YTO,Toronto,DEL,New Delhi,2026-11-04 12:00:00+00:00,,AA,4542,686,USD,2,,2026-10-04 04:14:42.896308+00:00,travelpayouts,one_way,prices_for_dates,1635
YTO,Toronto,DEL,New Delhi,2026-11-28 19:45:00+00:00,,PD,2471,715,USD,3,,2026-10-04 04:14:42.896308+00:00,travelpayouts,one_way,prices_for_dates,1560
YTO,Toronto,DEL,New Delhi,2026-11-06 23:05:00+00:00,,UL,2854,762,USD,2,,2026-10-04 04:14:42.896308+00:00,travelpayouts,one_way,prices_for_dates,2855
YTO,Toronto,DEL,New Delhi,2026-11-12 00:00:00+00:00,2026-11-28 00:00:00+00:00,,,981,USD,1,,2026-10-04 04:14:43.946118+00:00,travelpayouts,round_trip,month-matrix,4550
YTO,Toronto,DEL,New Delhi,2026-11-20 00:00:00+00:00,2026-12-21 00:00:00+00:00,,,1065,USD,3,,2026-10-04 04:14:43.946118+00:00,travelpayouts,round_trip,month-matrix,4385
YTO,Toronto,DEL,New Delhi,2026-11-06 00:00:00+00:00,2026-12-07 00:00:00+00:00,,,1161,USD,2,,2026-10-04 04:14:43.946118+00:00,travelpayouts,round_trip,month-matrix,4895
YTO,Toronto,DEL,New Delhi,2026-11-06 00:00:00+00:00,2026-11-23 00:00:00+00:00,,,1217,USD,0,,2026-10-04 04:14:43.946118+00:00,travelpayouts,round_trip,month-matrix,0
YTO,Toronto,DEL,New Delhi,2026-11-06 00:00:00+00:00,2026-11-24 00:00:00+00:00,,,1217,USD,0,,2026-10-04 04:14:43.946118+00:00,travelpayouts,round_trip,month-matrix,0
YTO,Toronto,DEL,New Delhi,2026-11-06 00:00:00+00:00,2026-11-25 00:00:00+00:00,,,1217,USD,0,,2026-10-04 04:14:43.946118+00:00,travelpayouts,round_trip,month-matrix,0
YTO,Toronto,DEL,New Delhi,2026-11-06 00:00:00+00:00,2026-11-26 00:00:00+00:00,,,1217,USD,0,,2026-10-04 04:14:43.946118+00:00,travelpayouts,round_trip,month-matrix,0
YTO,Toronto,DEL,New Delhi,2026-11-06 00:00:00+00:00,2026-11-27 00:00:00+00:00,,,1217,USD,0,,2026-10-04 04:14:43.946118+00:00,travelpayouts,round_trip,month-matrix,0
YTO,Toronto,DEL,New Delhi,2026-11-06 00:00:00+00:00,2026-11-28 00:00:00+00:00,,,1217,USD,0,,2026-10-04 04:14:43.946118+00:00,travelpayouts,round_trip,month-matrix,0
YTO,Toronto,DEL,New Delhi,2026-11-06 00:00:00+00:00,2026-11-29 00:00:00+00:00,,,1217,USD,0,,2026-10-04 04:14:43.946118+00:00,travelpayouts,round_trip,month-matrix,0
YTO,Toronto,DEL,New Delhi,2026-11-06 00:00:00+00:00,2026-11-30 00:00:00+00:00,,,1217,USD,0,,2026-10-04 04:14:43.946118+00:00,travelpayouts,round_trip,month-matrix,0
YTO,Toronto,DEL,New Delhi,2026-11-06 00:00:00+00:00,2026-12-01 00:00:00+00:00,,,1217,USD,0,,2026-10-04 04:14:43.946118+00:00,travelpayouts,round_trip,month-matrix,0
YTO,Toronto,DEL,New Delhi,2026-11-06 00:00:00+00:00,2026-12-02 00:00:00+00:00,,,1217,USD,0,,2026-10-04 04:14:43.946118+00:00,travelpayouts,round_trip,month-matrix,0
YTO,Toronto,DEL,New Delhi,2026-11-06 00:00:00+00:00,2026-12-03 00:00:00+00:00,,,1217,USD,0,,2026-10-04 04:14:43.946118+00:00,travelpayouts,round_trip,month-matrix,0
YTO,Toronto,DEL,New Delhi,2026-11-06 00:00:00+00:00,2026-12-04 00:00:00+00:00,,,1217,USD,0,,2026-10-04 04:14:43.946118+00:00,travelpayouts,round_trip,month-matrix,0
YTO,Toronto,DEL,New Delhi,2026-11-06 00:00:00+00:00,2026-12-05 00:00:00+00:00,,,1217,USD,0,,2026-10-04 04:14:43.946118+00:00,travelpayouts,round_trip,month-matrix,0
YTO,Toronto,DEL,New Delhi,2026-11-06 00:00:00+00:00,2026-12-06 00:00:00+00:00,,,1217,USD,0,,2026-10-04 04:14:43.946118+00:00,travelpayouts,round_trip,month-matrix,0
YTO,Toronto,DEL,New Delhi,2026-11-06 00:00:00+00:00,2026-11-22 00:00:00+00:00,,,1272,USD,3,,2026-10-04 04:14:43.946118+00:00,travelpayouts,round_trip,month-matrix,4175
YTO,Toronto,DEL,New Delhi,2026-11-06 00:00:00+00:00,2026-11-16 00:00:00+00:00,,,1328,USD,0,,2026-10-04 04:14:43.946118+00:00,travelpayouts,round_trip,month-matrix,0
YTO,Toronto,DEL,New Delhi,2026-11-06 00:00:00+00:00,2026-11-17 00:00:00+00:00,,,1328,USD,0,,2026-10-04 04:14:43.946118+00:00,travelpayouts,round_trip,month-matrix,0
YTO,Toronto,DEL,New Delhi,2026-11-06 00:00:00+00:00,2026-11-18 00:00:00+00:00,,,1328,USD,0,,2026-10-04 04:14:43.946118+00:00,travelpayouts,round_trip,month-matrix,0
YTO,Toronto,DEL,New Delhi,2026-11-06 00:00:00+00:00,2026-11-19 00:00:00+00:00,,,1328,USD,0,,2026-10-04 04:14:43.946118+00:00,travelpayouts,round_trip,month-matrix,0
YTO,Toronto,DEL,New Delhi,2026-11-06 00:00:00+00:00,2026-11-20 00:00:00+00:00,,,1328,USD,0,,2026-10-04 04:14:43.946118+00:00,travelpayouts,round_trip,month-matrix,0
YTO,Toronto,DEL,New Delhi,2026-11-06 00:00:00+00:00,2026-11-21 00:00:00+00:00,,,1328,USD,0,,2026-10-04 04:14:43.946118+00:00,travelpayouts,round_trip,month-matrix,0
YTO,Toronto,DEL,New Delhi,2026-11-06 00:00:00+00:00,2026-11-15 00:00:00+00:00,,,1384,USD,1,,2026-10-04 04:14:43.946118+00:00,travelpayouts,round_trip,month-matrix,4420
YTO,Toronto,DEL,New Delhi,2026-11-12 15:20:00+00:00,2026-11-27 20:40:00+00:00,ET,553,981,USD,1,,2026-10-04 04:14:44.475671+00:00,travelpayouts,round_trip,prices_for_dates,4550
YTO,Toronto,DEL,New Delhi,2026-11-20 17:30:00+00:00,2026-12-21 04:25:00+00:00,AI,192,1065,USD,3,,2026-10-04 04:14:44.475671+00:00,travelpayouts,round_trip,prices_for_dates,4385
YTO,Toronto,DEL,New Delhi,2026-11-06 14:10:00+00:00,2026-12-07 04:25:00+00:00,PD,2721,1161,USD,2,,2026-10-04 04:14:44.475671+00:00,travelpayouts,round_trip,prices_for_dates,4895
YTO,Toronto,DEL,New Delhi,2026-11-07 02:35:00+00:00,2026-11-22 10:50:00+00:00,TS,122,1272,USD,3,,2026-10-04 04:14:44.475671+00:00,travelpayouts,round_trip,prices_for_dates,4175
YTO,Toronto,DEL,New Delhi,2026-11-06 17:00:00+00:00,2026-11-15 04:25:00+00:00,MS,996,1384,USD,1,,2026-10-04 04:14:44.475671+00:00,travelpayouts,round_trip,prices_for_dates,4420
YTO,Toronto,DEL,New Delhi,2026-12-31 00:00:00+00:00,,,,525,USD,2,,2026-10-04 04:14:45.521481+00:00,travelpayouts,one_way,month-matrix,2668
YTO,Toronto,DEL,New Delhi,2026-12-21 00:00:00+00:00,,,,830,USD,0,,2026-10-04 04:14:45.521481+00:00,travelpayouts,one_way,month-matrix,0
YTO,Toronto,DEL,New Delhi,2026-12-22 00:00:00+00:00,,,,830,USD,0,,2026-10-04 04:14:45.521481+00:00,travelpayouts,one_way,month-matrix,0
YTO,Toronto,DEL,New Delhi,2026-12-23 00:00:00+00:00,,,,830,USD,0,,2026-10-04 04:14:45.521481+00:00,travelpayouts,one_way,month-matrix,0
YTO,Toronto,DEL,New Delhi,2026-12-24 00:00:00+00:00,,,,830,USD,0,,2026-10-04 04:14:45.521481+00:00,travelpayouts,one_way,month-matrix,0
YTO,Toronto,DEL,New Delhi,2026-12-25 00:00:00+00:00,,,,830,USD,0,,2026-10-04 04:14:45.521481+00:00,travelpayouts,one_way,month-matrix,0
YTO,Toronto,DEL,New Delhi,2026-12-26 00:00:00+00:00,,,,830,USD,0,,2026-10-04 04:14:45.521481+00:00,travelpayouts,one_way,month-matrix,0
YTO,Toronto,DEL,New Delhi,2026-12-27 00:00:00+00:00,,,,830,USD,0,,2026-10-04 04:14:45.521481+00:00,travelpayouts,one_way,month-matrix,0
YTO,Toronto,DEL,New Delhi,2026-12-28 00:00:00+00:00,,,,830,USD,0,,2026-10-04 04:14:45.521481+00:00,travelpayouts,one_way,month-matrix,0
YTO,Toronto,DEL,New Delhi,2026-12-29 00:00:00+00:00,,,,830,USD,0,,2026-10-04 04:14:45.521481+00:00,travelpayouts,one_way,month-matrix,0
YTO,Toronto,DEL,New Delhi,2026-12-30 00:00:00+00:00,,,,830,USD,0,,2026-10-04 04:14:45.521481+00:00,travelpayouts,one_way,month-matrix,0
YTO,Toronto,DEL,New Delhi,2026-12-15 00:00:00+00:00,,,,838,USD,3,,2026-10-04 04:14:45.521481+00:00,travelpayouts,one_way,month-matrix,1825
YTO,Toronto,DEL,New Delhi,2026-12-14 00:00:00+00:00,,,,870,USD,0,,2026-10-04 04:14:45.521481+00:00,travelpayouts,one_way,month-matrix,0
YTO,Toronto,DEL,New Delhi,2026-12-13 00:00:00+00:00,,,,901,USD,3,,2026-10-04 04:14:45.521481+00:00,travelpayouts,one_way,month-matrix,1715
YTO,Toronto,DEL,New Delhi,2026-12-16 00:00:00+00:00,,,,987,USD,0,,2026-10-04 04:14:45.521481+00:00,travelpayouts,one_way,month-matrix,0
YTO,Toronto,DEL,New Delhi,2026-12-17 00:00:00+00:00,,,,987,USD,0,,2026-10-04 04:14:45.521481+00:00,travelpayouts,one_way,month-matrix,0
YTO,Toronto,DEL,New Delhi,2026-12-18 00:00:00+00:00,,,,987,USD,0,,2026-10-04 04:14:45.521481+00:00,travelpayouts,one_way,month-matrix,0
YTO,Toronto,DEL,New Delhi,2026-12-19 00:00:00+00:00,,,,987,USD,0,,2026-10-04 04:14:45.521481+00:00,travelpayouts,one_way,month-matrix,0
YTO,Toronto,DEL,New Delhi,2026-12-20 00:00:00+00:00,,,,1135,USD,4,,2026-10-04 04:14:45.521481+00:00,travelpayouts,one_way,month-matrix,2855
YTO,Toronto,DEL,New Delhi,2026-12-31 18:47:00+00:00,,AA,4623,525,USD,2,,2026-10-04 04:14:46.041021+00:00,travelpayouts,one_way,prices_for_dates,2668
YTO,Toronto,DEL,New Delhi,2026-12-15 17:20:00+00:00,,PD,525,838,USD,3,,2026-10-04 04:14:46.041021+00:00,travelpayouts,one_way,prices_for_dates,1825
YTO,Toronto,DEL,New Delhi,2026-12-13 22:50:00+00:00,,P3,2477,901,USD,3,,2026-10-04 04:14:46.041021+00:00,travelpayouts,one_way,prices_for_dates,1715
YTO,Toronto,DEL,New Delhi,2026-12-20 20:25:00+00:00,,AA,6211,1135,USD,4,,2026-10-04 04:14:46.041021+00:00,travelpayouts,one_way,prices_for_dates,2855
YTO,Toronto,DEL,New Delhi,2026-12-29 00:00:00+00:00,2027-02-27 00:00:00+00:00,,,1177,USD,2,,2026-10-04 04:14:47.090855+00:00,travelpayouts,round_trip,month-matrix,3986
YTO,Toronto,DEL,New Delhi,2026-12-01 00:00:00+00:00,2026-12-04 00:00:00+00:00,,,1248,USD,2,,2026-10-04 04:14:47.090855+00:00,travelpayouts,round_trip,month-matrix,3452
YTO,Toronto,DEL,New Delhi,2026-12-27 00:00:00+00:00,2027-02-11 00:00:00+00:00,,,1260,USD,2,,2026-10-04 04:14:47.090855+00:00,travelpayouts,round_trip,month-matrix,3922
YTO,Toronto,DEL,New Delhi,2026-12-05 00:00:00+00:00,2026-12-16 00:00:00+00:00,,,1337,USD,2,,2026-10-04 04:14:47.090855+00:00,travelpayouts,round_trip,month-matrix,3417
YTO,Toronto,DEL,New Delhi,2026-12-18 00:00:00+00:00,2027-01-10 00:00:00+00:00,,,1972,USD,3,,2026-10-04 04:14:47.090855+00:00,travelpayouts,round_trip,month-matrix,5995
YTO,Toronto,DEL,New Delhi,2026-12-30 00:44:00+00:00,2027-02-27 16:05:00+00:00,AA,4438,1177,USD,2,,2026-10-04 04:14:47.619429+00:00,travelpayouts,round_trip,prices_for_dates,3986
YTO,Toronto,DEL,New Delhi,2026-12-01 22:25:00+00:00,2026-12-04 05:05:00+00:00,AC,8546,1248,USD,2,,2026-10-04 04:14:47.619429+00:00,travelpayouts,round_trip,prices_for_dates,3452
YTO,Toronto,DEL,New Delhi,2026-12-27 21:20:00+00:00,2027-02-11 05:05:00+00:00,AC,1508,1260,USD,2,,2026-10-04 04:14:47.619429+00:00,travelpayouts,round_trip,prices_for_dates,3922
YTO,Toronto,DEL,New Delhi,2026-12-05 21:20:00+00:00,2026-12-15 22:40:00+00:00,AC,3569,1337,USD,2,,2026-10-04 04:14:47.619429+00:00,travelpayouts,round_trip,prices_for_dates,3417
YTO,Toronto,DEL,New Delhi,2026-12-18 17:00:00+00:00,2027-01-10 05:55:00+00:00,MS,996,1972,USD,1,,2026-10-04 04:14:47.619429+00:00,travelpayouts,round_trip,prices_for_dates,5995
YTO,Toronto,DEL,New Delhi,2027-01-10 00:00:00+00:00,,,,518,USD,2,,2026-10-04 04:14:48.664127+00:00,travelpayouts,one_way,month-matrix,1635
YTO,Toronto,DEL,New Delhi,2027-01-12 00:00:00+00:00,,,,528,USD,2,,2026-10-04 04:14:48.664127+00:00,travelpayouts,one_way,month-matrix,2670
YTO,Toronto,DEL,New Delhi,2027-01-11 00:00:00+00:00,,,,675,USD,3,,2026-10-04 04:14:48.664127+00:00,travelpayouts,one_way,month-matrix,3085
YTO,Toronto,DEL,New Delhi,2027-01-10 12:00:00+00:00,,AA,4542,518,USD,2,,2026-10-04 04:14:49.198749+00:00,travelpayouts,one_way,prices_for_dates,1635
YTO,Toronto,DEL,New Delhi,2027-01-12 18:45:00+00:00,,AA,4623,528,USD,2,,2026-10-04 04:14:49.198749+00:00,travelpayouts,one_way,prices_for_dates,2670
YTO,Toronto,DEL,New Delhi,2027-01-11 23:20:00+00:00,,PD,607,675,USD,3,,2026-10-04 04:14:49.198749+00:00,travelpayouts,one_way,prices_for_dates,3085
YTO,Toronto,DEL,New Delhi,2027-01-07 00:00:00+00:00,2027-02-25 00:00:00+00:00,,,730,USD,2,,2026-10-04 04:14:50.233078+00:00,travelpayouts,round_trip,month-matrix,3412
YTO,Toronto,DEL,New Delhi,2027-01-21 00:00:00+00:00,2027-03-18 00:00:00+00:00,,,787,USD,1,,2026-10-04 04:14:50.233078+00:00,travelpayouts,round_trip,month-matrix,2660
YTO,Toronto,DEL,New Delhi,2027-01-27 00:00:00+00:00,2027-03-02 00:00:00+00:00,,,881,USD,2,,2026-10-04 04:14:50.233078+00:00,travelpayouts,round_trip,month-matrix,4506
YTO,Toronto,DEL,New Delhi,2027-01-21 00:00:00+00:00,2027-03-16 00:00:00+00:00,,,882,USD,2,,2026-10-04 04:14:50.233078+00:00,travelpayouts,round_trip,month-matrix,4170
YTO,Toronto,DEL,New Delhi,2027-01-20 00:00:00+00:00,2027-02-25 00:00:00+00:00,,,887,USD,2,,2026-10-04 04:14:50.233078+00:00,travelpayouts,round_trip,month-matrix,3551
YTO,Toronto,DEL,New Delhi,2027-01-21 00:00:00+00:00,2027-03-07 00:00:00+00:00,,,906,USD,0,,2026-10-04 04:14:50.233078+00:00,travelpayouts,round_trip,month-matrix,0
YTO,Toronto,DEL,New Delhi,2027-01-21 00:00:00+00:00,2027-03-08 00:00:00+00:00,,,906,USD,0,,2026-10-04 04:14:50.233078+00:00,travelpayouts,round_trip,month-matrix,0
YTO,Toronto,DEL,New Delhi,2027-01-21 00:00:00+00:00,2027-03-06 00:00:00+00:00,,,931,USD,2,,2026-10-04 04:14:50.233078+00:00,travelpayouts,round_trip,month-matrix,4230
YTO,Toronto,DEL,New Delhi,2027-01-12 00:00:00+00:00,2027-02-13 00:00:00+00:00,,,934,USD,2,,2026-10-04 04:14:50.233078+00:00,travelpayouts,round_trip,month-matrix,4516
YTO,Toronto,DEL,New Delhi,2027-01-04 00:00:00+00:00,2027-02-04 00:00:00+00:00,,,937,USD,1,,2026-10-04 04:14:50.233078+00:00,travelpayouts,round_trip,month-matrix,3965
YTO,Toronto,DEL,New Delhi,2027-01-20 00:00:00+00:00,2027-02-26 00:00:00+00:00,,,977,USD,0,,2026-10-04 04:14:50.233078+00:00,travelpayouts,round_trip,month-matrix,0
YTO,Toronto,DEL,New Delhi,2027-01-20 00:00:00+00:00,2027-02-27 00:00:00+00:00,,,977,USD,0,,2026-10-04 04:14:50.233078+00:00,travelpayouts,round_trip,month-matrix,0
YTO,Toronto,DEL,New Delhi,2027-01-20 00:00:00+00:00,2027-02-28 00:00:00+00:00,,,977,USD,0,,2026-10-04 04:14:50.233078+00:00,travelpayouts,round_trip,month-matrix,0
YTO,Toronto,DEL,New Delhi,2027-01-20 00:00:00+00:00,2027-03-01 00:00:00+00:00,,,977,USD,0,,2026-10-04 04:14:50.233078+00:00,travelpayouts,round_trip,month-matrix,0
YTO,Toronto,DEL,New Delhi,2027-01-20 00:00:00+00:00,2027-03-02 00:00:00+00:00,,,977,USD,0,,2026-10-04 04:14:50.233078+00:00,travelpayouts,round_trip,month-matrix,0
YTO,Toronto,DEL,New Delhi,2027-01-20 00:00:00+00:00,2027-03-03 00:00:00+00:00,,,977,USD,0,,2026-10-04 04:14:50.233078+00:00,travelpayouts,round_trip,month-matrix,0
YTO,Toronto,DEL,New Delhi,2027-01-20 00:00:00+00:00,2027-03-04 00:00:00+00:00,,,977,USD,0,,2026-10-04 04:14:50.233078+00:00,travelpayouts,round_trip,month-matrix,0
YTO,Toronto,DEL,New Delhi,2027-01-20 00:00:00+00:00,2027-03-05 00:00:00+00:00,,,1067,USD,2,,2026-10-04 04:14:50.233078+00:00,travelpayouts,round_trip,month-matrix,3095
YTO,Toronto,DEL,New Delhi,2027-01-07 00:00:00+00:00,2027-02-24 00:00:00+00:00,,,1158,USD,2,,2026-10-04 04:14:50.233078+00:00,travelpayouts,round_trip,month-matrix,4030
YTO,Toronto,DEL,New Delhi,2027-01-01 00:00:00+00:00,2027-01-21 00:00:00+00:00,,,1200,USD,2,,2026-10-04 04:14:50.233078+00:00,travelpayouts,round_trip,month-matrix,3550
YTO,Toronto,DEL,New Delhi,2027-01-07 21:20:00+00:00,2027-02-24 22:40:00+00:00,AC,1508,730,USD,2,,2026-10-04 04:14:50.771330+00:00,travelpayouts,round_trip,prices_for_dates,3412
YTO,Toronto,DEL,New Delhi,2027-01-21 22:40:00+00:00,2027-03-18 02:00:00+00:00,AA,6917,787,USD,1,,2026-10-04 04:14:50.771330+00:00,travelpayouts,round_trip,prices_for_dates,2660
YTO,Toronto,DEL,New Delhi,2027-01-27 12:00:00+00:00,2027-03-02 00:10:00+00:00,AA,4542,881,USD,2,,2026-10-04 04:14:50.771330+00:00,travelpayouts,round_trip,prices_for_dates,4506
YTO,Toronto,DEL,New Delhi,2027-01-22 00:40:00+00:00,2027-03-16 16:05:00+00:00,AA,4438,882,USD,2,,2026-10-04 04:14:50.771330+00:00,travelpayouts,round_trip,prices_for_dates,4170
YTO,Toronto,DEL,New Delhi,2027-01-20 12:00:00+00:00,2027-02-25 16:05:00+00:00,AA,4542,887,USD,2,,2026-10-04 04:14:50.771330+00:00,travelpayouts,round_trip,prices_for_dates,3551
YTO,Toronto,DEL,New Delhi,2027-01-22 00:40:00+00:00,2027-03-06 16:05:00+00:00,AA,4438,931,USD,2,,2026-10-04 04:14:50.771330+00:00,travelpayouts,round_trip,prices_for_dates,4230
YTO,Toronto,DEL,New Delhi,2027-01-12 15:54:00+00:00,2027-02-13 16:05:00+00:00,AA,4347,934,USD,2,,2026-10-04 04:14:50.771330+00:00,travelpayouts,round_trip,prices_for_dates,4516
YTO,Toronto,DEL,New Delhi,2027-01-04 19:20:00+00:00,2027-02-03 20:10:00+00:00,CX,805,937,USD,1,,2026-10-04 04:14:50.771330+00:00,travelpayouts,round_trip,prices_for_dates,3965
YTO,Toronto,DEL,New Delhi,2027-01-20 12:00:00+00:00,2027-03-05 17:15:00+00:00,AA,4542,1067,USD,2,,2026-10-04 04:14:50.771330+00:00,travelpayouts,round_trip,prices_for_dates,3095
YTO,Toronto,DEL,New Delhi,2027-01-07 18:45:00+00:00,2027-02-24 00:20:00+00:00,AA,4623,1158,USD,2,,2026-10-04 04:14:50.771330+00:00,travelpayouts,round_trip,prices_for_dates,4030
YTO,Toronto,DEL,New Delhi,2027-01-01 12:00:00+00:00,2027-01-21 16:05:00+00:00,AA,4542,1200,USD,2,,2026-10-04 04:14:50.771330+00:00,travelpayouts,round_trip,prices_for_dates,3550
YTO,Toronto,DEL,New Delhi,2027-01-21 00:00:00+00:00,2027-03-16 00:00:00+00:00,,,903,USD,2,,2026-10-04 04:14:51.297641+00:00,travelpayouts,round_trip,latest,5125
YTO,Toronto,DEL,New Delhi,2027-01-21 00:00:00+00:00,2027-03-07 00:00:00+00:00,,,920,USD,0,,2026-10-04 04:14:51.297641+00:00,travelpayouts,round_trip,latest,0
YTO,Toronto,DEL,New Delhi,2027-01-21 00:00:00+00:00,2027-03-08 00:00:00+00:00,,,920,USD,0,,2026-10-04 04:14:51.297641+00:00,travelpayouts,round_trip,latest,0
YTO,Toronto,DEL,New Delhi,2027-01-21 00:00:00+00:00,2027-03-06 00:00:00+00:00,,,937,USD,2,,2026-10-04 04:14:51.297641+00:00,travelpayouts,round_trip,latest,3990
YTO,Toronto,CUN,Cancun,2026-10-25 00:00:00+00:00,,,,171,USD,1,,2026-10-04 04:25:45.146775+00:00,travelpayouts,one_way,month-matrix,1335
YTO,Toronto,CUN,Cancun,2026-10-24 00:00:00+00:00,,,,214,USD,1,,2026-10-04 04:25:45.146775+00:00,travelpayouts,one_way,month-matrix,1163
YTO,Toronto,CUN,Cancun,2026-10-12 00:00:00+00:00,,,,258,USD,1,,2026-10-04 04:25:45.146775+00:00,travelpayouts,one_way,month-matrix,855
YTO,Toronto,CUN,Cancun,2026-10-16 00:00:00+00:00,,,,271,USD,0,,2026-10-04 04:25:45.146775+00:00,travelpayouts,one_way,month-matrix,0
YTO,Toronto,CUN,Cancun,2026-10-17 00:00:00+00:00,,,,271,USD,0,,2026-10-04 04:25:45.146775+00:00,travelpayouts,one_way,month-matrix,0
YTO,Toronto,CUN,Cancun,2026-10-18 00:00:00+00:00,,,,271,USD,0,,2026-10-04 04:25:45.146775+00:00,travelpayouts,one_way,month-matrix,0
YTO,Toronto,CUN,Cancun,2026-10-19 00:00:00+00:00,,,,271,USD,0,,2026-10-04 04:25:45.146775+00:00,travelpayouts,one_way,month-matrix,0
YTO,Toronto,CUN,Cancun,2026-10-20 00:00:00+00:00,,,,271,USD,0,,2026-10-04 04:25:45.146775+00:00,travelpayouts,one_way,month-matrix,0
YTO,Toronto,CUN,Cancun,2026-10-21 00:00:00+00:00,,,,271,USD,0,,2026-10-04 04:25:45.146775+00:00,travelpayouts,one_way,month-matrix,0
YTO,Toronto,CUN,Cancun,2026-10-22 00:00:00+00:00,,,,271,USD,0,,2026-10-04 04:25:45.146775+00:00,travelpayouts,one_way,month-matrix,0
YTO,Toronto,CUN,Cancun,2026-10-23 00:00:00+00:00,,,,271,USD,0,,2026-10-04 04:25:45.146775+00:00,travelpayouts,one_way,month-matrix,0
YTO,Toronto,CUN,Cancun,2026-10-06 00:00:00+00:00,,,,301,USD,1,,2026-10-04 04:25:45.146775+00:00,travelpayouts,one_way,month-matrix,515
YTO,Toronto,CUN,Cancun,2026-10-15 00:00:00+00:00,,,,327,USD,1,,2026-10-04 04:25:45.146775+00:00,travelpayouts,one_way,month-matrix,871
YTO,Toronto,CUN,Cancun,2026-10-11 00:00:00+00:00,,,,335,USD,0,,2026-10-04 04:25:45.146775+00:00,travelpayouts,one_way,month-matrix,0
YTO,Toronto,CUN,Cancun,2026-10-13 00:00:00+00:00,,,,343,USD,1,,2026-10-04 04:25:45.146775+00:00,travelpayouts,one_way,month-matrix,1590
YTO,Toronto,CUN,Cancun,2026-10-07 00:00:00+00:00,,,,356,USD,0,,2026-10-04 04:25:45.146775+00:00,travelpayouts,one_way,month-matrix,0
YTO,Toronto,CUN,Cancun,2026-10-08 00:00:00+00:00,,,,356,USD,0,,2026-10-04 04:25:45.146775+00:00,travelpayouts,one_way,month-matrix,0
YTO,Toronto,CUN,Cancun,2026-10-05 00:00:00+00:00,,,,374,USD,0,,2026-10-04 04:25:45.146775+00:00,travelpayouts,one_way,month-matrix,0
YTO,Toronto,CUN,Cancun,2026-10-14 00:00:00+00:00,,,,385,USD,1,,2026-10-04 04:25:45.146775+00:00,travelpayouts,one_way,month-matrix,849
YTO,Toronto,CUN,Cancun,2026-10-09 00:00:00+00:00,,,,411,USD,1,,2026-10-04 04:25:45.146775+00:00,travelpayouts,one_way,month-matrix,1590
YTO,Toronto,CUN,Cancun,2026-10-10 00:00:00+00:00,,,,412,USD,2,,2026-10-04 04:25:45.146775+00:00,travelpayouts,one_way,month-matrix,1265
YTO,Toronto,CUN,Cancun,2026-10-04 00:00:00+00:00,,,,447,USD,2,,2026-10-04 04:25:45.146775+00:00,travelpayouts,one_way,month-matrix,522
YTO,Toronto,CUN,Cancun,2026-10-25 16:15:00+00:00,,PD,2259,171,USD,1,,2026-10-04 04:25:45.615805+00:00,travelpayouts,one_way,prices_for_dates,1335
YTO,Toronto,CUN,Cancun,2026-10-24 22:40:00+00:00,,AC,1041,214,USD,1,,2026-10-04 04:25:45.615805+00:00,travelpayouts,one_way,prices_for_dates,1163
YTO,Toronto,CUN,Cancun,2026-10-12 10:46:00+00:00,,AA,1169,258,USD,1,,2026-10-04 04:25:45.615805+00:00,travelpayouts,one_way,prices_for_dates,855
YTO,Toronto,CUN,Cancun,2026-10-06 10:00:00+00:00,,AA,1746,301,USD,1,,2026-10-04 04:25:45.615805+00:00,travelpayouts,one_way,prices_for_dates,515
YTO,Toronto,CUN,Cancun,2026-10-15 12:30:00+00:00,,CM,471,327,USD,1,,2026-10-04 04:25:45.615805+00:00,travelpayouts,one_way,prices_for_dates,871
YTO,Toronto,CUN,Cancun,2026-10-13 12:30:00+00:00,,CM,471,343,USD,1,,2026-10-04 04:25:45.615805+00:00,travelpayouts,one_way,prices_for_dates,1590
YTO,Toronto,CUN,Cancun,2026-10-14 10:10:00+00:00,,UA,1345,385,USD,1,,2026-10-04 04:25:45.615805+00:00,travelpayouts,one_way,prices_for_dates,849
YTO,Toronto,CUN,Cancun,2026-10-09 12:30:00+00:00,,CM,471,411,USD,1,,2026-10-04 04:25:45.615805+00:00,travelpayouts,one_way,prices_for_dates,1590
YTO,Toronto,CUN,Cancun,2026-10-10 19:00:00+00:00,,UA,3705,412,USD,2,,2026-10-04 04:25:45.615805+00:00,travelpayouts,one_way,prices_for_dates,1265
YTO,Toronto,CUN,Cancun,2026-10-04 11:30:00+00:00,,UA,3435,447,USD,2,,2026-10-04 04:25:45.615805+00:00,travelpayouts,one_way,prices_for_dates,522
YTO,Toronto,CUN,Cancun,2026-10-11 00:00:00+00:00,,,,345,USD,0,,2026-10-04 04:25:46.135764+00:00,travelpayouts,one_way,latest,0
YTO,Toronto,CUN,Cancun,2026-10-10 00:00:00+00:00,,,,433,USD,1,,2026-10-04 04:25:46.135764+00:00,travelpayouts,one_way,latest,1119
YTO,Toronto,CUN,Cancun,2026-10-17 00:00:00+00:00,2026-10-24 00:00:00+00:00,,,408,USD,2,,2026-10-04 04:25:46.659625+00:00,travelpayouts,round_trip,month-matrix,2234
YTO,Toronto,CUN,Cancun,2026-10-16 00:00:00+00:00,2026-10-25 00:00:00+00:00,,,442,USD,1,,2026-10-04 04:25:46.659625+00:00,travelpayouts,round_trip,month-matrix,1121
YTO,Toronto,CUN,Cancun,2026-10-15 00:00:00+00:00,2026-10-20 00:00:00+00:00,,,448,USD,1,,2026-10-04 04:25:46.659625+00:00,travelpayouts,round_trip,month-matrix,2209
YTO,Toronto,CUN,Cancun,2026-10-12 00:00:00+00:00,2026-10-16 00:00:00+00:00,,,495,USD,1,,2026-10-04 04:25:46.659625+00:00,travelpayouts,round_trip,month-matrix,1125
YTO,Toronto,CUN,Cancun,2026-10-15 00:00:00+00:00,2026-10-21 00:00:00+00:00,,,498,USD,1,,2026-10-04 04:25:46.659625+00:00,travelpayouts,round_trip,month-matrix,2160
YTO,Toronto,CUN,Cancun,2026-10-11 00:00:00+00:00,2026-10-17 00:00:00+00:00,,,577,USD,1,,2026-10-04 04:25:46.659625+00:00,travelpayouts,round_trip,month-matrix,1972
YTO,Toronto,CUN,Cancun,2026-10-12 00:00:00+00:00,2026-10-17 00:00:00+00:00,,,580,USD,0,,2026-10-04 04:25:46.659625+00:00,travelpayouts,round_trip,month-matrix,0
YTO,Toronto,CUN,Cancun,2026-10-08 00:00:00+00:00,2026-10-22 00:00:00+00:00,,,642,USD,1,,2026-10-04 04:25:46.659625+00:00,travelpayouts,round_trip,month-matrix,1972
YTO,Toronto,CUN,Cancun,2026-10-12 00:00:00+00:00,2026-10-18 00:00:00+00:00,,,665,USD,1,,2026-10-04 04:25:46.659625+00:00,travelpayouts,round_trip,month-matrix,1845
YTO,Toronto,CUN,Cancun,2026-10-07 00:00:00+00:00,2026-10-17 00:00:00+00:00,,,696,USD,2,,2026-10-04 04:25:46.659625+00:00,travelpayouts,round_trip,month-matrix,1064
YTO,Toronto,CUN,Cancun,2026-10-10 00:00:00+00:00,2026-10-12 00:00:00+00:00,,,796,USD,2,,2026-10-04 04:25:46.659625+00:00,travelpayouts,round_trip,month-matrix,3984
YTO,Toronto,CUN,Cancun,2026-10-17 23:43:00+00:00,2026-10-24 22:22:00+00:00,UA,3466,408,USD,2,,2026-10-04 04:25:47.184504+00:00,travelpayouts,round_trip,prices_for_dates,2234
YTO,Toronto,CUN,Cancun,2026-10-16 12:30:00+00:00,2026-10-25 16:55:00+00:00,CM,471,442,USD,1,,2026-10-04 04:25:47.184504+00:00,travelpayouts,round_trip,prices_for_dates,1121
YTO,Toronto,CUN,Cancun,2026-10-15 12:30:00+00:00,2026-10-20 18:54:00+00:00,CM,471,448,USD,1,,2026-10-04 04:25:47.184504+00:00,travelpayouts,round_trip,prices_for_dates,2209
YTO,Toronto,CUN,Cancun,2026-10-12 10:00:00+00:00,2026-10-16 19:09:00+00:00,AA,2589,495,USD,1,,2026-10-04 04:25:47.184504+00:00,travelpayouts,round_trip,prices_for_dates,1125
YTO,Toronto,CUN,Cancun,2026-10-15 12:30:00+00:00,2026-10-21 16:15:00+00:00,CM,471,498,USD,1,,2026-10-04 04:25:47.184504+00:00,travelpayouts,round_trip,prices_for_dates,2160
YTO,Toronto,CUN,Cancun,2026-10-11 10:15:00+00:00,2026-10-18 00:15:00+00:00,AA,5887,577,USD,1,,2026-10-04 04:25:47.184504+00:00,travelpayouts,round_trip,prices_for_dates,1972
YTO,Toronto,CUN,Cancun,2026-10-08 10:15:00+00:00,2026-10-23 02:05:00+00:00,AA,5887,642,USD,1,,2026-10-04 04:25:47.184504+00:00,travelpayouts,round_trip,prices_for_dates,1972
YTO,Toronto,CUN,Cancun,2026-10-12 10:46:00+00:00,2026-10-19 04:15:00+00:00,AA,1169,665,USD,1,,2026-10-04 04:25:47.184504+00:00,travelpayouts,round_trip,prices_for_dates,1845
YTO,Toronto,CUN,Cancun,2026-10-07 11:16:00+00:00,2026-10-17 22:20:00+00:00,AA,4542,696,USD,2,,2026-10-04 04:25:47.184504+00:00,travelpayouts,round_trip,prices_for_dates,1064
YTO,Toronto,CUN,Cancun,2026-10-10 18:35:00+00:00,2026-10-12 16:22:00+00:00,UA,3637,796,USD,2,,2026-10-04 04:25:47.184504+00:00,travelpayouts,round_trip,prices_for_dates,3984
YTO,Toronto,CUN,Cancun,2026-11-14 00:00:00+00:00,,,,142,USD,0,,2026-10-04 04:25:48.230810+00:00,travelpayouts,one_way,month-matrix,255
YTO,Toronto,CUN,Cancun,2026-11-15 00:00:00+00:00,,,,171,USD,0,,2026-10-04 04:25:48.230810+00:00,travelpayouts,one_way,month-matrix,255
YTO,Toronto,CUN,Cancun,2026-11-14 19:35:00+00:00,,F8,2612,142,USD,0,,2026-10-04 04:25:48.746593+00:00,travelpayouts,one_way,prices_for_dates,255
YTO,Toronto,CUN,Cancun,2026-11-15 14:40:00+00:00,,F8,2616,171,USD,0,,2026-10-04 04:25:48.746593+00:00,travelpayouts,one_way,prices_for_dates,255
YTO,Toronto,CUN,Cancun,2026-11-02 00:00:00+00:00,2026-11-08 00:00:00+00:00,,,305,USD,0,,2026-10-04 04:25:49.803006+00:00,travelpayouts,round_trip,month-matrix,478
YTO,Toronto,CUN,Cancun,2026-11-14 00:00:00+00:00,2026-11-22 00:00:00+00:00,,,325,USD,0,,2026-10-04 04:25:49.803006+00:00,travelpayouts,round_trip,month-matrix,483
YTO,Toronto,CUN,Cancun,2026-11-01 00:00:00+00:00,2026-11-08 00:00:00+00:00,,,329,USD,0,,2026-10-04 04:25:49.803006+00:00,travelpayouts,round_trip,month-matrix,478
YTO,Toronto,CUN,Cancun,2026-11-20 00:00:00+00:00,2026-12-01 00:00:00+00:00,,,336,USD,0,,2026-10-04 04:25:49.803006+00:00,travelpayouts,round_trip,month-matrix,500
YTO,Toronto,CUN,Cancun,2026-11-14 00:00:00+00:00,2026-11-21 00:00:00+00:00,,,336,USD,0,,2026-10-04 04:25:49.803006+00:00,travelpayouts,round_trip,month-matrix,505
YTO,Toronto,CUN,Cancun,2026-11-26 00:00:00+00:00,2027-01-14 00:00:00+00:00,,,343,USD,0,,2026-10-04 04:25:49.803006+00:00,travelpayouts,round_trip,month-matrix,510
YTO,Toronto,CUN,Cancun,2026-11-19 00:00:00+00:00,2026-11-28 00:00:00+00:00,,,400,USD,1,,2026-10-04 04:25:49.803006+00:00,travelpayouts,round_trip,month-matrix,1500
YTO,Toronto,CUN,Cancun,2026-11-02 13:00:00+00:00,2026-11-09 02:05:00+00:00,PD,763,305,USD,0,,2026-10-04 04:25:50.337649+00:00,travelpayouts,round_trip,prices_for_dates,478
YTO,Toronto,CUN,Cancun,2026-11-14 19:35:00+00:00,2026-11-23 01:15:00+00:00,F8,2612,325,USD,0,,2026-10-04 04:25:50.337649+00:00,travelpayouts,round_trip,prices_for_dates,483
YTO,Toronto,CUN,Cancun,2026-11-01 20:55:00+00:00,2026-11-09 02:05:00+00:00,PD,766,329,USD,0,,2026-10-04 04:25:50.337649+00:00,travelpayouts,round_trip,prices_for_dates,478
YTO,Toronto,CUN,Cancun,2026-11-20 19:25:00+00:00,2026-12-02 03:45:00+00:00,PD,767,336,USD,0,,2026-10-04 04:25:50.337649+00:00,travelpayouts,round_trip,prices_for_dates,500
YTO,Toronto,CUN,Cancun,2026-11-14 19:35:00+00:00,2026-11-21 19:45:00+00:00,F8,2612,336,USD,0,,2026-10-04 04:25:50.337649+00:00,travelpayouts,round_trip,prices_for_dates,505
YTO,Toronto,CUN,Cancun,2026-11-27 00:10:00+00:00,2027-01-14 19:45:00+00:00,AC,1814,343,USD,0,,2026-10-04 04:25:50.337649+00:00,travelpayouts,round_trip,prices_for_dates,510
YTO,Toronto,CUN,Cancun,2026-11-19 15:45:00+00:00,2026-11-28 11:20:00+00:00,AC,7958,400,USD,1,,2026-10-04 04:25:50.337649+00:00,travelpayouts,round_trip,prices_for_dates,1500
YTO,Toronto,CUN,Cancun,2026-11-02 00:00:00+00:00,2026-11-08 00:00:00+00:00,,,317,USD,0,,2026-10-04 04:25:50.877870+00:00,travelpayouts,round_trip,latest,478
YTO,Toronto,CUN,Cancun,2026-12-18 00:00:00+00:00,,,,371,USD,0,,2026-10-04 04:25:51.373594+00:00,travelpayouts,one_way,month-matrix,250
YTO,Toronto,CUN,Cancun,2026-12-18 20:50:00+00:00,,PD,766,371,USD,0,,2026-10-04 04:25:51.894208+00:00,travelpayouts,one_way,prices_for_dates,250
YTO,Toronto,CUN,Cancun,2026-12-06 00:00:00+00:00,2026-12-13 00:00:00+00:00,,,317,USD,1,,2026-10-04 04:25:52.959509+00:00,travelpayouts,round_trip,month-matrix,1720
YTO,Toronto,CUN,Cancun,2026-12-04 00:00:00+00:00,2026-12-09 00:00:00+00:00,,,317,USD,1,,2026-10-04 04:25:52.959509+00:00,travelpayouts,round_trip,month-matrix,915
YTO,Toronto,CUN,Cancun,2026-12-06 00:00:00+00:00,2026-12-12 00:00:00+00:00,,,321,USD,0,,2026-10-04 04:25:52.959509+00:00,travelpayouts,round_trip,month-matrix,0
YTO,Toronto,CUN,Cancun,2026-12-06 00:00:00+00:00,2026-12-11 00:00:00+00:00,,,324,USD,1,,2026-10-04 04:25:52.959509+00:00,travelpayouts,round_trip,month-matrix,945
YTO,Toronto,CUN,Cancun,2026-12-15 00:00:00+00:00,2026-12-22 00:00:00+00:00,,,335,USD,0,,2026-10-04 04:25:52.959509+00:00,travelpayouts,round_trip,month-matrix,505
YTO,Toronto,CUN,Cancun,2026-12-04 00:00:00+00:00,2026-12-10 00:00:00+00:00,,,350,USD,0,,2026-10-04 04:25:52.959509+00:00,travelpayouts,round_trip,month-matrix,510
YTO,Toronto,CUN,Cancun,2026-12-04 00:00:00+00:00,2026-12-11 00:00:00+00:00,,,352,USD,0,,2026-10-04 04:25:52.959509+00:00,travelpayouts,round_trip,month-matrix,510
YTO,Toronto,CUN,Cancun,2026-12-22 00:00:00+00:00,2026-12-28 00:00:00+00:00,,,482,USD,0,,2026-10-04 04:25:52.959509+00:00,travelpayouts,round_trip,month-matrix,510
YTO,Toronto,CUN,Cancun,2026-12-19 00:00:00+00:00,2026-12-27 00:00:00+00:00,,,507,USD,0,,2026-10-04 04:25:52.959509+00:00,travelpayouts,round_trip,month-matrix,478
YTO,Toronto,CUN,Cancun,2026-12-22 00:00:00+00:00,2026-12-29 00:00:00+00:00,,,516,USD,0,,2026-10-04 04:25:52.959509+00:00,travelpayouts,round_trip,month-matrix,510
YTO,Toronto,CUN,Cancun,2026-12-20 00:00:00+00:00,2027-01-06 00:00:00+00:00,,,548,USD,0,,2026-10-04 04:25:52.959509+00:00,travelpayouts,round_trip,month-matrix,500
YTO,Toronto,CUN,Cancun,2026-12-19 00:00:00+00:00,2026-12-28 00:00:00+00:00,,,630,USD,0,,2026-10-04 04:25:52.959509+00:00,travelpayouts,round_trip,month-matrix,0
YTO,Toronto,CUN,Cancun,2026-12-19 00:00:00+00:00,2026-12-29 00:00:00+00:00,,,630,USD,0,,2026-10-04 04:25:52.959509+00:00,travelpayouts,round_trip,month-matrix,0
YTO,Toronto,CUN,Cancun,2026-12-19 00:00:00+00:00,2026-12-30 00:00:00+00:00,,,630,USD,0,,2026-10-04 04:25:52.959509+00:00,travelpayouts,round_trip,month-matrix,0
YTO,Toronto,CUN,Cancun,2026-12-19 00:00:00+00:00,2026-12-31 00:00:00+00:00,,,630,USD,0,,2026-10-04 04:25:52.959509+00:00,travelpayouts,round_trip,month-matrix,0
YTO,Toronto,CUN,Cancun,2026-12-19 00:00:00+00:00,2027-01-01 00:00:00+00:00,,,630,USD,0,,2026-10-04 04:25:52.959509+00:00,travelpayouts,round_trip,month-matrix,0
YTO,Toronto,CUN,Cancun,2026-12-19 00:00:00+00:00,2027-01-02 00:00:00+00:00,,,630,USD,0,,2026-10-04 04:25:52.959509+00:00,travelpayouts,round_trip,month-matrix,0
YTO,Toronto,CUN,Cancun,2026-12-19 00:00:00+00:00,2027-01-03 00:00:00+00:00,,,630,USD,0,,2026-10-04 04:25:52.959509+00:00,travelpayouts,round_trip,month-matrix,0
YTO,Toronto,CUN,Cancun,2026-12-19 00:00:00+00:00,2027-01-04 00:00:00+00:00,,,753,USD,1,,2026-10-04 04:25:52.959509+00:00,travelpayouts,round_trip,month-matrix,750
YTO,Toronto,CUN,Cancun,2026-12-27 00:00:00+00:00,2027-01-03 00:00:00+00:00,,,856,USD,1,,2026-10-04 04:25:52.959509+00:00,travelpayouts,round_trip,month-matrix,2090
YTO,Toronto,CUN,Cancun,2026-12-06 22:30:00+00:00,2026-12-13 17:55:00+00:00,AC,7972,317,USD,1,,2026-10-04 04:25:53.472695+00:00,travelpayouts,round_trip,prices_for_dates,1720
YTO,Toronto,CUN,Cancun,2026-12-04 15:35:00+00:00,2026-12-09 17:00:00+00:00,PD,2217,317,USD,1,,2026-10-04 04:25:53.472695+00:00,travelpayouts,round_trip,prices_for_dates,915
YTO,Toronto,CUN,Cancun,2026-12-06 12:00:00+00:00,2026-12-11 20:05:00+00:00,PD,2205,324,USD,1,,2026-10-04 04:25:53.472695+00:00,travelpayouts,round_trip,prices_for_dates,945
YTO,Toronto,CUN,Cancun,2026-12-15 14:40:00+00:00,2026-12-22 17:55:00+00:00,F8,2616,335,USD,0,,2026-10-04 04:25:53.472695+00:00,travelpayouts,round_trip,prices_for_dates,505
YTO,Toronto,CUN,Cancun,2026-12-04 19:50:00+00:00,2026-12-10 19:45:00+00:00,TS,426,350,USD,0,,2026-10-04 04:25:53.472695+00:00,travelpayouts,round_trip,prices_for_dates,510
YTO,Toronto,CUN,Cancun,2026-12-04 19:50:00+00:00,2026-12-11 19:45:00+00:00,TS,426,352,USD,0,,2026-10-04 04:25:53.472695+00:00,travelpayouts,round_trip,prices_for_dates,510
YTO,Toronto,CUN,Cancun,2026-12-22 22:25:00+00:00,2026-12-29 00:40:00+00:00,PD,7056,482,USD,0,,2026-10-04 04:25:53.472695+00:00,travelpayouts,round_trip,prices_for_dates,510
YTO,Toronto,CUN,Cancun,2026-12-19 20:50:00+00:00,2026-12-28 02:00:00+00:00,PD,766,507,USD,0,,2026-10-04 04:25:53.472695+00:00,travelpayouts,round_trip,prices_for_dates,478
YTO,Toronto,CUN,Cancun,2026-12-22 22:25:00+00:00,2026-12-29 17:55:00+00:00,PD,7056,516,USD,0,,2026-10-04 04:25:53.472695+00:00,travelpayouts,round_trip,prices_for_dates,510
YTO,Toronto,CUN,Cancun,2026-12-20 20:50:00+00:00,2027-01-07 00:40:00+00:00,PD,766,548,USD,0,,2026-10-04 04:25:53.472695+00:00,travelpayouts,round_trip,prices_for_dates,500
YTO,Toronto,CUN,Cancun,2026-12-19 20:50:00+00:00,2027-01-05 04:55:00+00:00,PD,766,753,USD,0,,2026-10-04 04:25:53.472695+00:00,travelpayouts,round_trip,prices_for_dates,750
YTO,Toronto,CUN,Cancun,2026-12-27 12:30:00+00:00,2027-01-03 22:15:00+00:00,WS,629,856,USD,1,,2026-10-04 04:25:53.472695+00:00,travelpayouts,round_trip,prices_for_dates,2090
YTO,Toronto,CUN,Cancun,2027-01-01 19:35:00+00:00,,F8,2612,348,USD,0,2026-10-04 05:25:55+00:00,2026-10-04 04:25:56.082293+00:00,travelpayouts,one_way,calendar,
YTO,Toronto,CUN,Cancun,2027-01-02 19:35:00+00:00,,F8,2612,327,USD,0,2026-10-04 05:25:55+00:00,2026-10-04 04:25:56.082293+00:00,travelpayouts,one_way,calendar,
YTO,Toronto,CUN,Cancun,2027-01-15 13:10:00+00:00,,PD,2427,298,USD,1,2026-10-04 05:25:55+00:00,2026-10-04 04:25:56.082293+00:00,travelpayouts,one_way,calendar,
YTO,Toronto,CUN,Cancun,2027-01-16 20:50:00+00:00,,PD,763,333,USD,0,2026-10-04 05:25:55+00:00,2026-10-04 04:25:56.082293+00:00,travelpayouts,one_way,calendar,
YTO,Toronto,CUN,Cancun,2027-01-15 00:00:00+00:00,2027-02-15 00:00:00+00:00,,,298,USD,1,,2026-10-04 04:25:56.636360+00:00,travelpayouts,round_trip,month-matrix,768
YTO,Toronto,CUN,Cancun,2027-01-02 00:00:00+00:00,2027-01-15 00:00:00+00:00,,,327,USD,0,,2026-10-04 04:25:56.636360+00:00,travelpayouts,round_trip,month-matrix,510
YTO,Toronto,CUN,Cancun,2027-01-16 00:00:00+00:00,2027-01-24 00:00:00+00:00,,,333,USD,0,,2026-10-04 04:25:56.636360+00:00,travelpayouts,round_trip,month-matrix,500
YTO,Toronto,CUN,Cancun,2027-01-01 00:00:00+00:00,2027-01-07 00:00:00+00:00,,,348,USD,0,,2026-10-04 04:25:56.636360+00:00,travelpayouts,round_trip,month-matrix,515
YTO,Toronto,CUN,Cancun,2027-01-15 00:00:00+00:00,2027-02-16 00:00:00+00:00,,,365,USD,0,,2026-10-04 04:25:56.636360+00:00,travelpayouts,round_trip,month-matrix,510
YTO,Toronto,CUN,Cancun,2027-01-15 13:10:00+00:00,2027-02-16 02:00:00+00:00,PD,2427,298,USD,1,,2026-10-04 04:25:57.149884+00:00,travelpayouts,round_trip,prices_for_dates,768
YTO,Toronto,CUN,Cancun,2027-01-02 19:35:00+00:00,2027-01-16 00:40:00+00:00,F8,2612,327,USD,0,,2026-10-04 04:25:57.149884+00:00,travelpayouts,round_trip,prices_for_dates,510
YTO,Toronto,CUN,Cancun,2027-01-16 20:50:00+00:00,2027-01-24 19:45:00+00:00,PD,763,333,USD,0,,2026-10-04 04:25:57.149884+00:00,travelpayouts,round_trip,prices_for_dates,500
YTO,Toronto,CUN,Cancun,2027-01-01 12:45:00+00:00,2027-01-07 17:55:00+00:00,F8,2610,348,USD,0,,2026-10-04 04:25:57.149884+00:00,travelpayouts,round_trip,prices_for_dates,515
YTO,Toronto,CUN,Cancun,2027-01-15 19:35:00+00:00,2027-02-16 17:55:00+00:00,F8,2612,365,USD,0,,2026-10-04 04:25:57.149884+00:00,travelpayouts,round_trip,prices_for_dates,510
YTO,Toronto,PVR,Puerto Vallarta,2026-10-16 00:00:00+00:00,,,,213,USD,1,,2026-10-04 04:25:58.219457+00:00,travelpayouts,one_way,month-matrix,1012
YTO,Toronto,PVR,Puerto Vallarta,2026-10-12 00:00:00+00:00,,,,309,USD,1,,2026-10-04 04:25:58.219457+00:00,travelpayouts,one_way,month-matrix,1783
YTO,Toronto,PVR,Puerto Vallarta,2026-10-13 00:00:00+00:00,,,,328,USD,1,,2026-10-04 04:25:58.219457+00:00,travelpayouts,one_way,month-matrix,1541
YTO,Toronto,PVR,Puerto Vallarta,2026-10-09 00:00:00+00:00,,,,342,USD,1,,2026-10-04 04:25:58.219457+00:00,travelpayouts,one_way,month-matrix,1367
YTO,Toronto,PVR,Puerto Vallarta,2026-10-10 00:00:00+00:00,,,,348,USD,2,,2026-10-04 04:25:58.219457+00:00,travelpayouts,one_way,month-matrix,1150
YTO,Toronto,PVR,Puerto Vallarta,2026-10-17 00:55:00+00:00,,AC,1512,213,USD,1,,2026-10-04 04:25:58.716354+00:00,travelpayouts,one_way,prices_for_dates,1012
YTO,Toronto,PVR,Puerto Vallarta,2026-10-12 10:46:00+00:00,,AA,1169,309,USD,1,,2026-10-04 04:25:58.716354+00:00,travelpayouts,one_way,prices_for_dates,1783
YTO,Toronto,PVR,Puerto Vallarta,2026-10-13 14:05:00+00:00,,F8,2660,328,USD,1,,2026-10-04 04:25:58.716354+00:00,travelpayouts,one_way,prices_for_dates,1541
YTO,Toronto,PVR,Puerto Vallarta,2026-10-09 19:00:00+00:00,,UA,3705,342,USD,1,,2026-10-04 04:25:58.716354+00:00,travelpayouts,one_way,prices_for_dates,1367
YTO,Toronto,PVR,Puerto Vallarta,2026-10-10 18:35:00+00:00,,UA,3637,348,USD,2,,2026-10-04 04:25:58.716354+00:00,travelpayouts,one_way,prices_for_dates,1150
YTO,Toronto,PVR,Puerto Vallarta,2026-10-13 00:00:00+00:00,,,,329,USD,1,,2026-10-04 04:25:59.237473+00:00,travelpayouts,one_way,latest,2958
YTO,Toronto,PVR,Puerto Vallarta,2026-10-13 00:00:00+00:00,2026-10-16 00:00:00+00:00,,,608,USD,1,,2026-10-04 04:25:59.778743+00:00,travelpayouts,round_trip,month-matrix,4800
YTO,Toronto,PVR,Puerto Vallarta,2026-10-13 14:05:00+00:00,2026-10-16 17:13:00+00:00,F8,2660,608,USD,1,,2026-10-04 04:26:00.285620+00:00,travelpayouts,round_trip,prices_for_dates,4800
YTO,Toronto,PVR,Puerto Vallarta,2026-11-21 17:30:00+00:00,,PD,771,329,USD,0,2026-10-04 05:26:02+00:00,2026-10-04 04:26:02.900999+00:00,travelpayouts,one_way,calendar,
YTO,Toronto,PVR,Puerto Vallarta,2026-11-21 00:00:00+00:00,2026-11-25 00:00:00+00:00,,,329,USD,0,,2026-10-04 04:26:03.423777+00:00,travelpayouts,round_trip,month-matrix,624
YTO,Toronto,PVR,Puerto Vallarta,2026-11-21 00:00:00+00:00,2026-11-26 00:00:00+00:00,,,337,USD,0,,2026-10-04 04:26:03.423777+00:00,travelpayouts,round_trip,month-matrix,624
YTO,Toronto,PVR,Puerto Vallarta,2026-11-21 17:30:00+00:00,2026-11-26 00:10:00+00:00,PD,771,329,USD,0,,2026-10-04 04:26:03.957116+00:00,travelpayouts,round_trip,prices_for_dates,624
YTO,Toronto,PVR,Puerto Vallarta,2026-11-21 17:30:00+00:00,2026-11-27 00:10:00+00:00,PD,771,337,USD,0,,2026-10-04 04:26:03.957116+00:00,travelpayouts,round_trip,prices_for_dates,624
YTO,Toronto,PVR,Puerto Vallarta,2026-12-15 17:30:00+00:00,,TS,7057,330,USD,0,2026-10-04 05:26:06+00:00,2026-10-04 04:26:06.571161+00:00,travelpayouts,one_way,calendar,
YTO,Toronto,PVR,Puerto Vallarta,2026-12-27 03:20:00+00:00,,WS,659,524,USD,1,2026-10-04 05:26:06+00:00,2026-10-04 04:26:06.571161+00:00,travelpayouts,one_way,calendar,
YTO,Toronto,PVR,Puerto Vallarta,2026-12-27 18:40:00+00:00,,PD,627,721,USD,2,2026-10-04 05:26:06+00:00,2026-10-04 04:26:06.571161+00:00,travelpayouts,one_way,calendar,
YTO,Toronto,PVR,Puerto Vallarta,2026-12-15 00:00:00+00:00,2026-12-22 00:00:00+00:00,,,330,USD,0,,2026-10-04 04:26:07.101889+00:00,travelpayouts,round_trip,month-matrix,635
YTO,Toronto,PVR,Puerto Vallarta,2026-12-26 00:00:00+00:00,2027-01-09 00:00:00+00:00,,,524,USD,1,,2026-10-04 04:26:07.101889+00:00,travelpayouts,round_trip,month-matrix,1135
YTO,Toronto,PVR,Puerto Vallarta,2026-12-27 00:00:00+00:00,2027-01-10 00:00:00+00:00,,,721,USD,2,,2026-10-04 04:26:07.101889+00:00,travelpayouts,round_trip,month-matrix,3974
YTO,Toronto,PVR,Puerto Vallarta,2026-12-15 17:30:00+00:00,2026-12-22 19:00:00+00:00,TS,7057,330,USD,0,,2026-10-04 04:26:07.620719+00:00,travelpayouts,round_trip,prices_for_dates,635
YTO,Toronto,PVR,Puerto Vallarta,2026-12-27 03:20:00+00:00,2027-01-09 19:00:00+00:00,WS,659,524,USD,1,,2026-10-04 04:26:07.620719+00:00,travelpayouts,round_trip,prices_for_dates,1135
YTO,Toronto,PVR,Puerto Vallarta,2026-12-27 18:40:00+00:00,2027-01-10 23:57:00+00:00,PD,627,721,USD,2,,2026-10-04 04:26:07.620719+00:00,travelpayouts,round_trip,prices_for_dates,3974
YTO,Toronto,PVR,Puerto Vallarta,2027-01-19 21:10:00+00:00,,UA,1810,365,USD,1,2026-10-04 05:26:09+00:00,2026-10-04 04:26:10.249487+00:00,travelpayouts,one_way,calendar,
YTO,Toronto,PVR,Puerto Vallarta,2027-01-19 00:00:00+00:00,2027-02-03 00:00:00+00:00,,,365,USD,1,,2026-10-04 04:26:10.765970+00:00,travelpayouts,round_trip,month-matrix,2681
YTO,Toronto,PVR,Puerto Vallarta,2027-01-19 21:10:00+00:00,2027-02-03 21:31:00+00:00,UA,1810,365,USD,1,,2026-10-04 04:26:11.314992+00:00,travelpayouts,round_trip,prices_for_dates,2681
YTO,Toronto,PUJ,Punta Cana,2026-10-11 00:00:00+00:00,,,,320,USD,1,,2026-10-04 04:26:12.345557+00:00,travelpayouts,one_way,month-matrix,1719
YTO,Toronto,PUJ,Punta Cana,2026-10-06 00:00:00+00:00,,,,361,USD,1,,2026-10-04 04:26:12.345557+00:00,travelpayouts,one_way,month-matrix,486
YTO,Toronto,PUJ,Punta Cana,2026-10-07 00:00:00+00:00,,,,363,USD,0,,2026-10-04 04:26:12.345557+00:00,travelpayouts,one_way,month-matrix,0
YTO,Toronto,PUJ,Punta Cana,2026-10-08 00:00:00+00:00,,,,363,USD,0,,2026-10-04 04:26:12.345557+00:00,travelpayouts,one_way,month-matrix,0
YTO,Toronto,PUJ,Punta Cana,2026-10-09 00:00:00+00:00,,,,363,USD,0,,2026-10-04 04:26:12.345557+00:00,travelpayouts,one_way,month-matrix,0
YTO,Toronto,PUJ,Punta Cana,2026-10-10 00:00:00+00:00,,,,366,USD,2,,2026-10-04 04:26:12.345557+00:00,travelpayouts,one_way,month-matrix,2440
YTO,Toronto,PUJ,Punta Cana,2026-10-11 10:00:00+00:00,,AA,1746,320,USD,1,,2026-10-04 04:26:12.875731+00:00,travelpayouts,one_way,prices_for_dates,1719
YTO,Toronto,PUJ,Punta Cana,2026-10-06 10:00:00+00:00,,AA,1746,361,USD,1,,2026-10-04 04:26:12.875731+00:00,travelpayouts,one_way,prices_for_dates,486
YTO,Toronto,PUJ,Punta Cana,2026-10-11 00:00:00+00:00,,UA,3711,366,USD,2,,2026-10-04 04:26:12.875731+00:00,travelpayouts,one_way,prices_for_dates,2440
YTO,Toronto,PUJ,Punta Cana,2026-10-31 00:00:00+00:00,2026-11-07 00:00:00+00:00,,,319,USD,0,,2026-10-04 04:26:13.920119+00:00,travelpayouts,round_trip,month-matrix,565
YTO,Toronto,PUJ,Punta Cana,2026-10-14 00:00:00+00:00,2026-10-29 00:00:00+00:00,,,442,USD,2,,2026-10-04 04:26:13.920119+00:00,travelpayouts,round_trip,month-matrix,1902
YTO,Toronto,PUJ,Punta Cana,2026-10-23 00:00:00+00:00,2026-10-29 00:00:00+00:00,,,451,USD,0,,2026-10-04 04:26:13.920119+00:00,travelpayouts,round_trip,month-matrix,556
YTO,Toronto,PUJ,Punta Cana,2026-10-23 00:00:00+00:00,2026-10-26 00:00:00+00:00,,,484,USD,0,,2026-10-04 04:26:13.920119+00:00,travelpayouts,round_trip,month-matrix,0
YTO,Toronto,PUJ,Punta Cana,2026-10-23 00:00:00+00:00,2026-10-27 00:00:00+00:00,,,484,USD,0,,2026-10-04 04:26:13.920119+00:00,travelpayouts,round_trip,month-matrix,0
YTO,Toronto,PUJ,Punta Cana,2026-10-23 00:00:00+00:00,2026-10-28 00:00:00+00:00,,,484,USD,0,,2026-10-04 04:26:13.920119+00:00,travelpayouts,round_trip,month-matrix,0
YTO,Toronto,PUJ,Punta Cana,2026-10-20 00:00:00+00:00,2026-10-27 00:00:00+00:00,,,487,USD,1,,2026-10-04 04:26:13.920119+00:00,travelpayouts,round_trip,month-matrix,990
YTO,Toronto,PUJ,Punta Cana,2026-10-23 00:00:00+00:00,2026-10-30 00:00:00+00:00,,,518,USD,0,,2026-10-04 04:26:13.920119+00:00,travelpayouts,round_trip,month-matrix,0
YTO,Toronto,PUJ,Punta Cana,2026-10-23 00:00:00+00:00,2026-10-31 00:00:00+00:00,,,518,USD,0,,2026-10-04 04:26:13.920119+00:00,travelpayouts,round_trip,month-matrix,0
YTO,Toronto,PUJ,Punta Cana,2026-10-23 00:00:00+00:00,2026-10-25 00:00:00+00:00,,,518,USD,2,,2026-10-04 04:26:13.920119+00:00,travelpayouts,round_trip,month-matrix,1967
YTO,Toronto,PUJ,Punta Cana,2026-10-23 00:00:00+00:00,2026-11-01 00:00:00+00:00,,,584,USD,2,,2026-10-04 04:26:13.920119+00:00,travelpayouts,round_trip,month-matrix,2167
YTO,Toronto,PUJ,Punta Cana,2026-10-15 00:00:00+00:00,2026-10-20 00:00:00+00:00,,,647,USD,2,,2026-10-04 04:26:13.920119+00:00,travelpayouts,round_trip,month-matrix,2010
YTO,Toronto,PUJ,Punta Cana,2026-10-07 00:00:00+00:00,2026-10-18 00:00:00+00:00,,,981,USD,1,,2026-10-04 04:26:13.920119+00:00,travelpayouts,round_trip,month-matrix,2470
YTO,Toronto,PUJ,Punta Cana,2026-10-10 00:00:00+00:00,2026-10-12 00:00:00+00:00,,,1008,USD,1,,2026-10-04 04:26:13.920119+00:00,travelpayouts,round_trip,month-matrix,4889
YTO,Toronto,PUJ,Punta Cana,2026-10-31 13:00:00+00:00,2026-11-07 19:35:00+00:00,F8,2634,319,USD,0,,2026-10-04 04:26:14.457056+00:00,travelpayouts,round_trip,prices_for_dates,565
YTO,Toronto,PUJ,Punta Cana,2026-10-14 10:00:00+00:00,2026-10-29 15:50:00+00:00,AA,2589,442,USD,1,,2026-10-04 04:26:14.457056+00:00,travelpayouts,round_trip,prices_for_dates,1902
YTO,Toronto,PUJ,Punta Cana,2026-10-23 10:30:00+00:00,2026-10-29 23:09:00+00:00,DM,5863,451,USD,0,,2026-10-04 04:26:14.457056+00:00,travelpayouts,round_trip,prices_for_dates,556
YTO,Toronto,PUJ,Punta Cana,2026-10-20 10:15:00+00:00,2026-10-27 20:12:00+00:00,AA,5887,487,USD,1,,2026-10-04 04:26:14.457056+00:00,travelpayouts,round_trip,prices_for_dates,990
YTO,Toronto,PUJ,Punta Cana,2026-10-23 23:24:00+00:00,2026-10-25 22:45:00+00:00,AA,5045,518,USD,2,,2026-10-04 04:26:14.457056+00:00,travelpayouts,round_trip,prices_for_dates,1967
YTO,Toronto,PUJ,Punta Cana,2026-10-24 01:00:00+00:00,2026-11-01 21:10:00+00:00,UA,5874,584,USD,2,,2026-10-04 04:26:14.457056+00:00,travelpayouts,round_trip,prices_for_dates,2167
YTO,Toronto,PUJ,Punta Cana,2026-10-15 10:00:00+00:00,2026-10-20 19:35:00+00:00,AA,1746,647,USD,2,,2026-10-04 04:26:14.457056+00:00,travelpayouts,round_trip,prices_for_dates,2010
YTO,Toronto,PUJ,Punta Cana,2026-10-07 10:30:00+00:00,2026-10-18 23:35:00+00:00,DM,5863,981,USD,0,,2026-10-04 04:26:14.457056+00:00,travelpayouts,round_trip,prices_for_dates,2470
YTO,Toronto,PUJ,Punta Cana,2026-10-10 10:00:00+00:00,2026-10-12 17:45:00+00:00,AA,1746,1008,USD,1,,2026-10-04 04:26:14.457056+00:00,travelpayouts,round_trip,prices_for_dates,4889
YTO,Toronto,PUJ,Punta Cana,2026-11-24 00:00:00+00:00,,,,210,USD,0,,2026-10-04 04:26:15.492003+00:00,travelpayouts,one_way,month-matrix,280
YTO,Toronto,PUJ,Punta Cana,2026-11-04 00:00:00+00:00,,,,227,USD,0,,2026-10-04 04:26:15.492003+00:00,travelpayouts,one_way,month-matrix,0
YTO,Toronto,PUJ,Punta Cana,2026-11-05 00:00:00+00:00,,,,227,USD,0,,2026-10-04 04:26:15.492003+00:00,travelpayouts,one_way,month-matrix,0
YTO,Toronto,PUJ,Punta Cana,2026-11-06 00:00:00+00:00,,,,227,USD,0,,2026-10-04 04:26:15.492003+00:00,travelpayouts,one_way,month-matrix,0
YTO,Toronto,PUJ,Punta Cana,2026-11-07 00:00:00+00:00,,,,227,USD,0,,2026-10-04 04:26:15.492003+00:00,travelpayouts,one_way,month-matrix,0
YTO,Toronto,PUJ,Punta Cana,2026-11-08 00:00:00+00:00,,,,227,USD,0,,2026-10-04 04:26:15.492003+00:00,travelpayouts,one_way,month-matrix,0
YTO,Toronto,PUJ,Punta Cana,2026-11-09 00:00:00+00:00,,,,227,USD,0,,2026-10-04 04:26:15.492003+00:00,travelpayouts,one_way,month-matrix,0
YTO,Toronto,PUJ,Punta Cana,2026-11-10 00:00:00+00:00,,,,227,USD,0,,2026-10-04 04:26:15.492003+00:00,travelpayouts,one_way,month-matrix,0
YTO,Toronto,PUJ,Punta Cana,2026-11-11 00:00:00+00:00,,,,227,USD,0,,2026-10-04 04:26:15.492003+00:00,travelpayouts,one_way,month-matrix,0
YTO,Toronto,PUJ,Punta Cana,2026-11-12 00:00:00+00:00,,,,227,USD,0,,2026-10-04 04:26:15.492003+00:00,travelpayouts,one_way,month-matrix,0
YTO,Toronto,PUJ,Punta Cana,2026-11-13 00:00:00+00:00,,,,227,USD,0,,2026-10-04 04:26:15.492003+00:00,travelpayouts,one_way,month-matrix,0
YTO,Toronto,PUJ,Punta Cana,2026-11-14 00:00:00+00:00,,,,227,USD,0,,2026-10-04 04:26:15.492003+00:00,travelpayouts,one_way,month-matrix,0
YTO,Toronto,PUJ,Punta Cana,2026-11-15 00:00:00+00:00,,,,227,USD,0,,2026-10-04 04:26:15.492003+00:00,travelpayouts,one_way,month-matrix,0
YTO,Toronto,PUJ,Punta Cana,2026-11-16 00:00:00+00:00,,,,227,USD,0,,2026-10-04 04:26:15.492003+00:00,travelpayouts,one_way,month-matrix,0
YTO,Toronto,PUJ,Punta Cana,2026-11-17 00:00:00+00:00,,,,227,USD,0,,2026-10-04 04:26:15.492003+00:00,travelpayouts,one_way,month-matrix,0
YTO,Toronto,PUJ,Punta Cana,2026-11-18 00:00:00+00:00,,,,227,USD,0,,2026-10-04 04:26:15.492003+00:00,travelpayouts,one_way,month-matrix,0
YTO,Toronto,PUJ,Punta Cana,2026-11-19 00:00:00+00:00,,,,227,USD,0,,2026-10-04 04:26:15.492003+00:00,travelpayouts,one_way,month-matrix,0
YTO,Toronto,PUJ,Punta Cana,2026-11-20 00:00:00+00:00,,,,227,USD,0,,2026-10-04 04:26:15.492003+00:00,travelpayouts,one_way,month-matrix,0
YTO,Toronto,PUJ,Punta Cana,2026-11-21 00:00:00+00:00,,,,227,USD,0,,2026-10-04 04:26:15.492003+00:00,travelpayouts,one_way,month-matrix,0
YTO,Toronto,PUJ,Punta Cana,2026-11-22 00:00:00+00:00,,,,227,USD,0,,2026-10-04 04:26:15.492003+00:00,travelpayouts,one_way,month-matrix,0
YTO,Toronto,PUJ,Punta Cana,2026-11-23 00:00:00+00:00,,,,227,USD,0,,2026-10-04 04:26:15.492003+00:00,travelpayouts,one_way,month-matrix,0
YTO,Toronto,PUJ,Punta Cana,2026-11-03 00:00:00+00:00,,,,244,USD,0,,2026-10-04 04:26:15.492003+00:00,travelpayouts,one_way,month-matrix,260
YTO,Toronto,PUJ,Punta Cana,2026-11-24 21:00:00+00:00,,AC,1798,210,USD,0,,2026-10-04 04:26:16.003908+00:00,travelpayouts,one_way,prices_for_dates,280
YTO,Toronto,PUJ,Punta Cana,2026-11-03 19:00:00+00:00,,TS,286,244,USD,0,,2026-10-04 04:26:16.003908+00:00,travelpayouts,one_way,prices_for_dates,260
YTO,Toronto,PUJ,Punta Cana,2026-11-04 00:00:00+00:00,,,,246,USD,0,,2026-10-04 04:26:16.547053+00:00,travelpayouts,one_way,latest,0
YTO,Toronto,PUJ,Punta Cana,2026-11-05 00:00:00+00:00,,,,246,USD,0,,2026-10-04 04:26:16.547053+00:00,travelpayouts,one_way,latest,0
YTO,Toronto,PUJ,Punta Cana,2026-11-06 00:00:00+00:00,,,,246,USD,0,,2026-10-04 04:26:16.547053+00:00,travelpayouts,one_way,latest,0
YTO,Toronto,PUJ,Punta Cana,2026-11-07 00:00:00+00:00,,,,246,USD,0,,2026-10-04 04:26:16.547053+00:00,travelpayouts,one_way,latest,0
YTO,Toronto,PUJ,Punta Cana,2026-11-08 00:00:00+00:00,,,,246,USD,0,,2026-10-04 04:26:16.547053+00:00,travelpayouts,one_way,latest,0
YTO,Toronto,PUJ,Punta Cana,2026-11-09 00:00:00+00:00,,,,246,USD,0,,2026-10-04 04:26:16.547053+00:00,travelpayouts,one_way,latest,0
YTO,Toronto,PUJ,Punta Cana,2026-11-10 00:00:00+00:00,,,,246,USD,0,,2026-10-04 04:26:16.547053+00:00,travelpayouts,one_way,latest,0
YTO,Toronto,PUJ,Punta Cana,2026-11-11 00:00:00+00:00,,,,246,USD,0,,2026-10-04 04:26:16.547053+00:00,travelpayouts,one_way,latest,0
YTO,Toronto,PUJ,Punta Cana,2026-11-12 00:00:00+00:00,,,,246,USD,0,,2026-10-04 04:26:16.547053+00:00,travelpayouts,one_way,latest,0
YTO,Toronto,PUJ,Punta Cana,2026-11-13 00:00:00+00:00,,,,246,USD,0,,2026-10-04 04:26:16.547053+00:00,travelpayouts,one_way,latest,0
YTO,Toronto,PUJ,Punta Cana,2026-11-14 00:00:00+00:00,,,,246,USD,0,,2026-10-04 04:26:16.547053+00:00,travelpayouts,one_way,latest,0
YTO,Toronto,PUJ,Punta Cana,2026-11-15 00:00:00+00:00,,,,246,USD,0,,2026-10-04 04:26:16.547053+00:00,travelpayouts,one_way,latest,0
YTO,Toronto,PUJ,Punta Cana,2026-11-16 00:00:00+00:00,,,,246,USD,0,,2026-10-04 04:26:16.547053+00:00,travelpayouts,one_way,latest,0
YTO,Toronto,PUJ,Punta Cana,2026-11-17 00:00:00+00:00,,,,246,USD,0,,2026-10-04 04:26:16.547053+00:00,travelpayouts,one_way,latest,0
YTO,Toronto,PUJ,Punta Cana,2026-11-18 00:00:00+00:00,,,,246,USD,0,,2026-10-04 04:26:16.547053+00:00,travelpayouts,one_way,latest,0
YTO,Toronto,PUJ,Punta Cana,2026-11-19 00:00:00+00:00,,,,246,USD,0,,2026-10-04 04:26:16.547053+00:00,travelpayouts,one_way,latest,0
YTO,Toronto,PUJ,Punta Cana,2026-11-20 00:00:00+00:00,,,,246,USD,0,,2026-10-04 04:26:16.547053+00:00,travelpayouts,one_way,latest,0
YTO,Toronto,PUJ,Punta Cana,2026-11-21 00:00:00+00:00,,,,246,USD,0,,2026-10-04 04:26:16.547053+00:00,travelpayouts,one_way,latest,0
YTO,Toronto,PUJ,Punta Cana,2026-11-22 00:00:00+00:00,,,,246,USD,0,,2026-10-04 04:26:16.547053+00:00,travelpayouts,one_way,latest,0
YTO,Toronto,PUJ,Punta Cana,2026-11-23 00:00:00+00:00,,,,246,USD,0,,2026-10-04 04:26:16.547053+00:00,travelpayouts,one_way,latest,0
YTO,Toronto,PUJ,Punta Cana,2026-11-24 00:00:00+00:00,,,,248,USD,1,,2026-10-04 04:26:16.547053+00:00,travelpayouts,one_way,latest,950
YTO,Toronto,PUJ,Punta Cana,2026-11-27 00:00:00+00:00,2026-12-07 00:00:00+00:00,,,340,USD,1,,2026-10-04 04:26:17.060018+00:00,travelpayouts,round_trip,month-matrix,1850
YTO,Toronto,PUJ,Punta Cana,2026-11-28 00:00:00+00:00,2026-12-06 00:00:00+00:00,,,348,USD,1,,2026-10-04 04:26:17.060018+00:00,travelpayouts,round_trip,month-matrix,2165
YTO,Toronto,PUJ,Punta Cana,2026-11-14 00:00:00+00:00,2026-11-21 00:00:00+00:00,,,356,USD,1,,2026-10-04 04:26:17.060018+00:00,travelpayouts,round_trip,month-matrix,1130
YTO,Toronto,PUJ,Punta Cana,2026-11-21 00:00:00+00:00,2026-11-28 00:00:00+00:00,,,376,USD,1,,2026-10-04 04:26:17.060018+00:00,travelpayouts,round_trip,month-matrix,1560
YTO,Toronto,PUJ,Punta Cana,2026-11-28 01:30:00+00:00,2026-12-08 02:40:00+00:00,AC,7976,340,USD,1,,2026-10-04 04:26:17.656286+00:00,travelpayouts,round_trip,prices_for_dates,1850
YTO,Toronto,PUJ,Punta Cana,2026-11-28 23:30:00+00:00,2026-12-06 23:45:00+00:00,AC,7974,348,USD,1,,2026-10-04 04:26:17.656286+00:00,travelpayouts,round_trip,prices_for_dates,2165
YTO,Toronto,PUJ,Punta Cana,2026-11-14 13:30:00+00:00,2026-11-22 02:40:00+00:00,AC,7954,356,USD,1,,2026-10-04 04:26:17.656286+00:00,travelpayouts,round_trip,prices_for_dates,1130
YTO,Toronto,PUJ,Punta Cana,2026-11-22 01:30:00+00:00,2026-11-29 02:40:00+00:00,AC,7976,376,USD,1,,2026-10-04 04:26:17.656286+00:00,travelpayouts,round_trip,prices_for_dates,1560
YTO,Toronto,PUJ,Punta Cana,2026-12-02 00:00:00+00:00,,,,201,USD,0,,2026-10-04 04:26:18.639857+00:00,travelpayouts,one_way,month-matrix,282
YTO,Toronto,PUJ,Punta Cana,2026-12-03 00:00:00+00:00,,,,218,USD,0,,2026-10-04 04:26:18.639857+00:00,travelpayouts,one_way,month-matrix,0
YTO,Toronto,PUJ,Punta Cana,2026-12-04 00:00:00+00:00,,,,218,USD,0,,2026-10-04 04:26:18.639857+00:00,travelpayouts,one_way,month-matrix,0
YTO,Toronto,PUJ,Punta Cana,2026-12-05 00:00:00+00:00,,,,218,USD,0,,2026-10-04 04:26:18.639857+00:00,travelpayouts,one_way,month-matrix,0
YTO,Toronto,PUJ,Punta Cana,2026-12-06 00:00:00+00:00,,,,218,USD,0,,2026-10-04 04:26:18.639857+00:00,travelpayouts,one_way,month-matrix,0
YTO,Toronto,PUJ,Punta Cana,2026-12-07 00:00:00+00:00,,,,218,USD,0,,2026-10-04 04:26:18.639857+00:00,travelpayouts,one_way,month-matrix,0
YTO,Toronto,PUJ,Punta Cana,2026-12-08 00:00:00+00:00,,,,218,USD,0,,2026-10-04 04:26:18.639857+00:00,travelpayouts,one_way,month-matrix,0
YTO,Toronto,PUJ,Punta Cana,2026-12-09 00:00:00+00:00,,,,218,USD,0,,2026-10-04 04:26:18.639857+00:00,travelpayouts,one_way,month-matrix,0
YTO,Toronto,PUJ,Punta Cana,2026-12-10 00:00:00+00:00,,,,218,USD,0,,2026-10-04 04:26:18.639857+00:00,travelpayouts,one_way,month-matrix,0
YTO,Toronto,PUJ,Punta Cana,2026-12-11 00:00:00+00:00,,,,218,USD,0,,2026-10-04 04:26:18.639857+00:00,travelpayouts,one_way,month-matrix,0
YTO,Toronto,PUJ,Punta Cana,2026-12-12 00:00:00+00:00,,,,218,USD,0,,2026-10-04 04:26:18.639857+00:00,travelpayouts,one_way,month-matrix,0
YTO,Toronto,PUJ,Punta Cana,2026-12-13 00:00:00+00:00,,,,218,USD,0,,2026-10-04 04:26:18.639857+00:00,travelpayouts,one_way,month-matrix,0
YTO,Toronto,PUJ,Punta Cana,2026-12-01 00:00:00+00:00,,,,220,USD,0,,2026-10-04 04:26:18.639857+00:00,travelpayouts,one_way,month-matrix,260
YTO,Toronto,PUJ,Punta Cana,2026-12-14 00:00:00+00:00,,,,235,USD,0,,2026-10-04 04:26:18.639857+00:00,travelpayouts,one_way,month-matrix,280
YTO,Toronto,PUJ,Punta Cana,2026-12-15 00:00:00+00:00,,,,331,USD,0,,2026-10-04 04:26:18.639857+00:00,travelpayouts,one_way,month-matrix,0
YTO,Toronto,PUJ,Punta Cana,2026-12-16 00:00:00+00:00,,,,331,USD,0,,2026-10-04 04:26:18.639857+00:00,travelpayouts,one_way,month-matrix,0
YTO,Toronto,PUJ,Punta Cana,2026-12-17 00:00:00+00:00,,,,331,USD,0,,2026-10-04 04:26:18.639857+00:00,travelpayouts,one_way,month-matrix,0
YTO,Toronto,PUJ,Punta Cana,2026-12-18 00:00:00+00:00,,,,331,USD,0,,2026-10-04 04:26:18.639857+00:00,travelpayouts,one_way,month-matrix,0
YTO,Toronto,PUJ,Punta Cana,2026-12-19 00:00:00+00:00,,,,331,USD,0,,2026-10-04 04:26:18.639857+00:00,travelpayouts,one_way,month-matrix,0
YTO,Toronto,PUJ,Punta Cana,2026-12-20 00:00:00+00:00,,,,331,USD,0,,2026-10-04 04:26:18.639857+00:00,travelpayouts,one_way,month-matrix,0
YTO,Toronto,PUJ,Punta Cana,2026-12-21 00:00:00+00:00,,,,331,USD,0,,2026-10-04 04:26:18.639857+00:00,travelpayouts,one_way,month-matrix,0
YTO,Toronto,PUJ,Punta Cana,2026-12-22 00:00:00+00:00,,,,331,USD,0,,2026-10-04 04:26:18.639857+00:00,travelpayouts,one_way,month-matrix,0
YTO,Toronto,PUJ,Punta Cana,2026-12-23 00:00:00+00:00,,,,428,USD,1,,2026-10-04 04:26:18.639857+00:00,travelpayouts,one_way,month-matrix,840
YTO,Toronto,PUJ,Punta Cana,2026-12-02 11:30:00+00:00,,DM,5863,201,USD,0,,2026-10-04 04:26:19.169523+00:00,travelpayouts,one_way,prices_for_dates,282
YTO,Toronto,PUJ,Punta Cana,2026-12-01 19:00:00+00:00,,TS,286,220,USD,0,,2026-10-04 04:26:19.169523+00:00,travelpayouts,one_way,prices_for_dates,260
YTO,Toronto,PUJ,Punta Cana,2026-12-14 21:00:00+00:00,,AC,1798,235,USD,0,,2026-10-04 04:26:19.169523+00:00,travelpayouts,one_way,prices_for_dates,280
YTO,Toronto,PUJ,Punta Cana,2026-12-24 04:30:00+00:00,,PD,7868,428,USD,1,,2026-10-04 04:26:19.169523+00:00,travelpayouts,one_way,prices_for_dates,840
YTO,Toronto,PUJ,Punta Cana,2026-12-07 00:00:00+00:00,2026-12-14 00:00:00+00:00,,,311,USD,2,,2026-10-04 04:26:20.210704+00:00,travelpayouts,round_trip,month-matrix,1140
YTO,Toronto,PUJ,Punta Cana,2026-12-31 00:00:00+00:00,2027-01-17 00:00:00+00:00,,,313,USD,0,,2026-10-04 04:26:20.210704+00:00,travelpayouts,round_trip,month-matrix,561
YTO,Toronto,PUJ,Punta Cana,2026-12-31 00:00:00+00:00,2027-01-09 00:00:00+00:00,,,360,USD,0,,2026-10-04 04:26:20.210704+00:00,travelpayouts,round_trip,month-matrix,0
YTO,Toronto,PUJ,Punta Cana,2026-12-31 00:00:00+00:00,2027-01-10 00:00:00+00:00,,,360,USD,0,,2026-10-04 04:26:20.210704+00:00,travelpayouts,round_trip,month-matrix,0
YTO,Toronto,PUJ,Punta Cana,2026-12-31 00:00:00+00:00,2027-01-11 00:00:00+00:00,,,360,USD,0,,2026-10-04 04:26:20.210704+00:00,travelpayouts,round_trip,month-matrix,0
YTO,Toronto,PUJ,Punta Cana,2026-12-31 00:00:00+00:00,2027-01-12 00:00:00+00:00,,,360,USD,0,,2026-10-04 04:26:20.210704+00:00,travelpayouts,round_trip,month-matrix,0
YTO,Toronto,PUJ,Punta Cana,2026-12-31 00:00:00+00:00,2027-01-13 00:00:00+00:00,,,360,USD,0,,2026-10-04 04:26:20.210704+00:00,travelpayouts,round_trip,month-matrix,0
YTO,Toronto,PUJ,Punta Cana,2026-12-31 00:00:00+00:00,2027-01-14 00:00:00+00:00,,,360,USD,0,,2026-10-04 04:26:20.210704+00:00,travelpayouts,round_trip,month-matrix,0
YTO,Toronto,PUJ,Punta Cana,2026-12-31 00:00:00+00:00,2027-01-15 00:00:00+00:00,,,360,USD,0,,2026-10-04 04:26:20.210704+00:00,travelpayouts,round_trip,month-matrix,0
YTO,Toronto,PUJ,Punta Cana,2026-12-31 00:00:00+00:00,2027-01-16 00:00:00+00:00,,,360,USD,0,,2026-10-04 04:26:20.210704+00:00,travelpayouts,round_trip,month-matrix,0
YTO,Toronto,PUJ,Punta Cana,2026-12-15 00:00:00+00:00,2026-12-22 00:00:00+00:00,,,361,USD,0,,2026-10-04 04:26:20.210704+00:00,travelpayouts,round_trip,month-matrix,546
YTO,Toronto,PUJ,Punta Cana,2026-12-01 00:00:00+00:00,2026-12-04 00:00:00+00:00,,,393,USD,0,,2026-10-04 04:26:20.210704+00:00,travelpayouts,round_trip,month-matrix,535
YTO,Toronto,PUJ,Punta Cana,2026-12-31 00:00:00+00:00,2027-01-08 00:00:00+00:00,,,406,USD,0,,2026-10-04 04:26:20.210704+00:00,travelpayouts,round_trip,month-matrix,565
YTO,Toronto,PUJ,Punta Cana,2026-12-04 00:00:00+00:00,2026-12-11 00:00:00+00:00,,,440,USD,1,,2026-10-04 04:26:20.210704+00:00,travelpayouts,round_trip,month-matrix,2128
YTO,Toronto,PUJ,Punta Cana,2026-12-21 00:00:00+00:00,2026-12-28 00:00:00+00:00,,,696,USD,1,,2026-10-04 04:26:20.210704+00:00,travelpayouts,round_trip,month-matrix,1336
YTO,Toronto,PUJ,Punta Cana,2026-12-27 00:00:00+00:00,2027-01-04 00:00:00+00:00,,,1021,USD,0,,2026-10-04 04:26:20.210704+00:00,travelpayouts,round_trip,month-matrix,565
YTO,Toronto,PUJ,Punta Cana,2026-12-19 00:00:00+00:00,2027-01-03 00:00:00+00:00,,,1046,USD,1,,2026-10-04 04:26:20.210704+00:00,travelpayouts,round_trip,month-matrix,1613
YTO,Toronto,PUJ,Punta Cana,2026-12-07 13:20:00+00:00,2026-12-15 02:40:00+00:00,AC,7862,311,USD,2,,2026-10-04 04:26:20.743371+00:00,travelpayouts,round_trip,prices_for_dates,1140
YTO,Toronto,PUJ,Punta Cana,2026-12-31 14:00:00+00:00,2027-01-18 00:04:00+00:00,F8,2634,313,USD,0,,2026-10-04 04:26:20.743371+00:00,travelpayouts,round_trip,prices_for_dates,561
YTO,Toronto,PUJ,Punta Cana,2026-12-15 19:00:00+00:00,2026-12-23 00:04:00+00:00,TS,286,361,USD,0,,2026-10-04 04:26:20.743371+00:00,travelpayouts,round_trip,prices_for_dates,546
YTO,Toronto,PUJ,Punta Cana,2026-12-01 19:00:00+00:00,2026-12-05 01:25:00+00:00,TS,286,393,USD,0,,2026-10-04 04:26:20.743371+00:00,travelpayouts,round_trip,prices_for_dates,535
YTO,Toronto,PUJ,Punta Cana,2026-12-31 14:00:00+00:00,2027-01-08 19:35:00+00:00,F8,2634,406,USD,0,,2026-10-04 04:26:20.743371+00:00,travelpayouts,round_trip,prices_for_dates,565
YTO,Toronto,PUJ,Punta Cana,2026-12-05 00:44:00+00:00,2026-12-11 23:30:00+00:00,UA,3466,440,USD,1,,2026-10-04 04:26:20.743371+00:00,travelpayouts,round_trip,prices_for_dates,2128
YTO,Toronto,PUJ,Punta Cana,2026-12-21 20:20:00+00:00,2026-12-28 23:45:00+00:00,AC,7972,696,USD,1,,2026-10-04 04:26:20.743371+00:00,travelpayouts,round_trip,prices_for_dates,1336
YTO,Toronto,PUJ,Punta Cana,2026-12-27 05:40:00+00:00,2027-01-04 18:05:00+00:00,WS,2108,1021,USD,0,,2026-10-04 04:26:20.743371+00:00,travelpayouts,round_trip,prices_for_dates,565
YTO,Toronto,PUJ,Punta Cana,2026-12-19 11:20:00+00:00,2027-01-04 03:55:00+00:00,AC,480,1046,USD,1,,2026-10-04 04:26:20.743371+00:00,travelpayouts,round_trip,prices_for_dates,1613
YTO,Toronto,PUJ,Punta Cana,2027-01-02 00:00:00+00:00,,,,164,USD,0,,2026-10-04 04:26:21.786232+00:00,travelpayouts,one_way,month-matrix,275
YTO,Toronto,PUJ,Punta Cana,2027-01-03 00:00:00+00:00,,,,165,USD,0,,2026-10-04 04:26:21.786232+00:00,travelpayouts,one_way,month-matrix,0
YTO,Toronto,PUJ,Punta Cana,2027-01-04 00:00:00+00:00,,,,165,USD,0,,2026-10-04 04:26:21.786232+00:00,travelpayouts,one_way,month-matrix,0
YTO,Toronto,PUJ,Punta Cana,2027-01-05 00:00:00+00:00,,,,165,USD,0,,2026-10-04 04:26:21.786232+00:00,travelpayouts,one_way,month-matrix,0
YTO,Toronto,PUJ,Punta Cana,2027-01-06 00:00:00+00:00,,,,165,USD,0,,2026-10-04 04:26:21.786232+00:00,travelpayouts,one_way,month-matrix,0
YTO,Toronto,PUJ,Punta Cana,2027-01-07 00:00:00+00:00,,,,165,USD,0,,2026-10-04 04:26:21.786232+00:00,travelpayouts,one_way,month-matrix,0
YTO,Toronto,PUJ,Punta Cana,2027-01-08 00:00:00+00:00,,,,165,USD,0,,2026-10-04 04:26:21.786232+00:00,travelpayouts,one_way,month-matrix,0
YTO,Toronto,PUJ,Punta Cana,2027-01-09 00:00:00+00:00,,,,165,USD,0,,2026-10-04 04:26:21.786232+00:00,travelpayouts,one_way,month-matrix,0
YTO,Toronto,PUJ,Punta Cana,2027-01-10 00:00:00+00:00,,,,165,USD,0,,2026-10-04 04:26:21.786232+00:00,travelpayouts,one_way,month-matrix,0
YTO,Toronto,PUJ,Punta Cana,2027-01-11 00:00:00+00:00,,,,165,USD,0,,2026-10-04 04:26:21.786232+00:00,travelpayouts,one_way,month-matrix,0
YTO,Toronto,PUJ,Punta Cana,2027-01-12 00:00:00+00:00,,,,165,USD,0,,2026-10-04 04:26:21.786232+00:00,travelpayouts,one_way,month-matrix,0
YTO,Toronto,PUJ,Punta Cana,2027-01-13 00:00:00+00:00,,,,165,USD,0,,2026-10-04 04:26:21.786232+00:00,travelpayouts,one_way,month-matrix,0
YTO,Toronto,PUJ,Punta Cana,2027-01-14 00:00:00+00:00,,,,165,USD,0,,2026-10-04 04:26:21.786232+00:00,travelpayouts,one_way,month-matrix,0
YTO,Toronto,PUJ,Punta Cana,2027-01-15 00:00:00+00:00,,,,165,USD,0,,2026-10-04 04:26:21.786232+00:00,travelpayouts,one_way,month-matrix,0
YTO,Toronto,PUJ,Punta Cana,2027-01-16 00:00:00+00:00,,,,165,USD,0,,2026-10-04 04:26:21.786232+00:00,travelpayouts,one_way,month-matrix,0
YTO,Toronto,PUJ,Punta Cana,2027-01-17 00:00:00+00:00,,,,165,USD,0,,2026-10-04 04:26:21.786232+00:00,travelpayouts,one_way,month-matrix,0
YTO,Toronto,PUJ,Punta Cana,2027-01-18 00:00:00+00:00,,,,165,USD,0,,2026-10-04 04:26:21.786232+00:00,travelpayouts,one_way,month-matrix,0
YTO,Toronto,PUJ,Punta Cana,2027-01-19 00:00:00+00:00,,,,165,USD,0,,2026-10-04 04:26:21.786232+00:00,travelpayouts,one_way,month-matrix,0
YTO,Toronto,PUJ,Punta Cana,2027-01-20 00:00:00+00:00,,,,165,USD,0,,2026-10-04 04:26:21.786232+00:00,travelpayouts,one_way,month-matrix,0
YTO,Toronto,PUJ,Punta Cana,2027-01-21 00:00:00+00:00,,,,166,USD,0,,2026-10-04 04:26:21.786232+00:00,travelpayouts,one_way,month-matrix,275
YTO,Toronto,PUJ,Punta Cana,2027-01-02 18:40:00+00:00,,F8,2632,164,USD,0,,2026-10-04 04:26:22.300767+00:00,travelpayouts,one_way,prices_for_dates,275
YTO,Toronto,PUJ,Punta Cana,2027-01-21 14:00:00+00:00,,F8,2634,166,USD,0,,2026-10-04 04:26:22.300767+00:00,travelpayouts,one_way,prices_for_dates,275
YTO,Toronto,PUJ,Punta Cana,2027-01-20 00:00:00+00:00,2027-01-28 00:00:00+00:00,,,372,USD,0,,2026-10-04 04:26:23.357475+00:00,travelpayouts,round_trip,month-matrix,568
YTO,Toronto,PUJ,Punta Cana,2027-01-02 00:00:00+00:00,2027-01-10 00:00:00+00:00,,,379,USD,0,,2026-10-04 04:26:23.357475+00:00,travelpayouts,round_trip,month-matrix,565
YTO,Toronto,PUJ,Punta Cana,2027-01-01 00:00:00+00:00,2027-01-10 00:00:00+00:00,,,382,USD,0,,2026-10-04 04:26:23.357475+00:00,travelpayouts,round_trip,month-matrix,565
YTO,Toronto,PUJ,Punta Cana,2027-01-01 00:00:00+00:00,2027-01-09 00:00:00+00:00,,,384,USD,0,,2026-10-04 04:26:23.357475+00:00,travelpayouts,round_trip,month-matrix,0
YTO,Toronto,PUJ,Punta Cana,2027-01-01 00:00:00+00:00,2027-01-08 00:00:00+00:00,,,386,USD,0,,2026-10-04 04:26:23.357475+00:00,travelpayouts,round_trip,month-matrix,565
YTO,Toronto,PUJ,Punta Cana,2027-01-20 11:30:00+00:00,2027-01-29 00:04:00+00:00,DM,5863,372,USD,0,,2026-10-04 04:26:23.901977+00:00,travelpayouts,round_trip,prices_for_dates,568
YTO,Toronto,PUJ,Punta Cana,2027-01-02 18:40:00+00:00,2027-01-10 19:35:00+00:00,F8,2632,379,USD,0,,2026-10-04 04:26:23.901977+00:00,travelpayouts,round_trip,prices_for_dates,565
YTO,Toronto,PUJ,Punta Cana,2027-01-01 14:00:00+00:00,2027-01-10 19:35:00+00:00,F8,2634,382,USD,0,,2026-10-04 04:26:23.901977+00:00,travelpayouts,round_trip,prices_for_dates,565
YTO,Toronto,PUJ,Punta Cana,2027-01-01 14:00:00+00:00,2027-01-08 19:35:00+00:00,F8,2634,386,USD,0,,2026-10-04 04:26:23.901977+00:00,travelpayouts,round_trip,prices_for_dates,565
YTO,Toronto,LAX,Los Angeles,2026-10-27 00:00:00+00:00,,,,245,USD,0,,2026-10-04 04:26:39.148253+00:00,travelpayouts,one_way,month-matrix,339
YTO,Toronto,LAX,Los Angeles,2026-10-16 00:00:00+00:00,,,,277,USD,0,,2026-10-04 04:26:39.148253+00:00,travelpayouts,one_way,month-matrix,0
YTO,Toronto,LAX,Los Angeles,2026-10-17 00:00:00+00:00,,,,277,USD,0,,2026-10-04 04:26:39.148253+00:00,travelpayouts,one_way,month-matrix,0
YTO,Toronto,LAX,Los Angeles,2026-10-18 00:00:00+00:00,,,,277,USD,0,,2026-10-04 04:26:39.148253+00:00,travelpayouts,one_way,month-matrix,0
YTO,Toronto,LAX,Los Angeles,2026-10-19 00:00:00+00:00,,,,277,USD,0,,2026-10-04 04:26:39.148253+00:00,travelpayouts,one_way,month-matrix,0
YTO,Toronto,LAX,Los Angeles,2026-10-20 00:00:00+00:00,,,,277,USD,0,,2026-10-04 04:26:39.148253+00:00,travelpayouts,one_way,month-matrix,0
YTO,Toronto,LAX,Los Angeles,2026-10-21 00:00:00+00:00,,,,277,USD,0,,2026-10-04 04:26:39.148253+00:00,travelpayouts,one_way,month-matrix,0
YTO,Toronto,LAX,Los Angeles,2026-10-22 00:00:00+00:00,,,,277,USD,0,,2026-10-04 04:26:39.148253+00:00,travelpayouts,one_way,month-matrix,0
YTO,Toronto,LAX,Los Angeles,2026-10-23 00:00:00+00:00,,,,277,USD,0,,2026-10-04 04:26:39.148253+00:00,travelpayouts,one_way,month-matrix,0
YTO,Toronto,LAX,Los Angeles,2026-10-24 00:00:00+00:00,,,,277,USD,0,,2026-10-04 04:26:39.148253+00:00,travelpayouts,one_way,month-matrix,0
YTO,Toronto,LAX,Los Angeles,2026-10-25 00:00:00+00:00,,,,277,USD,0,,2026-10-04 04:26:39.148253+00:00,travelpayouts,one_way,month-matrix,0
YTO,Toronto,LAX,Los Angeles,2026-10-26 00:00:00+00:00,,,,277,USD,0,,2026-10-04 04:26:39.148253+00:00,travelpayouts,one_way,month-matrix,0
YTO,Toronto,LAX,Los Angeles,2026-10-15 00:00:00+00:00,,,,309,USD,1,,2026-10-04 04:26:39.148253+00:00,travelpayouts,one_way,month-matrix,603
YTO,Toronto,LAX,Los Angeles,2026-10-10 00:00:00+00:00,,,,313,USD,1,,2026-10-04 04:26:39.148253+00:00,travelpayouts,one_way,month-matrix,497
YTO,Toronto,LAX,Los Angeles,2026-10-07 00:00:00+00:00,,,,333,USD,1,,2026-10-04 04:26:39.148253+00:00,travelpayouts,one_way,month-matrix,530
YTO,Toronto,LAX,Los Angeles,2026-10-13 00:00:00+00:00,,,,345,USD,1,,2026-10-04 04:26:39.148253+00:00,travelpayouts,one_way,month-matrix,539
YTO,Toronto,LAX,Los Angeles,2026-10-05 00:00:00+00:00,,,,351,USD,0,,2026-10-04 04:26:39.148253+00:00,travelpayouts,one_way,month-matrix,0
YTO,Toronto,LAX,Los Angeles,2026-10-06 00:00:00+00:00,,,,351,USD,0,,2026-10-04 04:26:39.148253+00:00,travelpayouts,one_way,month-matrix,0
YTO,Toronto,LAX,Los Angeles,2026-10-04 00:00:00+00:00,,,,370,USD,2,,2026-10-04 04:26:39.148253+00:00,travelpayouts,one_way,month-matrix,678
YTO,Toronto,LAX,Los Angeles,2026-10-14 00:00:00+00:00,,,,392,USD,1,,2026-10-04 04:26:39.148253+00:00,travelpayouts,one_way,month-matrix,555
YTO,Toronto,LAX,Los Angeles,2026-10-27 13:55:00+00:00,,PD,663,245,USD,0,,2026-10-04 04:26:39.615736+00:00,travelpayouts,one_way,prices_for_dates,339
YTO,Toronto,LAX,Los Angeles,2026-10-15 20:55:00+00:00,,AS,391,309,USD,1,,2026-10-04 04:26:39.615736+00:00,travelpayouts,one_way,prices_for_dates,603
YTO,Toronto,LAX,Los Angeles,2026-10-10 18:59:00+00:00,,AA,1993,313,USD,1,,2026-10-04 04:26:39.615736+00:00,travelpayouts,one_way,prices_for_dates,497
YTO,Toronto,LAX,Los Angeles,2026-10-07 10:46:00+00:00,,AA,1169,333,USD,1,,2026-10-04 04:26:39.615736+00:00,travelpayouts,one_way,prices_for_dates,530
YTO,Toronto,LAX,Los Angeles,2026-10-13 19:14:00+00:00,,AA,3608,345,USD,1,,2026-10-04 04:26:39.615736+00:00,travelpayouts,one_way,prices_for_dates,539
YTO,Toronto,LAX,Los Angeles,2026-10-04 11:00:00+00:00,,UA,1612,370,USD,2,,2026-10-04 04:26:39.615736+00:00,travelpayouts,one_way,prices_for_dates,678
YTO,Toronto,LAX,Los Angeles,2026-10-14 19:50:00+00:00,,WS,645,392,USD,1,,2026-10-04 04:26:39.615736+00:00,travelpayouts,one_way,prices_for_dates,555
YTO,Toronto,LAX,Los Angeles,2026-10-13 00:00:00+00:00,,,,332,USD,1,,2026-10-04 04:26:40.127045+00:00,travelpayouts,one_way,latest,603
YTO,Toronto,LAX,Los Angeles,2026-10-10 00:00:00+00:00,,,,341,USD,1,,2026-10-04 04:26:40.127045+00:00,travelpayouts,one_way,latest,497
YTO,Toronto,LAX,Los Angeles,2026-10-30 00:00:00+00:00,2026-11-05 00:00:00+00:00,,,327,USD,1,,2026-10-04 04:26:40.660071+00:00,travelpayouts,round_trip,month-matrix,892
YTO,Toronto,LAX,Los Angeles,2026-10-27 00:00:00+00:00,2026-11-01 00:00:00+00:00,,,468,USD,0,,2026-10-04 04:26:40.660071+00:00,travelpayouts,round_trip,month-matrix,622
YTO,Toronto,LAX,Los Angeles,2026-10-27 00:00:00+00:00,2026-10-31 00:00:00+00:00,,,474,USD,2,,2026-10-04 04:26:40.660071+00:00,travelpayouts,round_trip,month-matrix,1179
YTO,Toronto,LAX,Los Angeles,2026-10-24 00:00:00+00:00,2026-11-02 00:00:00+00:00,,,480,USD,1,,2026-10-04 04:26:40.660071+00:00,travelpayouts,round_trip,month-matrix,978
YTO,Toronto,LAX,Los Angeles,2026-10-16 00:00:00+00:00,2026-10-19 00:00:00+00:00,,,526,USD,1,,2026-10-04 04:26:40.660071+00:00,travelpayouts,round_trip,month-matrix,750
YTO,Toronto,LAX,Los Angeles,2026-10-30 10:45:00+00:00,2026-11-05 14:00:00+00:00,AC,5141,327,USD,1,,2026-10-04 04:26:41.180882+00:00,travelpayouts,round_trip,prices_for_dates,892
YTO,Toronto,LAX,Los Angeles,2026-10-27 13:55:00+00:00,2026-11-01 21:35:00+00:00,PD,663,468,USD,0,,2026-10-04 04:26:41.180882+00:00,travelpayouts,round_trip,prices_for_dates,622
YTO,Toronto,LAX,Los Angeles,2026-10-27 10:46:00+00:00,2026-10-31 19:01:00+00:00,AA,1169,474,USD,2,,2026-10-04 04:26:41.180882+00:00,travelpayouts,round_trip,prices_for_dates,1179
YTO,Toronto,LAX,Los Angeles,2026-10-24 11:00:00+00:00,2026-11-03 01:35:00+00:00,UA,1612,480,USD,1,,2026-10-04 04:26:41.180882+00:00,travelpayouts,round_trip,prices_for_dates,978
YTO,Toronto,LAX,Los Angeles,2026-10-16 15:05:00+00:00,2026-10-19 14:30:00+00:00,PD,663,535,USD,0,,2026-10-04 04:26:41.180882+00:00,travelpayouts,round_trip,prices_for_dates,1190
YTO,Toronto,LAX,Los Angeles,2026-11-26 00:00:00+00:00,,,,234,USD,0,,2026-10-04 04:26:42.222398+00:00,travelpayouts,one_way,month-matrix,339
YTO,Toronto,LAX,Los Angeles,2026-11-16 00:00:00+00:00,,,,236,USD,0,,2026-10-04 04:26:42.222398+00:00,travelpayouts,one_way,month-matrix,0
YTO,Toronto,LAX,Los Angeles,2026-11-17 00:00:00+00:00,,,,236,USD,0,,2026-10-04 04:26:42.222398+00:00,travelpayouts,one_way,month-matrix,0
YTO,Toronto,LAX,Los Angeles,2026-11-18 00:00:00+00:00,,,,236,USD,0,,2026-10-04 04:26:42.222398+00:00,travelpayouts,one_way,month-matrix,0
YTO,Toronto,LAX,Los Angeles,2026-11-19 00:00:00+00:00,,,,236,USD,0,,2026-10-04 04:26:42.222398+00:00,travelpayouts,one_way,month-matrix,0
YTO,Toronto,LAX,Los Angeles,2026-11-20 00:00:00+00:00,,,,236,USD,0,,2026-10-04 04:26:42.222398+00:00,travelpayouts,one_way,month-matrix,0
YTO,Toronto,LAX,Los Angeles,2026-11-21 00:00:00+00:00,,,,236,USD,0,,2026-10-04 04:26:42.222398+00:00,travelpayouts,one_way,month-matrix,0
YTO,Toronto,LAX,Los Angeles,2026-11-22 00:00:00+00:00,,,,236,USD,0,,2026-10-04 04:26:42.222398+00:00,travelpayouts,one_way,month-matrix,0
YTO,Toronto,LAX,Los Angeles,2026-11-23 00:00:00+00:00,,,,236,USD,0,,2026-10-04 04:26:42.222398+00:00,travelpayouts,one_way,month-matrix,0
YTO,Toronto,LAX,Los Angeles,2026-11-24 00:00:00+00:00,,,,236,USD,0,,2026-10-04 04:26:42.222398+00:00,travelpayouts,one_way,month-matrix,0
YTO,Toronto,LAX,Los Angeles,2026-11-25 00:00:00+00:00,,,,236,USD,0,,2026-10-04 04:26:42.222398+00:00,travelpayouts,one_way,month-matrix,0
YTO,Toronto,LAX,Los Angeles,2026-11-15 00:00:00+00:00,,,,239,USD,0,,2026-10-04 04:26:42.222398+00:00,travelpayouts,one_way,month-matrix,339
YTO,Toronto,LAX,Los Angeles,2026-11-26 14:55:00+00:00,,PD,663,234,USD,0,,2026-10-04 04:26:42.750803+00:00,travelpayouts,one_way,prices_for_dates,339
YTO,Toronto,LAX,Los Angeles,2026-11-15 14:55:00+00:00,,PD,663,239,USD,0,,2026-10-04 04:26:42.750803+00:00,travelpayouts,one_way,prices_for_dates,339
YTO,Toronto,LAX,Los Angeles,2026-11-14 00:00:00+00:00,2026-11-16 00:00:00+00:00,,,407,USD,0,,2026-10-04 04:26:43.800734+00:00,travelpayouts,round_trip,month-matrix,620
YTO,Toronto,LAX,Los Angeles,2026-11-14 19:05:00+00:00,2026-11-17 01:35:00+00:00,AC,789,407,USD,0,,2026-10-04 04:26:44.331229+00:00,travelpayouts,round_trip,prices_for_dates,620
YTO,Toronto,LAX,Los Angeles,2026-12-19 00:00:00+00:00,,,,290,USD,1,,2026-10-04 04:26:45.411826+00:00,travelpayouts,one_way,month-matrix,514
YTO,Toronto,LAX,Los Angeles,2026-12-19 21:35:00+00:00,,P3,2705,290,USD,1,,2026-10-04 04:26:45.902685+00:00,travelpayouts,one_way,prices_for_dates,514
YTO,Toronto,LAX,Los Angeles,2026-12-15 00:00:00+00:00,2026-12-19 00:00:00+00:00,,,467,USD,2,,2026-10-04 04:26:47.006828+00:00,travelpayouts,round_trip,month-matrix,1625
YTO,Toronto,LAX,Los Angeles,2026-12-15 12:00:00+00:00,2026-12-20 01:00:00+00:00,WS,433,467,USD,2,,2026-10-04 04:26:47.503663+00:00,travelpayouts,round_trip,prices_for_dates,1625
YTO,Toronto,LAX,Los Angeles,2027-01-12 00:00:00+00:00,,,,174,USD,1,,2026-10-04 04:26:48.522428+00:00,travelpayouts,one_way,month-matrix,484
YTO,Toronto,LAX,Los Angeles,2027-01-12 21:10:00+00:00,,UA,1810,174,USD,1,,2026-10-04 04:26:49.069383+00:00,travelpayouts,one_way,prices_for_dates,484
YTO,Toronto,LAX,Los Angeles,2027-01-12 00:00:00+00:00,2027-01-26 00:00:00+00:00,,,299,USD,1,,2026-10-04 04:26:50.290422+00:00,travelpayouts,round_trip,month-matrix,923
YTO,Toronto,LAX,Los Angeles,2027-01-19 00:00:00+00:00,2027-02-02 00:00:00+00:00,,,409,USD,2,,2026-10-04 04:26:50.290422+00:00,travelpayouts,round_trip,month-matrix,1219
YTO,Toronto,LAX,Los Angeles,2027-01-20 00:00:00+00:00,2027-01-28 00:00:00+00:00,,,436,USD,1,,2026-10-04 04:26:50.290422+00:00,travelpayouts,round_trip,month-matrix,1135
YTO,Toronto,LAX,Los Angeles,2027-01-12 22:55:00+00:00,2027-01-26 14:00:00+00:00,UA,2807,299,USD,1,,2026-10-04 04:26:50.752653+00:00,travelpayouts,round_trip,prices_for_dates,923
YTO,Toronto,LAX,Los Angeles,2027-01-19 20:20:00+00:00,2027-02-02 17:35:00+00:00,AA,3608,409,USD,1,,2026-10-04 04:26:50.752653+00:00,travelpayouts,round_trip,prices_for_dates,1219
YTO,Toronto,LAX,Los Angeles,2027-01-20 14:35:00+00:00,2027-01-28 15:00:00+00:00,WS,655,436,USD,1,,2026-10-04 04:26:50.752653+00:00,travelpayouts,round_trip,prices_for_dates,1135
YTO,Toronto,AMS,Amsterdam,2026-10-11 00:00:00+00:00,,,,235,USD,1,,2026-10-04 04:27:04.285078+00:00,travelpayouts,one_way,month-matrix,1670
YTO,Toronto,AMS,Amsterdam,2026-10-12 00:00:00+00:00,,,,266,USD,0,,2026-10-04 04:27:04.285078+00:00,travelpayouts,one_way,month-matrix,0
YTO,Toronto,AMS,Amsterdam,2026-10-13 00:00:00+00:00,,,,266,USD,0,,2026-10-04 04:27:04.285078+00:00,travelpayouts,one_way,month-matrix,0
YTO,Toronto,AMS,Amsterdam,2026-10-14 00:00:00+00:00,,,,297,USD,0,,2026-10-04 04:27:04.285078+00:00,travelpayouts,one_way,month-matrix,445
YTO,Toronto,AMS,Amsterdam,2026-10-10 00:00:00+00:00,,,,312,USD,0,,2026-10-04 04:27:04.285078+00:00,travelpayouts,one_way,month-matrix,0
YTO,Toronto,AMS,Amsterdam,2026-10-04 00:00:00+00:00,,,,321,USD,0,,2026-10-04 04:27:04.285078+00:00,travelpayouts,one_way,month-matrix,445
YTO,Toronto,AMS,Amsterdam,2026-10-15 00:00:00+00:00,,,,348,USD,0,,2026-10-04 04:27:04.285078+00:00,travelpayouts,one_way,month-matrix,0
YTO,Toronto,AMS,Amsterdam,2026-10-16 00:00:00+00:00,,,,348,USD,0,,2026-10-04 04:27:04.285078+00:00,travelpayouts,one_way,month-matrix,0
YTO,Toronto,AMS,Amsterdam,2026-10-17 00:00:00+00:00,,,,348,USD,0,,2026-10-04 04:27:04.285078+00:00,travelpayouts,one_way,month-matrix,0
YTO,Toronto,AMS,Amsterdam,2026-10-18 00:00:00+00:00,,,,348,USD,0,,2026-10-04 04:27:04.285078+00:00,travelpayouts,one_way,month-matrix,0
YTO,Toronto,AMS,Amsterdam,2026-10-19 00:00:00+00:00,,,,348,USD,0,,2026-10-04 04:27:04.285078+00:00,travelpayouts,one_way,month-matrix,0
YTO,Toronto,AMS,Amsterdam,2026-10-20 00:00:00+00:00,,,,348,USD,0,,2026-10-04 04:27:04.285078+00:00,travelpayouts,one_way,month-matrix,0
YTO,Toronto,AMS,Amsterdam,2026-10-21 00:00:00+00:00,,,,348,USD,0,,2026-10-04 04:27:04.285078+00:00,travelpayouts,one_way,month-matrix,0
YTO,Toronto,AMS,Amsterdam,2026-10-22 00:00:00+00:00,,,,348,USD,0,,2026-10-04 04:27:04.285078+00:00,travelpayouts,one_way,month-matrix,0
YTO,Toronto,AMS,Amsterdam,2026-10-23 00:00:00+00:00,,,,348,USD,0,,2026-10-04 04:27:04.285078+00:00,travelpayouts,one_way,month-matrix,0
YTO,Toronto,AMS,Amsterdam,2026-10-24 00:00:00+00:00,,,,348,USD,0,,2026-10-04 04:27:04.285078+00:00,travelpayouts,one_way,month-matrix,0
YTO,Toronto,AMS,Amsterdam,2026-10-25 00:00:00+00:00,,,,348,USD,0,,2026-10-04 04:27:04.285078+00:00,travelpayouts,one_way,month-matrix,0
YTO,Toronto,AMS,Amsterdam,2026-10-05 00:00:00+00:00,,,,349,USD,0,,2026-10-04 04:27:04.285078+00:00,travelpayouts,one_way,month-matrix,0
YTO,Toronto,AMS,Amsterdam,2026-10-06 00:00:00+00:00,,,,378,USD,2,,2026-10-04 04:27:04.285078+00:00,travelpayouts,one_way,month-matrix,1070
YTO,Toronto,AMS,Amsterdam,2026-10-07 00:00:00+00:00,,,,383,USD,0,,2026-10-04 04:27:04.285078+00:00,travelpayouts,one_way,month-matrix,0
YTO,Toronto,AMS,Amsterdam,2026-10-08 00:00:00+00:00,,,,383,USD,0,,2026-10-04 04:27:04.285078+00:00,travelpayouts,one_way,month-matrix,0
YTO,Toronto,AMS,Amsterdam,2026-10-09 00:00:00+00:00,,,,388,USD,3,,2026-10-04 04:27:04.285078+00:00,travelpayouts,one_way,month-matrix,1215
YTO,Toronto,AMS,Amsterdam,2026-10-26 00:00:00+00:00,,,,400,USD,1,,2026-10-04 04:27:04.285078+00:00,travelpayouts,one_way,month-matrix,1035
YTO,Toronto,AMS,Amsterdam,2026-10-12 03:55:00+00:00,,TS,230,235,USD,1,,2026-10-04 04:27:04.775812+00:00,travelpayouts,one_way,prices_for_dates,1670
YTO,Toronto,AMS,Amsterdam,2026-10-15 03:45:00+00:00,,TS,376,297,USD,0,,2026-10-04 04:27:04.775812+00:00,travelpayouts,one_way,prices_for_dates,445
YTO,Toronto,AMS,Amsterdam,2026-10-05 03:45:00+00:00,,TS,376,321,USD,0,,2026-10-04 04:27:04.775812+00:00,travelpayouts,one_way,prices_for_dates,445
YTO,Toronto,AMS,Amsterdam,2026-10-06 22:15:00+00:00,,WS,806,378,USD,2,,2026-10-04 04:27:04.775812+00:00,travelpayouts,one_way,prices_for_dates,1070
YTO,Toronto,AMS,Amsterdam,2026-10-09 22:20:00+00:00,,WS,780,388,USD,3,,2026-10-04 04:27:04.775812+00:00,travelpayouts,one_way,prices_for_dates,1215
YTO,Toronto,AMS,Amsterdam,2026-10-27 02:35:00+00:00,,TS,122,400,USD,1,,2026-10-04 04:27:04.775812+00:00,travelpayouts,one_way,prices_for_dates,1035
YTO,Toronto,AMS,Amsterdam,2026-10-30 00:00:00+00:00,2026-11-16 00:00:00+00:00,,,536,USD,2,,2026-10-04 04:27:05.827173+00:00,travelpayouts,round_trip,month-matrix,1615
YTO,Toronto,AMS,Amsterdam,2026-10-29 00:00:00+00:00,2026-11-15 00:00:00+00:00,,,553,USD,2,,2026-10-04 04:27:05.827173+00:00,travelpayouts,round_trip,month-matrix,2040
YTO,Toronto,AMS,Amsterdam,2026-10-30 00:00:00+00:00,2026-11-15 00:00:00+00:00,,,553,USD,2,,2026-10-04 04:27:05.827173+00:00,travelpayouts,round_trip,month-matrix,2040
YTO,Toronto,AMS,Amsterdam,2026-10-12 00:00:00+00:00,2026-10-16 00:00:00+00:00,,,566,USD,1,,2026-10-04 04:27:05.827173+00:00,travelpayouts,round_trip,month-matrix,1085
YTO,Toronto,AMS,Amsterdam,2026-10-10 00:00:00+00:00,2026-10-17 00:00:00+00:00,,,589,USD,2,,2026-10-04 04:27:05.827173+00:00,travelpayouts,round_trip,month-matrix,3245
YTO,Toronto,AMS,Amsterdam,2026-10-30 12:20:00+00:00,2026-11-16 11:05:00+00:00,AC,7862,536,USD,2,,2026-10-04 04:27:06.360360+00:00,travelpayouts,round_trip,prices_for_dates,1615
YTO,Toronto,AMS,Amsterdam,2026-10-29 12:20:00+00:00,2026-11-15 06:00:00+00:00,AC,7862,553,USD,2,,2026-10-04 04:27:06.360360+00:00,travelpayouts,round_trip,prices_for_dates,2040
YTO,Toronto,AMS,Amsterdam,2026-10-30 12:20:00+00:00,2026-11-15 06:00:00+00:00,AC,7862,553,USD,2,,2026-10-04 04:27:06.360360+00:00,travelpayouts,round_trip,prices_for_dates,2040
YTO,Toronto,AMS,Amsterdam,2026-10-13 01:55:00+00:00,2026-10-16 14:00:00+00:00,KL,696,566,USD,0,,2026-10-04 04:27:06.360360+00:00,travelpayouts,round_trip,prices_for_dates,1085
YTO,Toronto,AMS,Amsterdam,2026-10-11 01:00:00+00:00,2026-10-17 16:30:00+00:00,AC,428,589,USD,1,,2026-10-04 04:27:06.360360+00:00,travelpayouts,round_trip,prices_for_dates,3245
YTO,Toronto,AMS,Amsterdam,2026-11-25 00:00:00+00:00,,,,335,USD,3,,2026-10-04 04:27:07.400764+00:00,travelpayouts,one_way,month-matrix,1630
YTO,Toronto,AMS,Amsterdam,2026-11-26 00:00:00+00:00,,,,345,USD,0,,2026-10-04 04:27:07.400764+00:00,travelpayouts,one_way,month-matrix,0
YTO,Toronto,AMS,Amsterdam,2026-11-27 00:00:00+00:00,,,,345,USD,0,,2026-10-04 04:27:07.400764+00:00,travelpayouts,one_way,month-matrix,0
YTO,Toronto,AMS,Amsterdam,2026-11-28 00:00:00+00:00,,,,345,USD,0,,2026-10-04 04:27:07.400764+00:00,travelpayouts,one_way,month-matrix,0
YTO,Toronto,AMS,Amsterdam,2026-11-29 00:00:00+00:00,,,,355,USD,2,,2026-10-04 04:27:07.400764+00:00,travelpayouts,one_way,month-matrix,1630
YTO,Toronto,AMS,Amsterdam,2026-11-25 19:45:00+00:00,,PD,2471,335,USD,3,,2026-10-04 04:27:07.923457+00:00,travelpayouts,one_way,prices_for_dates,1630
YTO,Toronto,AMS,Amsterdam,2026-11-29 19:45:00+00:00,,PD,2471,355,USD,2,,2026-10-04 04:27:07.923457+00:00,travelpayouts,one_way,prices_for_dates,1630
YTO,Toronto,AMS,Amsterdam,2026-11-23 00:00:00+00:00,2026-12-05 00:00:00+00:00,,,423,USD,1,,2026-10-04 04:27:08.975164+00:00,travelpayouts,round_trip,month-matrix,1295
YTO,Toronto,AMS,Amsterdam,2026-11-24 00:00:00+00:00,2026-12-05 00:00:00+00:00,,,427,USD,1,,2026-10-04 04:27:08.975164+00:00,travelpayouts,round_trip,month-matrix,1740
YTO,Toronto,AMS,Amsterdam,2026-11-22 00:00:00+00:00,2026-12-05 00:00:00+00:00,,,430,USD,1,,2026-10-04 04:27:08.975164+00:00,travelpayouts,round_trip,month-matrix,1295
YTO,Toronto,AMS,Amsterdam,2026-11-07 00:00:00+00:00,2026-11-14 00:00:00+00:00,,,518,USD,0,,2026-10-04 04:27:08.975164+00:00,travelpayouts,round_trip,month-matrix,935
YTO,Toronto,AMS,Amsterdam,2026-11-24 00:40:00+00:00,2026-12-05 11:55:00+00:00,FI,602,423,USD,1,,2026-10-04 04:27:09.493876+00:00,travelpayouts,round_trip,prices_for_dates,1295
YTO,Toronto,AMS,Amsterdam,2026-11-25 00:40:00+00:00,2026-12-05 11:55:00+00:00,FI,602,427,USD,1,,2026-10-04 04:27:09.493876+00:00,travelpayouts,round_trip,prices_for_dates,1740
YTO,Toronto,AMS,Amsterdam,2026-11-23 00:40:00+00:00,2026-12-05 11:55:00+00:00,FI,602,430,USD,1,,2026-10-04 04:27:09.493876+00:00,travelpayouts,round_trip,prices_for_dates,1295
YTO,Toronto,AMS,Amsterdam,2026-11-08 01:50:00+00:00,2026-11-14 11:05:00+00:00,AC,808,518,USD,0,,2026-10-04 04:27:09.493876+00:00,travelpayouts,round_trip,prices_for_dates,935
YTO,Toronto,AMS,Amsterdam,2026-12-24 00:00:00+00:00,,,,583,USD,1,,2026-10-04 04:27:10.558129+00:00,travelpayouts,one_way,month-matrix,800
YTO,Toronto,AMS,Amsterdam,2026-12-23 00:00:00+00:00,,,,590,USD,1,,2026-10-04 04:27:10.558129+00:00,travelpayouts,one_way,month-matrix,575
YTO,Toronto,AMS,Amsterdam,2026-12-22 00:00:00+00:00,,,,613,USD,2,,2026-10-04 04:27:10.558129+00:00,travelpayouts,one_way,month-matrix,2130
YTO,Toronto,AMS,Amsterdam,2026-12-24 22:30:00+00:00,,TP,258,583,USD,1,,2026-10-04 04:27:11.066294+00:00,travelpayouts,one_way,prices_for_dates,800
YTO,Toronto,AMS,Amsterdam,2026-12-23 22:20:00+00:00,,EI,126,590,USD,1,,2026-10-04 04:27:11.066294+00:00,travelpayouts,one_way,prices_for_dates,575
YTO,Toronto,AMS,Amsterdam,2026-12-22 22:10:00+00:00,,AA,4308,613,USD,2,,2026-10-04 04:27:11.066294+00:00,travelpayouts,one_way,prices_for_dates,2130
YTO,Toronto,AMS,Amsterdam,2026-12-05 00:00:00+00:00,2026-12-19 00:00:00+00:00,,,667,USD,1,,2026-10-04 04:27:12.119155+00:00,travelpayouts,round_trip,month-matrix,1740
YTO,Toronto,AMS,Amsterdam,2026-12-25 00:00:00+00:00,2027-01-10 00:00:00+00:00,,,718,USD,1,,2026-10-04 04:27:12.119155+00:00,travelpayouts,round_trip,month-matrix,1985
YTO,Toronto,AMS,Amsterdam,2026-12-24 00:00:00+00:00,2027-01-07 00:00:00+00:00,,,724,USD,1,,2026-10-04 04:27:12.119155+00:00,travelpayouts,round_trip,month-matrix,1690
YTO,Toronto,AMS,Amsterdam,2026-12-24 00:00:00+00:00,2027-01-08 00:00:00+00:00,,,748,USD,0,,2026-10-04 04:27:12.119155+00:00,travelpayouts,round_trip,month-matrix,0
YTO,Toronto,AMS,Amsterdam,2026-12-24 00:00:00+00:00,2027-01-09 00:00:00+00:00,,,772,USD,1,,2026-10-04 04:27:12.119155+00:00,travelpayouts,round_trip,month-matrix,3140
YTO,Toronto,AMS,Amsterdam,2026-12-23 00:00:00+00:00,2027-01-10 00:00:00+00:00,,,790,USD,1,,2026-10-04 04:27:12.119155+00:00,travelpayouts,round_trip,month-matrix,2290
YTO,Toronto,AMS,Amsterdam,2026-12-23 00:00:00+00:00,2027-01-11 00:00:00+00:00,,,796,USD,2,,2026-10-04 04:27:12.119155+00:00,travelpayouts,round_trip,month-matrix,2255
YTO,Toronto,AMS,Amsterdam,2026-12-23 00:00:00+00:00,2027-01-08 00:00:00+00:00,,,820,USD,1,,2026-10-04 04:27:12.119155+00:00,travelpayouts,round_trip,month-matrix,2680
YTO,Toronto,AMS,Amsterdam,2026-12-23 00:00:00+00:00,2027-01-09 00:00:00+00:00,,,859,USD,1,,2026-10-04 04:27:12.119155+00:00,travelpayouts,round_trip,month-matrix,2570
YTO,Toronto,AMS,Amsterdam,2026-12-22 00:00:00+00:00,2027-01-08 00:00:00+00:00,,,877,USD,1,,2026-10-04 04:27:12.119155+00:00,travelpayouts,round_trip,month-matrix,1295
YTO,Toronto,AMS,Amsterdam,2026-12-22 00:00:00+00:00,2027-01-09 00:00:00+00:00,,,952,USD,1,,2026-10-04 04:27:12.119155+00:00,travelpayouts,round_trip,month-matrix,1295
YTO,Toronto,AMS,Amsterdam,2026-12-06 00:40:00+00:00,2026-12-19 11:55:00+00:00,FI,602,667,USD,1,,2026-10-04 04:27:12.635124+00:00,travelpayouts,round_trip,prices_for_dates,1740
YTO,Toronto,AMS,Amsterdam,2026-12-26 00:50:00+00:00,2027-01-10 07:55:00+00:00,AC,836,718,USD,1,,2026-10-04 04:27:12.635124+00:00,travelpayouts,round_trip,prices_for_dates,1985
YTO,Toronto,AMS,Amsterdam,2026-12-25 02:45:00+00:00,2027-01-07 12:30:00+00:00,VS,148,724,USD,1,,2026-10-04 04:27:12.635124+00:00,travelpayouts,round_trip,prices_for_dates,1690
YTO,Toronto,AMS,Amsterdam,2026-12-25 00:50:00+00:00,2027-01-09 12:40:00+00:00,AC,836,772,USD,1,,2026-10-04 04:27:12.635124+00:00,travelpayouts,round_trip,prices_for_dates,3140
YTO,Toronto,AMS,Amsterdam,2026-12-24 00:40:00+00:00,2027-01-10 19:20:00+00:00,FI,602,790,USD,1,,2026-10-04 04:27:12.635124+00:00,travelpayouts,round_trip,prices_for_dates,2290
YTO,Toronto,AMS,Amsterdam,2026-12-24 01:40:00+00:00,2027-01-11 11:05:00+00:00,AC,466,796,USD,2,,2026-10-04 04:27:12.635124+00:00,travelpayouts,round_trip,prices_for_dates,2255
YTO,Toronto,AMS,Amsterdam,2026-12-23 23:55:00+00:00,2027-01-08 07:55:00+00:00,AC,511,820,USD,1,,2026-10-04 04:27:12.635124+00:00,travelpayouts,round_trip,prices_for_dates,2680
YTO,Toronto,AMS,Amsterdam,2026-12-23 23:15:00+00:00,2027-01-09 12:05:00+00:00,AA,5886,859,USD,1,,2026-10-04 04:27:12.635124+00:00,travelpayouts,round_trip,prices_for_dates,2570
YTO,Toronto,AMS,Amsterdam,2026-12-23 00:40:00+00:00,2027-01-08 11:55:00+00:00,FI,602,877,USD,1,,2026-10-04 04:27:12.635124+00:00,travelpayouts,round_trip,prices_for_dates,1295
YTO,Toronto,AMS,Amsterdam,2026-12-23 00:40:00+00:00,2027-01-09 11:55:00+00:00,FI,602,952,USD,1,,2026-10-04 04:27:12.635124+00:00,travelpayouts,round_trip,prices_for_dates,1295
YTO,Toronto,YVR,Vancouver,2026-10-30 00:00:00+00:00,,,,110,USD,1,,2026-10-04 04:27:32.046664+00:00,travelpayouts,one_way,month-matrix,460
YTO,Toronto,YVR,Vancouver,2026-10-29 00:00:00+00:00,,,,110,USD,0,,2026-10-04 04:27:32.046664+00:00,travelpayouts,one_way,month-matrix,0
YTO,Toronto,YVR,Vancouver,2026-10-28 00:00:00+00:00,,,,110,USD,1,,2026-10-04 04:27:32.046664+00:00,travelpayouts,one_way,month-matrix,460
YTO,Toronto,YVR,Vancouver,2026-10-21 00:00:00+00:00,,,,116,USD,0,,2026-10-04 04:27:32.046664+00:00,travelpayouts,one_way,month-matrix,310
YTO,Toronto,YVR,Vancouver,2026-10-24 00:00:00+00:00,,,,119,USD,0,,2026-10-04 04:27:32.046664+00:00,travelpayouts,one_way,month-matrix,0
YTO,Toronto,YVR,Vancouver,2026-10-25 00:00:00+00:00,,,,119,USD,0,,2026-10-04 04:27:32.046664+00:00,travelpayouts,one_way,month-matrix,0
YTO,Toronto,YVR,Vancouver,2026-10-26 00:00:00+00:00,,,,119,USD,0,,2026-10-04 04:27:32.046664+00:00,travelpayouts,one_way,month-matrix,0
YTO,Toronto,YVR,Vancouver,2026-10-27 00:00:00+00:00,,,,119,USD,0,,2026-10-04 04:27:32.046664+00:00,travelpayouts,one_way,month-matrix,0
YTO,Toronto,YVR,Vancouver,2026-10-31 00:00:00+00:00,,,,125,USD,0,,2026-10-04 04:27:32.046664+00:00,travelpayouts,one_way,month-matrix,330
YTO,Toronto,YVR,Vancouver,2026-10-23 00:00:00+00:00,,,,129,USD,0,,2026-10-04 04:27:32.046664+00:00,travelpayouts,one_way,month-matrix,310
YTO,Toronto,YVR,Vancouver,2026-10-22 00:00:00+00:00,,,,149,USD,0,,2026-10-04 04:27:32.046664+00:00,travelpayouts,one_way,month-matrix,310
YTO,Toronto,YVR,Vancouver,2026-10-20 00:00:00+00:00,,,,158,USD,0,,2026-10-04 04:27:32.046664+00:00,travelpayouts,one_way,month-matrix,0
YTO,Toronto,YVR,Vancouver,2026-10-17 00:00:00+00:00,,,,184,USD,0,,2026-10-04 04:27:32.046664+00:00,travelpayouts,one_way,month-matrix,310
YTO,Toronto,YVR,Vancouver,2026-10-07 00:00:00+00:00,,,,196,USD,1,,2026-10-04 04:27:32.046664+00:00,travelpayouts,one_way,month-matrix,495
YTO,Toronto,YVR,Vancouver,2026-10-16 00:00:00+00:00,,,,197,USD,0,,2026-10-04 04:27:32.046664+00:00,travelpayouts,one_way,month-matrix,310
YTO,Toronto,YVR,Vancouver,2026-10-19 00:00:00+00:00,,,,200,USD,0,,2026-10-04 04:27:32.046664+00:00,travelpayouts,one_way,month-matrix,310
YTO,Toronto,YVR,Vancouver,2026-10-18 00:00:00+00:00,,,,206,USD,1,,2026-10-04 04:27:32.046664+00:00,travelpayouts,one_way,month-matrix,495
YTO,Toronto,YVR,Vancouver,2026-10-15 00:00:00+00:00,,,,211,USD,0,,2026-10-04 04:27:32.046664+00:00,travelpayouts,one_way,month-matrix,310
YTO,Toronto,YVR,Vancouver,2026-10-11 00:00:00+00:00,,,,213,USD,1,,2026-10-04 04:27:32.046664+00:00,travelpayouts,one_way,month-matrix,495
YTO,Toronto,YVR,Vancouver,2026-10-14 00:00:00+00:00,,,,219,USD,1,,2026-10-04 04:27:32.046664+00:00,travelpayouts,one_way,month-matrix,495
YTO,Toronto,YVR,Vancouver,2026-10-10 00:00:00+00:00,,,,235,USD,1,,2026-10-04 04:27:32.046664+00:00,travelpayouts,one_way,month-matrix,630
YTO,Toronto,YVR,Vancouver,2026-10-06 00:00:00+00:00,,,,240,USD,0,,2026-10-04 04:27:32.046664+00:00,travelpayouts,one_way,month-matrix,0
YTO,Toronto,YVR,Vancouver,2026-10-12 00:00:00+00:00,,,,250,USD,0,,2026-10-04 04:27:32.046664+00:00,travelpayouts,one_way,month-matrix,310
YTO,Toronto,YVR,Vancouver,2026-10-08 00:00:00+00:00,,,,251,USD,1,,2026-10-04 04:27:32.046664+00:00,travelpayouts,one_way,month-matrix,565
YTO,Toronto,YVR,Vancouver,2026-10-04 00:00:00+00:00,,,,254,USD,0,,2026-10-04 04:27:32.046664+00:00,travelpayouts,one_way,month-matrix,310
YTO,Toronto,YVR,Vancouver,2026-10-05 00:00:00+00:00,,,,284,USD,0,,2026-10-04 04:27:32.046664+00:00,travelpayouts,one_way,month-matrix,310
YTO,Toronto,YVR,Vancouver,2026-10-09 00:00:00+00:00,,,,307,USD,0,,2026-10-04 04:27:32.046664+00:00,travelpayouts,one_way,month-matrix,310
YTO,Toronto,YVR,Vancouver,2026-10-13 00:00:00+00:00,,,,333,USD,0,,2026-10-04 04:27:32.046664+00:00,travelpayouts,one_way,month-matrix,314
YTO,Toronto,YVR,Vancouver,2026-10-30 10:45:00+00:00,,PD,2529,110,USD,1,,2026-10-04 04:27:32.560610+00:00,travelpayouts,one_way,prices_for_dates,460
YTO,Toronto,YVR,Vancouver,2026-10-28 10:45:00+00:00,,PD,2529,110,USD,1,,2026-10-04 04:27:32.560610+00:00,travelpayouts,one_way,prices_for_dates,460
YTO,Toronto,YVR,Vancouver,2026-10-22 01:15:00+00:00,,F8,603,116,USD,0,,2026-10-04 04:27:32.560610+00:00,travelpayouts,one_way,prices_for_dates,310
YTO,Toronto,YVR,Vancouver,2026-11-01 01:00:00+00:00,,F8,613,125,USD,0,,2026-10-04 04:27:32.560610+00:00,travelpayouts,one_way,prices_for_dates,330
YTO,Toronto,YVR,Vancouver,2026-10-23 13:40:00+00:00,,F8,605,129,USD,0,,2026-10-04 04:27:32.560610+00:00,travelpayouts,one_way,prices_for_dates,310
YTO,Toronto,YVR,Vancouver,2026-10-22 13:40:00+00:00,,F8,605,149,USD,0,,2026-10-04 04:27:32.560610+00:00,travelpayouts,one_way,prices_for_dates,310
YTO,Toronto,YVR,Vancouver,2026-10-17 11:40:00+00:00,,F8,601,184,USD,0,,2026-10-04 04:27:32.560610+00:00,travelpayouts,one_way,prices_for_dates,310
YTO,Toronto,YVR,Vancouver,2026-10-07 10:05:00+00:00,,PD,2438,196,USD,1,,2026-10-04 04:27:32.560610+00:00,travelpayouts,one_way,prices_for_dates,495
YTO,Toronto,YVR,Vancouver,2026-10-16 11:40:00+00:00,,F8,601,197,USD,0,,2026-10-04 04:27:32.560610+00:00,travelpayouts,one_way,prices_for_dates,310
YTO,Toronto,YVR,Vancouver,2026-10-19 11:40:00+00:00,,F8,601,200,USD,0,,2026-10-04 04:27:32.560610+00:00,travelpayouts,one_way,prices_for_dates,310
YTO,Toronto,YVR,Vancouver,2026-10-18 10:05:00+00:00,,PD,2438,206,USD,1,,2026-10-04 04:27:32.560610+00:00,travelpayouts,one_way,prices_for_dates,495
YTO,Toronto,YVR,Vancouver,2026-10-15 23:55:00+00:00,,F8,607,211,USD,0,,2026-10-04 04:27:32.560610+00:00,travelpayouts,one_way,prices_for_dates,310
YTO,Toronto,YVR,Vancouver,2026-10-11 10:05:00+00:00,,PD,2438,213,USD,1,,2026-10-04 04:27:32.560610+00:00,travelpayouts,one_way,prices_for_dates,495
YTO,Toronto,YVR,Vancouver,2026-10-14 10:05:00+00:00,,PD,2438,219,USD,1,,2026-10-04 04:27:32.560610+00:00,travelpayouts,one_way,prices_for_dates,495
YTO,Toronto,YVR,Vancouver,2026-10-10 18:05:00+00:00,,PD,2525,235,USD,1,,2026-10-04 04:27:32.560610+00:00,travelpayouts,one_way,prices_for_dates,630
YTO,Toronto,YVR,Vancouver,2026-10-12 11:40:00+00:00,,F8,601,250,USD,0,,2026-10-04 04:27:32.560610+00:00,travelpayouts,one_way,prices_for_dates,310
YTO,Toronto,YVR,Vancouver,2026-10-08 10:10:00+00:00,,WS,437,251,USD,1,,2026-10-04 04:27:32.560610+00:00,travelpayouts,one_way,prices_for_dates,565
YTO,Toronto,YVR,Vancouver,2026-10-04 15:55:00+00:00,,F8,609,254,USD,0,,2026-10-04 04:27:32.560610+00:00,travelpayouts,one_way,prices_for_dates,310
YTO,Toronto,YVR,Vancouver,2026-10-05 11:40:00+00:00,,F8,601,284,USD,0,,2026-10-04 04:27:32.560610+00:00,travelpayouts,one_way,prices_for_dates,310
YTO,Toronto,YVR,Vancouver,2026-10-09 15:55:00+00:00,,F8,609,307,USD,0,,2026-10-04 04:27:32.560610+00:00,travelpayouts,one_way,prices_for_dates,310
YTO,Toronto,YVR,Vancouver,2026-10-14 02:30:00+00:00,,WS,731,333,USD,0,,2026-10-04 04:27:32.560610+00:00,travelpayouts,one_way,prices_for_dates,314
YTO,Toronto,YVR,Vancouver,2026-10-29 00:00:00+00:00,,,,118,USD,0,,2026-10-04 04:27:33.088730+00:00,travelpayouts,one_way,latest,0
YTO,Toronto,YVR,Vancouver,2026-10-30 00:00:00+00:00,,,,126,USD,0,,2026-10-04 04:27:33.088730+00:00,travelpayouts,one_way,latest,330
YTO,Toronto,YVR,Vancouver,2026-10-21 00:00:00+00:00,,,,136,USD,0,,2026-10-04 04:27:33.088730+00:00,travelpayouts,one_way,latest,308
YTO,Toronto,YVR,Vancouver,2026-10-20 00:00:00+00:00,,,,168,USD,0,,2026-10-04 04:27:33.088730+00:00,travelpayouts,one_way,latest,0
YTO,Toronto,YVR,Vancouver,2026-10-16 00:00:00+00:00,,,,180,USD,1,,2026-10-04 04:27:33.088730+00:00,travelpayouts,one_way,latest,530
YTO,Toronto,YVR,Vancouver,2026-10-12 00:00:00+00:00,,,,258,USD,0,,2026-10-04 04:27:33.088730+00:00,travelpayouts,one_way,latest,314
YTO,Toronto,YVR,Vancouver,2026-10-07 00:00:00+00:00,,,,280,USD,0,,2026-10-04 04:27:33.088730+00:00,travelpayouts,one_way,latest,309
YTO,Toronto,YVR,Vancouver,2026-10-06 00:00:00+00:00,,,,282,USD,0,,2026-10-04 04:27:33.088730+00:00,travelpayouts,one_way,latest,0
YTO,Toronto,YVR,Vancouver,2026-10-04 00:00:00+00:00,,,,282,USD,0,,2026-10-04 04:27:33.088730+00:00,travelpayouts,one_way,latest,310
YTO,Toronto,YVR,Vancouver,2026-10-09 00:00:00+00:00,,,,346,USD,0,,2026-10-04 04:27:33.088730+00:00,travelpayouts,one_way,latest,310
YTO,Toronto,YVR,Vancouver,2026-10-25 00:00:00+00:00,2026-10-28 00:00:00+00:00,,,215,USD,1,,2026-10-04 04:27:33.611937+00:00,travelpayouts,round_trip,month-matrix,1015
YTO,Toronto,YVR,Vancouver,2026-10-23 00:00:00+00:00,2026-10-30 00:00:00+00:00,,,219,USD,1,,2026-10-04 04:27:33.611937+00:00,travelpayouts,round_trip,month-matrix,835
YTO,Toronto,YVR,Vancouver,2026-10-20 00:00:00+00:00,2026-10-23 00:00:00+00:00,,,223,USD,1,,2026-10-04 04:27:33.611937+00:00,travelpayouts,round_trip,month-matrix,1155
YTO,Toronto,YVR,Vancouver,2026-10-19 00:00:00+00:00,2026-10-22 00:00:00+00:00,,,235,USD,1,,2026-10-04 04:27:33.611937+00:00,travelpayouts,round_trip,month-matrix,880
YTO,Toronto,YVR,Vancouver,2026-10-22 00:00:00+00:00,2026-10-30 00:00:00+00:00,,,241,USD,1,,2026-10-04 04:27:33.611937+00:00,travelpayouts,round_trip,month-matrix,830
YTO,Toronto,YVR,Vancouver,2026-10-26 00:00:00+00:00,2026-10-28 00:00:00+00:00,,,258,USD,1,,2026-10-04 04:27:33.611937+00:00,travelpayouts,round_trip,month-matrix,885
YTO,Toronto,YVR,Vancouver,2026-10-17 00:00:00+00:00,2026-10-20 00:00:00+00:00,,,290,USD,1,,2026-10-04 04:27:33.611937+00:00,travelpayouts,round_trip,month-matrix,735
YTO,Toronto,YVR,Vancouver,2026-10-16 00:00:00+00:00,2026-10-19 00:00:00+00:00,,,309,USD,1,,2026-10-04 04:27:33.611937+00:00,travelpayouts,round_trip,month-matrix,878
YTO,Toronto,YVR,Vancouver,2026-10-14 00:00:00+00:00,2026-10-17 00:00:00+00:00,,,337,USD,1,,2026-10-04 04:27:33.611937+00:00,travelpayouts,round_trip,month-matrix,1200
YTO,Toronto,YVR,Vancouver,2026-10-11 00:00:00+00:00,2026-10-14 00:00:00+00:00,,,342,USD,1,,2026-10-04 04:27:33.611937+00:00,travelpayouts,round_trip,month-matrix,775
YTO,Toronto,YVR,Vancouver,2026-10-08 00:00:00+00:00,2026-10-08 00:00:00+00:00,,,497,USD,1,,2026-10-04 04:27:33.611937+00:00,travelpayouts,round_trip,month-matrix,750
YTO,Toronto,YVR,Vancouver,2026-10-09 00:00:00+00:00,2026-10-16 00:00:00+00:00,,,506,USD,1,,2026-10-04 04:27:33.611937+00:00,travelpayouts,round_trip,month-matrix,748
YTO,Toronto,YVR,Vancouver,2026-10-25 10:05:00+00:00,2026-10-28 17:30:00+00:00,PD,2438,215,USD,1,,2026-10-04 04:27:34.142268+00:00,travelpayouts,round_trip,prices_for_dates,1015
YTO,Toronto,YVR,Vancouver,2026-10-23 12:15:00+00:00,2026-10-31 03:55:00+00:00,WS,709,219,USD,0,,2026-10-04 04:27:34.142268+00:00,travelpayouts,round_trip,prices_for_dates,835
YTO,Toronto,YVR,Vancouver,2026-10-20 18:05:00+00:00,2026-10-23 16:50:00+00:00,P3,2525,223,USD,1,,2026-10-04 04:27:34.142268+00:00,travelpayouts,round_trip,prices_for_dates,1155
YTO,Toronto,YVR,Vancouver,2026-10-19 11:40:00+00:00,2026-10-22 14:00:00+00:00,F8,601,235,USD,0,,2026-10-04 04:27:34.142268+00:00,travelpayouts,round_trip,prices_for_dates,880
YTO,Toronto,YVR,Vancouver,2026-10-22 17:55:00+00:00,2026-10-31 03:55:00+00:00,F8,611,241,USD,0,,2026-10-04 04:27:34.142268+00:00,travelpayouts,round_trip,prices_for_dates,830
YTO,Toronto,YVR,Vancouver,2026-10-26 11:00:00+00:00,2026-10-28 17:30:00+00:00,PD,2205,258,USD,1,,2026-10-04 04:27:34.142268+00:00,travelpayouts,round_trip,prices_for_dates,885
YTO,Toronto,YVR,Vancouver,2026-10-17 13:40:00+00:00,2026-10-20 16:50:00+00:00,F8,605,290,USD,0,,2026-10-04 04:27:34.142268+00:00,travelpayouts,round_trip,prices_for_dates,735
YTO,Toronto,YVR,Vancouver,2026-10-16 20:55:00+00:00,2026-10-19 14:00:00+00:00,PD,2259,309,USD,1,,2026-10-04 04:27:34.142268+00:00,travelpayouts,round_trip,prices_for_dates,878
YTO,Toronto,YVR,Vancouver,2026-10-14 18:05:00+00:00,2026-10-17 14:00:00+00:00,P3,2525,337,USD,1,,2026-10-04 04:27:34.142268+00:00,travelpayouts,round_trip,prices_for_dates,1200
YTO,Toronto,YVR,Vancouver,2026-10-11 10:05:00+00:00,2026-10-15 05:45:00+00:00,P3,2438,342,USD,1,,2026-10-04 04:27:34.142268+00:00,travelpayouts,round_trip,prices_for_dates,775
YTO,Toronto,YVR,Vancouver,2026-10-08 11:40:00+00:00,2026-10-08 19:05:00+00:00,F8,601,497,USD,0,,2026-10-04 04:27:34.142268+00:00,travelpayouts,round_trip,prices_for_dates,750
YTO,Toronto,YVR,Vancouver,2026-10-09 11:40:00+00:00,2026-10-16 14:00:00+00:00,F8,601,506,USD,0,,2026-10-04 04:27:34.142268+00:00,travelpayouts,round_trip,prices_for_dates,748
YTO,Toronto,YVR,Vancouver,2026-10-19 00:00:00+00:00,2026-10-22 00:00:00+00:00,,,248,USD,0,,2026-10-04 04:27:34.658697+00:00,travelpayouts,round_trip,latest,585
YTO,Toronto,YVR,Vancouver,2026-10-16 00:00:00+00:00,2026-10-19 00:00:00+00:00,,,328,USD,0,,2026-10-04 04:27:34.658697+00:00,travelpayouts,round_trip,latest,583
YTO,Toronto,YVR,Vancouver,2026-11-04 00:00:00+00:00,,,,109,USD,1,,2026-10-04 04:27:35.187850+00:00,travelpayouts,one_way,month-matrix,460
YTO,Toronto,YVR,Vancouver,2026-11-13 00:00:00+00:00,,,,109,USD,1,,2026-10-04 04:27:35.187850+00:00,travelpayouts,one_way,month-matrix,460
YTO,Toronto,YVR,Vancouver,2026-11-03 00:00:00+00:00,,,,111,USD,0,,2026-10-04 04:27:35.187850+00:00,travelpayouts,one_way,month-matrix,0
YTO,Toronto,YVR,Vancouver,2026-11-02 00:00:00+00:00,,,,112,USD,0,,2026-10-04 04:27:35.187850+00:00,travelpayouts,one_way,month-matrix,330
YTO,Toronto,YVR,Vancouver,2026-11-05 00:00:00+00:00,,,,113,USD,0,,2026-10-04 04:27:35.187850+00:00,travelpayouts,one_way,month-matrix,0
YTO,Toronto,YVR,Vancouver,2026-11-07 00:00:00+00:00,,,,113,USD,0,,2026-10-04 04:27:35.187850+00:00,travelpayouts,one_way,month-matrix,0
YTO,Toronto,YVR,Vancouver,2026-11-08 00:00:00+00:00,,,,113,USD,0,,2026-10-04 04:27:35.187850+00:00,travelpayouts,one_way,month-matrix,0
YTO,Toronto,YVR,Vancouver,2026-11-09 00:00:00+00:00,,,,113,USD,0,,2026-10-04 04:27:35.187850+00:00,travelpayouts,one_way,month-matrix,0
YTO,Toronto,YVR,Vancouver,2026-11-10 00:00:00+00:00,,,,113,USD,0,,2026-10-04 04:27:35.187850+00:00,travelpayouts,one_way,month-matrix,0
YTO,Toronto,YVR,Vancouver,2026-11-11 00:00:00+00:00,,,,113,USD,0,,2026-10-04 04:27:35.187850+00:00,travelpayouts,one_way,month-matrix,0
YTO,Toronto,YVR,Vancouver,2026-11-12 00:00:00+00:00,,,,113,USD,0,,2026-10-04 04:27:35.187850+00:00,travelpayouts,one_way,month-matrix,0
YTO,Toronto,YVR,Vancouver,2026-11-06 00:00:00+00:00,,,,116,USD,0,,2026-10-04 04:27:35.187850+00:00,travelpayouts,one_way,month-matrix,330
YTO,Toronto,YVR,Vancouver,2026-11-14 00:00:00+00:00,,,,117,USD,0,,2026-10-04 04:27:35.187850+00:00,travelpayouts,one_way,month-matrix,0
YTO,Toronto,YVR,Vancouver,2026-11-15 00:00:00+00:00,,,,117,USD,0,,2026-10-04 04:27:35.187850+00:00,travelpayouts,one_way,month-matrix,0
YTO,Toronto,YVR,Vancouver,2026-11-16 00:00:00+00:00,,,,117,USD,0,,2026-10-04 04:27:35.187850+00:00,travelpayouts,one_way,month-matrix,0
YTO,Toronto,YVR,Vancouver,2026-11-17 00:00:00+00:00,,,,117,USD,0,,2026-10-04 04:27:35.187850+00:00,travelpayouts,one_way,month-matrix,0
YTO,Toronto,YVR,Vancouver,2026-11-18 00:00:00+00:00,,,,117,USD,0,,2026-10-04 04:27:35.187850+00:00,travelpayouts,one_way,month-matrix,0
YTO,Toronto,YVR,Vancouver,2026-11-19 00:00:00+00:00,,,,117,USD,0,,2026-10-04 04:27:35.187850+00:00,travelpayouts,one_way,month-matrix,0
YTO,Toronto,YVR,Vancouver,2026-11-20 00:00:00+00:00,,,,117,USD,0,,2026-10-04 04:27:35.187850+00:00,travelpayouts,one_way,month-matrix,0
YTO,Toronto,YVR,Vancouver,2026-11-21 00:00:00+00:00,,,,117,USD,0,,2026-10-04 04:27:35.187850+00:00,travelpayouts,one_way,month-matrix,0
YTO,Toronto,YVR,Vancouver,2026-11-22 00:00:00+00:00,,,,117,USD,0,,2026-10-04 04:27:35.187850+00:00,travelpayouts,one_way,month-matrix,0
YTO,Toronto,YVR,Vancouver,2026-11-23 00:00:00+00:00,,,,117,USD,0,,2026-10-04 04:27:35.187850+00:00,travelpayouts,one_way,month-matrix,0
YTO,Toronto,YVR,Vancouver,2026-11-24 00:00:00+00:00,,,,117,USD,0,,2026-10-04 04:27:35.187850+00:00,travelpayouts,one_way,month-matrix,0
YTO,Toronto,YVR,Vancouver,2026-11-25 00:00:00+00:00,,,,117,USD,0,,2026-10-04 04:27:35.187850+00:00,travelpayouts,one_way,month-matrix,0
YTO,Toronto,YVR,Vancouver,2026-11-26 00:00:00+00:00,,,,125,USD,0,,2026-10-04 04:27:35.187850+00:00,travelpayouts,one_way,month-matrix,330
YTO,Toronto,YVR,Vancouver,2026-11-01 00:00:00+00:00,,,,125,USD,0,,2026-10-04 04:27:35.187850+00:00,travelpayouts,one_way,month-matrix,330
YTO,Toronto,YVR,Vancouver,2026-11-04 11:45:00+00:00,,PD,2529,109,USD,1,,2026-10-04 04:27:35.703361+00:00,travelpayouts,one_way,prices_for_dates,460
YTO,Toronto,YVR,Vancouver,2026-11-13 11:45:00+00:00,,P3,2529,109,USD,1,,2026-10-04 04:27:35.703361+00:00,travelpayouts,one_way,prices_for_dates,460
YTO,Toronto,YVR,Vancouver,2026-11-02 14:00:00+00:00,,F8,611,112,USD,0,,2026-10-04 04:27:35.703361+00:00,travelpayouts,one_way,prices_for_dates,330
YTO,Toronto,YVR,Vancouver,2026-11-07 02:00:00+00:00,,F8,613,116,USD,0,,2026-10-04 04:27:35.703361+00:00,travelpayouts,one_way,prices_for_dates,330
YTO,Toronto,YVR,Vancouver,2026-11-26 14:00:00+00:00,,F8,611,125,USD,0,,2026-10-04 04:27:35.703361+00:00,travelpayouts,one_way,prices_for_dates,330
YTO,Toronto,YVR,Vancouver,2026-11-02 02:00:00+00:00,,F8,613,125,USD,0,,2026-10-04 04:27:35.703361+00:00,travelpayouts,one_way,prices_for_dates,330
YTO,Toronto,YVR,Vancouver,2026-11-05 00:00:00+00:00,,,,126,USD,0,,2026-10-04 04:27:36.231803+00:00,travelpayouts,one_way,latest,0
YTO,Toronto,YVR,Vancouver,2026-11-02 00:00:00+00:00,,,,131,USD,1,,2026-10-04 04:27:36.231803+00:00,travelpayouts,one_way,latest,460
YTO,Toronto,YVR,Vancouver,2026-11-03 00:00:00+00:00,,,,134,USD,0,,2026-10-04 04:27:36.231803+00:00,travelpayouts,one_way,latest,0
YTO,Toronto,YVR,Vancouver,2026-11-04 00:00:00+00:00,,,,136,USD,1,,2026-10-04 04:27:36.231803+00:00,travelpayouts,one_way,latest,460
YTO,Toronto,YVR,Vancouver,2026-11-01 00:00:00+00:00,2026-11-07 00:00:00+00:00,,,209,USD,0,,2026-10-04 04:27:36.763400+00:00,travelpayouts,round_trip,month-matrix,597
YTO,Toronto,YVR,Vancouver,2026-11-01 12:05:00+00:00,2026-11-08 07:30:00+00:00,PD,481,209,USD,0,,2026-10-04 04:27:37.284059+00:00,travelpayouts,round_trip,prices_for_dates,597
YTO,Toronto,YVR,Vancouver,2026-12-15 00:00:00+00:00,,,,135,USD,1,,2026-10-04 04:27:38.328701+00:00,travelpayouts,one_way,month-matrix,440
YTO,Toronto,YVR,Vancouver,2026-12-16 00:00:00+00:00,,,,227,USD,0,,2026-10-04 04:27:38.328701+00:00,travelpayouts,one_way,month-matrix,0
YTO,Toronto,YVR,Vancouver,2026-12-17 00:00:00+00:00,,,,227,USD,0,,2026-10-04 04:27:38.328701+00:00,travelpayouts,one_way,month-matrix,0
YTO,Toronto,YVR,Vancouver,2026-12-18 00:00:00+00:00,,,,227,USD,0,,2026-10-04 04:27:38.328701+00:00,travelpayouts,one_way,month-matrix,0
YTO,Toronto,YVR,Vancouver,2026-12-19 00:00:00+00:00,,,,227,USD,0,,2026-10-04 04:27:38.328701+00:00,travelpayouts,one_way,month-matrix,0
YTO,Toronto,YVR,Vancouver,2026-12-20 00:00:00+00:00,,,,318,USD,0,,2026-10-04 04:27:38.328701+00:00,travelpayouts,one_way,month-matrix,325
YTO,Toronto,YVR,Vancouver,2026-12-15 12:00:00+00:00,,PD,2205,135,USD,1,,2026-10-04 04:27:38.845610+00:00,travelpayouts,one_way,prices_for_dates,440
YTO,Toronto,YVR,Vancouver,2026-12-21 02:30:00+00:00,,PD,319,318,USD,0,,2026-10-04 04:27:38.845610+00:00,travelpayouts,one_way,prices_for_dates,325
YTO,Toronto,YVR,Vancouver,2026-12-01 00:00:00+00:00,2026-12-01 00:00:00+00:00,,,217,USD,1,,2026-10-04 04:27:39.941535+00:00,travelpayouts,round_trip,month-matrix,730
YTO,Toronto,YVR,Vancouver,2026-12-08 00:00:00+00:00,2027-01-04 00:00:00+00:00,,,291,USD,0,,2026-10-04 04:27:39.941535+00:00,travelpayouts,round_trip,month-matrix,600
YTO,Toronto,YVR,Vancouver,2026-12-24 00:00:00+00:00,2027-01-09 00:00:00+00:00,,,333,USD,0,,2026-10-04 04:27:39.941535+00:00,travelpayouts,round_trip,month-matrix,602
YTO,Toronto,YVR,Vancouver,2026-12-08 00:00:00+00:00,2027-01-03 00:00:00+00:00,,,337,USD,1,,2026-10-04 04:27:39.941535+00:00,travelpayouts,round_trip,month-matrix,880
YTO,Toronto,YVR,Vancouver,2026-12-23 00:00:00+00:00,2026-12-28 00:00:00+00:00,,,389,USD,1,,2026-10-04 04:27:39.941535+00:00,travelpayouts,round_trip,month-matrix,727
YTO,Toronto,YVR,Vancouver,2026-12-01 11:45:00+00:00,2026-12-02 07:30:00+00:00,PD,2529,217,USD,1,,2026-10-04 04:27:40.432524+00:00,travelpayouts,round_trip,prices_for_dates,730
YTO,Toronto,YVR,Vancouver,2026-12-09 03:20:00+00:00,2027-01-05 01:55:00+00:00,WS,737,291,USD,0,,2026-10-04 04:27:40.432524+00:00,travelpayouts,round_trip,prices_for_dates,600
YTO,Toronto,YVR,Vancouver,2026-12-24 12:05:00+00:00,2027-01-09 09:15:00+00:00,PD,7481,333,USD,0,,2026-10-04 04:27:40.432524+00:00,travelpayouts,round_trip,prices_for_dates,602
YTO,Toronto,YVR,Vancouver,2026-12-09 03:20:00+00:00,2027-01-04 05:55:00+00:00,WS,737,337,USD,0,,2026-10-04 04:27:40.432524+00:00,travelpayouts,round_trip,prices_for_dates,880
YTO,Toronto,YVR,Vancouver,2026-12-24 01:30:00+00:00,2026-12-28 09:15:00+00:00,AC,7976,389,USD,1,,2026-10-04 04:27:40.432524+00:00,travelpayouts,round_trip,prices_for_dates,727
YTO,Toronto,YVR,Vancouver,2027-01-26 00:00:00+00:00,,,,126,USD,0,,2026-10-04 04:27:41.471438+00:00,travelpayouts,one_way,month-matrix,330
YTO,Toronto,YVR,Vancouver,2027-01-17 00:00:00+00:00,,,,133,USD,0,,2026-10-04 04:27:41.471438+00:00,travelpayouts,one_way,month-matrix,0
YTO,Toronto,YVR,Vancouver,2027-01-18 00:00:00+00:00,,,,133,USD,0,,2026-10-04 04:27:41.471438+00:00,travelpayouts,one_way,month-matrix,0
YTO,Toronto,YVR,Vancouver,2027-01-19 00:00:00+00:00,,,,133,USD,0,,2026-10-04 04:27:41.471438+00:00,travelpayouts,one_way,month-matrix,0
YTO,Toronto,YVR,Vancouver,2027-01-20 00:00:00+00:00,,,,133,USD,0,,2026-10-04 04:27:41.471438+00:00,travelpayouts,one_way,month-matrix,0
YTO,Toronto,YVR,Vancouver,2027-01-21 00:00:00+00:00,,,,133,USD,0,,2026-10-04 04:27:41.471438+00:00,travelpayouts,one_way,month-matrix,0
YTO,Toronto,YVR,Vancouver,2027-01-22 00:00:00+00:00,,,,133,USD,0,,2026-10-04 04:27:41.471438+00:00,travelpayouts,one_way,month-matrix,0
YTO,Toronto,YVR,Vancouver,2027-01-23 00:00:00+00:00,,,,133,USD,0,,2026-10-04 04:27:41.471438+00:00,travelpayouts,one_way,month-matrix,0
YTO,Toronto,YVR,Vancouver,2027-01-24 00:00:00+00:00,,,,133,USD,0,,2026-10-04 04:27:41.471438+00:00,travelpayouts,one_way,month-matrix,0
YTO,Toronto,YVR,Vancouver,2027-01-25 00:00:00+00:00,,,,133,USD,0,,2026-10-04 04:27:41.471438+00:00,travelpayouts,one_way,month-matrix,0
YTO,Toronto,YVR,Vancouver,2027-01-16 00:00:00+00:00,,,,140,USD,1,,2026-10-04 04:27:41.471438+00:00,travelpayouts,one_way,month-matrix,500
YTO,Toronto,YVR,Vancouver,2027-01-08 00:00:00+00:00,,,,144,USD,1,,2026-10-04 04:27:41.471438+00:00,travelpayouts,one_way,month-matrix,460
YTO,Toronto,YVR,Vancouver,2027-01-13 00:00:00+00:00,,,,144,USD,0,,2026-10-04 04:27:41.471438+00:00,travelpayouts,one_way,month-matrix,0
YTO,Toronto,YVR,Vancouver,2027-01-14 00:00:00+00:00,,,,144,USD,0,,2026-10-04 04:27:41.471438+00:00,travelpayouts,one_way,month-matrix,0
YTO,Toronto,YVR,Vancouver,2027-01-15 00:00:00+00:00,,,,144,USD,0,,2026-10-04 04:27:41.471438+00:00,travelpayouts,one_way,month-matrix,0
YTO,Toronto,YVR,Vancouver,2027-01-09 00:00:00+00:00,,,,147,USD,0,,2026-10-04 04:27:41.471438+00:00,travelpayouts,one_way,month-matrix,0
YTO,Toronto,YVR,Vancouver,2027-01-10 00:00:00+00:00,,,,147,USD,0,,2026-10-04 04:27:41.471438+00:00,travelpayouts,one_way,month-matrix,0
YTO,Toronto,YVR,Vancouver,2027-01-11 00:00:00+00:00,,,,147,USD,0,,2026-10-04 04:27:41.471438+00:00,travelpayouts,one_way,month-matrix,0
YTO,Toronto,YVR,Vancouver,2027-01-12 00:00:00+00:00,,,,149,USD,0,,2026-10-04 04:27:41.471438+00:00,travelpayouts,one_way,month-matrix,330
YTO,Toronto,YVR,Vancouver,2027-01-02 00:00:00+00:00,,,,220,USD,0,,2026-10-04 04:27:41.471438+00:00,travelpayouts,one_way,month-matrix,0
YTO,Toronto,YVR,Vancouver,2027-01-03 00:00:00+00:00,,,,220,USD,0,,2026-10-04 04:27:41.471438+00:00,travelpayouts,one_way,month-matrix,0
YTO,Toronto,YVR,Vancouver,2027-01-04 00:00:00+00:00,,,,220,USD,0,,2026-10-04 04:27:41.471438+00:00,travelpayouts,one_way,month-matrix,0
YTO,Toronto,YVR,Vancouver,2027-01-05 00:00:00+00:00,,,,220,USD,0,,2026-10-04 04:27:41.471438+00:00,travelpayouts,one_way,month-matrix,0
YTO,Toronto,YVR,Vancouver,2027-01-06 00:00:00+00:00,,,,220,USD,0,,2026-10-04 04:27:41.471438+00:00,travelpayouts,one_way,month-matrix,0
YTO,Toronto,YVR,Vancouver,2027-01-07 00:00:00+00:00,,,,220,USD,0,,2026-10-04 04:27:41.471438+00:00,travelpayouts,one_way,month-matrix,0
YTO,Toronto,YVR,Vancouver,2027-01-01 00:00:00+00:00,,,,296,USD,0,,2026-10-04 04:27:41.471438+00:00,travelpayouts,one_way,month-matrix,327
YTO,Toronto,YVR,Vancouver,2027-01-27 02:00:00+00:00,,F8,613,126,USD,0,,2026-10-04 04:27:41.989730+00:00,travelpayouts,one_way,prices_for_dates,330
YTO,Toronto,YVR,Vancouver,2027-01-16 11:05:00+00:00,,PD,2438,140,USD,1,,2026-10-04 04:27:41.989730+00:00,travelpayouts,one_way,prices_for_dates,500
YTO,Toronto,YVR,Vancouver,2027-01-08 11:45:00+00:00,,P3,2529,144,USD,1,,2026-10-04 04:27:41.989730+00:00,travelpayouts,one_way,prices_for_dates,460
YTO,Toronto,YVR,Vancouver,2027-01-13 02:00:00+00:00,,F8,613,149,USD,0,,2026-10-04 04:27:41.989730+00:00,travelpayouts,one_way,prices_for_dates,330
YTO,Toronto,YVR,Vancouver,2027-01-01 12:05:00+00:00,,PD,7481,296,USD,0,,2026-10-04 04:27:41.989730+00:00,travelpayouts,one_way,prices_for_dates,327
YTO,Toronto,YVR,Vancouver,2027-01-06 00:00:00+00:00,2027-01-08 00:00:00+00:00,,,315,USD,1,,2026-10-04 04:27:43.041818+00:00,travelpayouts,round_trip,month-matrix,735
YTO,Toronto,YVR,Vancouver,2027-01-05 00:00:00+00:00,2027-01-07 00:00:00+00:00,,,362,USD,1,,2026-10-04 04:27:43.041818+00:00,travelpayouts,round_trip,month-matrix,988
YTO,Toronto,YVR,Vancouver,2027-01-06 11:45:00+00:00,2027-01-08 09:15:00+00:00,PD,2529,315,USD,1,,2026-10-04 04:27:43.574494+00:00,travelpayouts,round_trip,prices_for_dates,735
YTO,Toronto,YVR,Vancouver,2027-01-05 19:45:00+00:00,2027-01-07 19:30:00+00:00,PD,2471,362,USD,1,,2026-10-04 04:27:43.574494+00:00,travelpayouts,round_trip,prices_for_dates,988
YTO,Toronto,MIA,Miami,2026-10-27 00:00:00+00:00,,,,147,USD,0,,2026-10-04 04:28:01.412251+00:00,travelpayouts,one_way,month-matrix,0
YTO,Toronto,MIA,Miami,2026-10-25 00:00:00+00:00,,,,149,USD,0,,2026-10-04 04:28:01.412251+00:00,travelpayouts,one_way,month-matrix,0
YTO,Toronto,MIA,Miami,2026-10-11 00:00:00+00:00,,,,162,USD,0,,2026-10-04 04:28:01.412251+00:00,travelpayouts,one_way,month-matrix,204
YTO,Toronto,MIA,Miami,2026-10-20 00:00:00+00:00,,,,216,USD,0,,2026-10-04 04:28:01.412251+00:00,travelpayouts,one_way,month-matrix,0
YTO,Toronto,MIA,Miami,2026-10-21 00:00:00+00:00,,,,216,USD,0,,2026-10-04 04:28:01.412251+00:00,travelpayouts,one_way,month-matrix,0
YTO,Toronto,MIA,Miami,2026-10-22 00:00:00+00:00,,,,216,USD,0,,2026-10-04 04:28:01.412251+00:00,travelpayouts,one_way,month-matrix,0
YTO,Toronto,MIA,Miami,2026-10-14 00:00:00+00:00,,,,225,USD,0,,2026-10-04 04:28:01.412251+00:00,travelpayouts,one_way,month-matrix,0
YTO,Toronto,MIA,Miami,2026-10-15 00:00:00+00:00,,,,225,USD,0,,2026-10-04 04:28:01.412251+00:00,travelpayouts,one_way,month-matrix,0
YTO,Toronto,MIA,Miami,2026-10-16 00:00:00+00:00,,,,225,USD,0,,2026-10-04 04:28:01.412251+00:00,travelpayouts,one_way,month-matrix,0
YTO,Toronto,MIA,Miami,2026-10-17 00:00:00+00:00,,,,225,USD,0,,2026-10-04 04:28:01.412251+00:00,travelpayouts,one_way,month-matrix,0
YTO,Toronto,MIA,Miami,2026-10-18 00:00:00+00:00,,,,225,USD,0,,2026-10-04 04:28:01.412251+00:00,travelpayouts,one_way,month-matrix,0
YTO,Toronto,MIA,Miami,2026-10-23 00:00:00+00:00,,,,239,USD,1,,2026-10-04 04:28:01.412251+00:00,travelpayouts,one_way,month-matrix,1433
YTO,Toronto,MIA,Miami,2026-10-13 00:00:00+00:00,,,,258,USD,2,,2026-10-04 04:28:01.412251+00:00,travelpayouts,one_way,month-matrix,597
YTO,Toronto,MIA,Miami,2026-10-09 00:00:00+00:00,,,,285,USD,1,,2026-10-04 04:28:01.412251+00:00,travelpayouts,one_way,month-matrix,424
YTO,Toronto,MIA,Miami,2026-10-04 00:00:00+00:00,,,,303,USD,1,,2026-10-04 04:28:01.412251+00:00,travelpayouts,one_way,month-matrix,381
YTO,Toronto,MIA,Miami,2026-10-06 00:00:00+00:00,,,,317,USD,0,,2026-10-04 04:28:01.412251+00:00,travelpayouts,one_way,month-matrix,0
YTO,Toronto,MIA,Miami,2026-10-07 00:00:00+00:00,,,,317,USD,0,,2026-10-04 04:28:01.412251+00:00,travelpayouts,one_way,month-matrix,0
YTO,Toronto,MIA,Miami,2026-10-08 00:00:00+00:00,,,,317,USD,0,,2026-10-04 04:28:01.412251+00:00,travelpayouts,one_way,month-matrix,0
YTO,Toronto,MIA,Miami,2026-10-05 00:00:00+00:00,,,,349,USD,1,,2026-10-04 04:28:01.412251+00:00,travelpayouts,one_way,month-matrix,506
YTO,Toronto,MIA,Miami,2026-10-11 13:40:00+00:00,,PD,543,162,USD,0,,2026-10-04 04:28:01.918879+00:00,travelpayouts,one_way,prices_for_dates,204
YTO,Toronto,MIA,Miami,2026-10-23 17:40:00+00:00,,P3,2725,239,USD,1,,2026-10-04 04:28:01.918879+00:00,travelpayouts,one_way,prices_for_dates,1433
YTO,Toronto,MIA,Miami,2026-10-13 16:20:00+00:00,,AC,7866,258,USD,2,,2026-10-04 04:28:01.918879+00:00,travelpayouts,one_way,prices_for_dates,597
YTO,Toronto,MIA,Miami,2026-10-09 15:09:00+00:00,,AA,5668,285,USD,1,,2026-10-04 04:28:01.918879+00:00,travelpayouts,one_way,prices_for_dates,424
YTO,Toronto,MIA,Miami,2026-10-04 11:00:00+00:00,,UA,1612,303,USD,1,,2026-10-04 04:28:01.918879+00:00,travelpayouts,one_way,prices_for_dates,381
YTO,Toronto,MIA,Miami,2026-10-05 10:25:00+00:00,,AC,1500,349,USD,1,,2026-10-04 04:28:01.918879+00:00,travelpayouts,one_way,prices_for_dates,506
YTO,Toronto,MIA,Miami,2026-10-09 00:00:00+00:00,,,,284,USD,1,,2026-10-04 04:28:02.448868+00:00,travelpayouts,one_way,latest,367
YTO,Toronto,MIA,Miami,2026-10-25 00:00:00+00:00,2026-11-09 00:00:00+00:00,,,252,USD,0,,2026-10-04 04:28:02.994974+00:00,travelpayouts,round_trip,month-matrix,0
YTO,Toronto,MIA,Miami,2026-10-25 00:00:00+00:00,2026-11-10 00:00:00+00:00,,,252,USD,0,,2026-10-04 04:28:02.994974+00:00,travelpayouts,round_trip,month-matrix,0
YTO,Toronto,MIA,Miami,2026-10-25 00:00:00+00:00,2026-11-11 00:00:00+00:00,,,252,USD,0,,2026-10-04 04:28:02.994974+00:00,travelpayouts,round_trip,month-matrix,0
YTO,Toronto,MIA,Miami,2026-10-25 00:00:00+00:00,2026-11-12 00:00:00+00:00,,,252,USD,0,,2026-10-04 04:28:02.994974+00:00,travelpayouts,round_trip,month-matrix,0
YTO,Toronto,MIA,Miami,2026-10-25 00:00:00+00:00,2026-11-13 00:00:00+00:00,,,252,USD,0,,2026-10-04 04:28:02.994974+00:00,travelpayouts,round_trip,month-matrix,0
YTO,Toronto,MIA,Miami,2026-10-31 00:00:00+00:00,2026-11-08 00:00:00+00:00,,,255,USD,0,,2026-10-04 04:28:02.994974+00:00,travelpayouts,round_trip,month-matrix,0
YTO,Toronto,MIA,Miami,2026-10-31 00:00:00+00:00,2026-11-09 00:00:00+00:00,,,255,USD,0,,2026-10-04 04:28:02.994974+00:00,travelpayouts,round_trip,month-matrix,0
YTO,Toronto,MIA,Miami,2026-10-31 00:00:00+00:00,2026-11-10 00:00:00+00:00,,,255,USD,0,,2026-10-04 04:28:02.994974+00:00,travelpayouts,round_trip,month-matrix,0
YTO,Toronto,MIA,Miami,2026-10-31 00:00:00+00:00,2026-11-11 00:00:00+00:00,,,255,USD,0,,2026-10-04 04:28:02.994974+00:00,travelpayouts,round_trip,month-matrix,0
YTO,Toronto,MIA,Miami,2026-10-31 00:00:00+00:00,2026-11-12 00:00:00+00:00,,,255,USD,0,,2026-10-04 04:28:02.994974+00:00,travelpayouts,round_trip,month-matrix,0
YTO,Toronto,MIA,Miami,2026-10-23 00:00:00+00:00,2026-11-09 00:00:00+00:00,,,267,USD,0,,2026-10-04 04:28:02.994974+00:00,travelpayouts,round_trip,month-matrix,0
YTO,Toronto,MIA,Miami,2026-10-23 00:00:00+00:00,2026-11-10 00:00:00+00:00,,,267,USD,0,,2026-10-04 04:28:02.994974+00:00,travelpayouts,round_trip,month-matrix,0
YTO,Toronto,MIA,Miami,2026-10-23 00:00:00+00:00,2026-11-11 00:00:00+00:00,,,267,USD,0,,2026-10-04 04:28:02.994974+00:00,travelpayouts,round_trip,month-matrix,0
YTO,Toronto,MIA,Miami,2026-10-26 00:00:00+00:00,2026-10-28 00:00:00+00:00,,,280,USD,0,,2026-10-04 04:28:02.994974+00:00,travelpayouts,round_trip,month-matrix,0
YTO,Toronto,MIA,Miami,2026-10-26 00:00:00+00:00,2026-10-29 00:00:00+00:00,,,280,USD,0,,2026-10-04 04:28:02.994974+00:00,travelpayouts,round_trip,month-matrix,0
YTO,Toronto,MIA,Miami,2026-10-26 00:00:00+00:00,2026-10-30 00:00:00+00:00,,,280,USD,0,,2026-10-04 04:28:02.994974+00:00,travelpayouts,round_trip,month-matrix,0
YTO,Toronto,MIA,Miami,2026-10-26 00:00:00+00:00,2026-10-31 00:00:00+00:00,,,280,USD,0,,2026-10-04 04:28:02.994974+00:00,travelpayouts,round_trip,month-matrix,0
YTO,Toronto,MIA,Miami,2026-10-26 00:00:00+00:00,2026-11-01 00:00:00+00:00,,,280,USD,0,,2026-10-04 04:28:02.994974+00:00,travelpayouts,round_trip,month-matrix,0
YTO,Toronto,MIA,Miami,2026-10-26 00:00:00+00:00,2026-11-02 00:00:00+00:00,,,280,USD,0,,2026-10-04 04:28:02.994974+00:00,travelpayouts,round_trip,month-matrix,0
YTO,Toronto,MIA,Miami,2026-10-26 00:00:00+00:00,2026-11-03 00:00:00+00:00,,,280,USD,0,,2026-10-04 04:28:02.994974+00:00,travelpayouts,round_trip,month-matrix,0
YTO,Toronto,MIA,Miami,2026-10-26 00:00:00+00:00,2026-11-04 00:00:00+00:00,,,280,USD,0,,2026-10-04 04:28:02.994974+00:00,travelpayouts,round_trip,month-matrix,0
YTO,Toronto,MIA,Miami,2026-10-26 00:00:00+00:00,2026-11-05 00:00:00+00:00,,,280,USD,0,,2026-10-04 04:28:02.994974+00:00,travelpayouts,round_trip,month-matrix,0
YTO,Toronto,MIA,Miami,2026-10-09 21:29:00+00:00,2026-10-15 00:06:00+00:00,AA,5667,396,USD,1,,2026-10-04 04:28:03.499024+00:00,travelpayouts,round_trip,prices_for_dates,570
YTO,Toronto,MIA,Miami,2026-10-29 13:35:00+00:00,2026-10-30 02:55:00+00:00,PD,543,407,USD,0,,2026-10-04 04:28:03.499024+00:00,travelpayouts,round_trip,prices_for_dates,1714
YTO,Toronto,MIA,Miami,2026-10-26 00:00:00+00:00,2026-11-06 00:00:00+00:00,,,280,USD,0,,2026-10-04 04:28:04.026484+00:00,travelpayouts,round_trip,latest,0
YTO,Toronto,MIA,Miami,2026-10-26 00:00:00+00:00,2026-11-07 00:00:00+00:00,,,280,USD,0,,2026-10-04 04:28:04.026484+00:00,travelpayouts,round_trip,latest,0
YTO,Toronto,MIA,Miami,2026-10-26 00:00:00+00:00,2026-11-08 00:00:00+00:00,,,280,USD,0,,2026-10-04 04:28:04.026484+00:00,travelpayouts,round_trip,latest,0
YTO,Toronto,MIA,Miami,2026-10-26 00:00:00+00:00,2026-11-09 00:00:00+00:00,,,280,USD,0,,2026-10-04 04:28:04.026484+00:00,travelpayouts,round_trip,latest,0
YTO,Toronto,MIA,Miami,2026-10-26 00:00:00+00:00,2026-11-10 00:00:00+00:00,,,280,USD,0,,2026-10-04 04:28:04.026484+00:00,travelpayouts,round_trip,latest,0
YTO,Toronto,MIA,Miami,2026-10-26 00:00:00+00:00,2026-11-11 00:00:00+00:00,,,280,USD,0,,2026-10-04 04:28:04.026484+00:00,travelpayouts,round_trip,latest,0
YTO,Toronto,MIA,Miami,2026-10-26 00:00:00+00:00,2026-11-12 00:00:00+00:00,,,280,USD,0,,2026-10-04 04:28:04.026484+00:00,travelpayouts,round_trip,latest,0
YTO,Toronto,MIA,Miami,2026-10-26 00:00:00+00:00,2026-11-13 00:00:00+00:00,,,280,USD,0,,2026-10-04 04:28:04.026484+00:00,travelpayouts,round_trip,latest,0
YTO,Toronto,MIA,Miami,2026-10-28 00:00:00+00:00,2026-11-13 00:00:00+00:00,,,292,USD,0,,2026-10-04 04:28:04.026484+00:00,travelpayouts,round_trip,latest,0
YTO,Toronto,MIA,Miami,2026-10-29 00:00:00+00:00,2026-10-30 00:00:00+00:00,,,313,USD,0,,2026-10-04 04:28:04.026484+00:00,travelpayouts,round_trip,latest,0
YTO,Toronto,MIA,Miami,2026-10-29 00:00:00+00:00,2026-10-31 00:00:00+00:00,,,313,USD,0,,2026-10-04 04:28:04.026484+00:00,travelpayouts,round_trip,latest,0
YTO,Toronto,MIA,Miami,2026-10-29 00:00:00+00:00,2026-11-01 00:00:00+00:00,,,313,USD,0,,2026-10-04 04:28:04.026484+00:00,travelpayouts,round_trip,latest,0
YTO,Toronto,MIA,Miami,2026-10-29 00:00:00+00:00,2026-11-02 00:00:00+00:00,,,313,USD,0,,2026-10-04 04:28:04.026484+00:00,travelpayouts,round_trip,latest,0
YTO,Toronto,MIA,Miami,2026-10-29 00:00:00+00:00,2026-11-03 00:00:00+00:00,,,313,USD,0,,2026-10-04 04:28:04.026484+00:00,travelpayouts,round_trip,latest,0
YTO,Toronto,MIA,Miami,2026-10-29 00:00:00+00:00,2026-11-04 00:00:00+00:00,,,313,USD,0,,2026-10-04 04:28:04.026484+00:00,travelpayouts,round_trip,latest,0
YTO,Toronto,MIA,Miami,2026-10-29 00:00:00+00:00,2026-11-05 00:00:00+00:00,,,313,USD,0,,2026-10-04 04:28:04.026484+00:00,travelpayouts,round_trip,latest,0
YTO,Toronto,MIA,Miami,2026-10-29 00:00:00+00:00,2026-11-06 00:00:00+00:00,,,313,USD,0,,2026-10-04 04:28:04.026484+00:00,travelpayouts,round_trip,latest,0
YTO,Toronto,MIA,Miami,2026-10-29 00:00:00+00:00,2026-11-07 00:00:00+00:00,,,313,USD,0,,2026-10-04 04:28:04.026484+00:00,travelpayouts,round_trip,latest,0
YTO,Toronto,MIA,Miami,2026-10-29 00:00:00+00:00,2026-11-08 00:00:00+00:00,,,313,USD,0,,2026-10-04 04:28:04.026484+00:00,travelpayouts,round_trip,latest,0
YTO,Toronto,MIA,Miami,2026-10-29 00:00:00+00:00,2026-11-09 00:00:00+00:00,,,313,USD,0,,2026-10-04 04:28:04.026484+00:00,travelpayouts,round_trip,latest,0
YTO,Toronto,MIA,Miami,2026-10-29 00:00:00+00:00,2026-11-10 00:00:00+00:00,,,313,USD,0,,2026-10-04 04:28:04.026484+00:00,travelpayouts,round_trip,latest,0
YTO,Toronto,MIA,Miami,2026-10-29 00:00:00+00:00,2026-11-11 00:00:00+00:00,,,313,USD,0,,2026-10-04 04:28:04.026484+00:00,travelpayouts,round_trip,latest,0
YTO,Toronto,MIA,Miami,2026-10-09 00:00:00+00:00,2026-10-14 00:00:00+00:00,,,396,USD,1,,2026-10-04 04:28:04.026484+00:00,travelpayouts,round_trip,latest,570
YTO,Toronto,MIA,Miami,2026-10-29 00:00:00+00:00,2026-10-29 00:00:00+00:00,,,407,USD,3,,2026-10-04 04:28:04.026484+00:00,travelpayouts,round_trip,latest,1714
YTO,Toronto,MIA,Miami,2026-11-15 00:00:00+00:00,,,,165,USD,0,,2026-10-04 04:28:04.535445+00:00,travelpayouts,one_way,month-matrix,210
YTO,Toronto,MIA,Miami,2026-11-08 00:00:00+00:00,,,,174,USD,0,,2026-10-04 04:28:04.535445+00:00,travelpayouts,one_way,month-matrix,0
YTO,Toronto,MIA,Miami,2026-11-09 00:00:00+00:00,,,,174,USD,0,,2026-10-04 04:28:04.535445+00:00,travelpayouts,one_way,month-matrix,0
YTO,Toronto,MIA,Miami,2026-11-10 00:00:00+00:00,,,,174,USD,0,,2026-10-04 04:28:04.535445+00:00,travelpayouts,one_way,month-matrix,0
YTO,Toronto,MIA,Miami,2026-11-11 00:00:00+00:00,,,,174,USD,0,,2026-10-04 04:28:04.535445+00:00,travelpayouts,one_way,month-matrix,0
YTO,Toronto,MIA,Miami,2026-11-12 00:00:00+00:00,,,,174,USD,0,,2026-10-04 04:28:04.535445+00:00,travelpayouts,one_way,month-matrix,0
YTO,Toronto,MIA,Miami,2026-11-13 00:00:00+00:00,,,,174,USD,0,,2026-10-04 04:28:04.535445+00:00,travelpayouts,one_way,month-matrix,0
YTO,Toronto,MIA,Miami,2026-11-15 14:35:00+00:00,,TS,7543,165,USD,0,,2026-10-04 04:28:05.073205+00:00,travelpayouts,one_way,prices_for_dates,210
YTO,Toronto,MIA,Miami,2026-12-24 00:00:00+00:00,2026-12-27 00:00:00+00:00,,,555,USD,1,,2026-10-04 04:28:09.263657+00:00,travelpayouts,round_trip,month-matrix,817
YTO,Toronto,MIA,Miami,2026-12-24 17:30:00+00:00,2026-12-27 13:50:00+00:00,AA,5425,555,USD,1,,2026-10-04 04:28:09.793397+00:00,travelpayouts,round_trip,prices_for_dates,817
YTO,Toronto,MIA,Miami,2027-01-02 15:30:00+00:00,,UA,3648,458,USD,1,2026-10-04 05:28:12+00:00,2026-10-04 04:28:12.420258+00:00,travelpayouts,one_way,calendar,
YTO,Toronto,MIA,Miami,2027-01-11 14:15:00+00:00,,WS,1140,355,USD,2,2026-10-04 05:28:12+00:00,2026-10-04 04:28:12.420258+00:00,travelpayouts,one_way,calendar,
YTO,Toronto,MIA,Miami,2027-01-25 11:30:00+00:00,,F8,1690,437,USD,2,2026-10-04 05:28:12+00:00,2026-10-04 04:28:12.420258+00:00,travelpayouts,one_way,calendar,
YTO,Toronto,MIA,Miami,2027-01-11 00:00:00+00:00,2027-01-16 00:00:00+00:00,,,283,USD,0,,2026-10-04 04:28:12.943489+00:00,travelpayouts,round_trip,month-matrix,0
YTO,Toronto,MIA,Miami,2027-01-02 00:00:00+00:00,2027-01-06 00:00:00+00:00,,,458,USD,1,,2026-10-04 04:28:12.943489+00:00,travelpayouts,round_trip,month-matrix,1141
YTO,Toronto,MIA,Miami,2027-01-02 15:30:00+00:00,2027-01-06 13:00:00+00:00,UA,3648,458,USD,1,,2026-10-04 04:28:13.456022+00:00,travelpayouts,round_trip,prices_for_dates,1141
YTO,Toronto,BCN,Barcelona,2026-10-06 00:00:00+00:00,,,,222,USD,1,,2026-10-04 04:28:14.537403+00:00,travelpayouts,one_way,month-matrix,1000
YTO,Toronto,BCN,Barcelona,2026-10-05 00:00:00+00:00,,,,225,USD,0,,2026-10-04 04:28:14.537403+00:00,travelpayouts,one_way,month-matrix,0
YTO,Toronto,BCN,Barcelona,2026-10-04 00:00:00+00:00,,,,229,USD,1,,2026-10-04 04:28:14.537403+00:00,travelpayouts,one_way,month-matrix,1165
YTO,Toronto,BCN,Barcelona,2026-10-11 00:00:00+00:00,,,,260,USD,1,,2026-10-04 04:28:14.537403+00:00,travelpayouts,one_way,month-matrix,2435
YTO,Toronto,BCN,Barcelona,2026-10-15 00:00:00+00:00,,,,262,USD,2,,2026-10-04 04:28:14.537403+00:00,travelpayouts,one_way,month-matrix,1160
YTO,Toronto,BCN,Barcelona,2026-10-10 00:00:00+00:00,,,,281,USD,1,,2026-10-04 04:28:14.537403+00:00,travelpayouts,one_way,month-matrix,995
YTO,Toronto,BCN,Barcelona,2026-10-12 00:00:00+00:00,,,,288,USD,1,,2026-10-04 04:28:14.537403+00:00,travelpayouts,one_way,month-matrix,665
YTO,Toronto,BCN,Barcelona,2026-10-13 00:00:00+00:00,,,,300,USD,0,,2026-10-04 04:28:14.537403+00:00,travelpayouts,one_way,month-matrix,0
YTO,Toronto,BCN,Barcelona,2026-10-19 00:00:00+00:00,,,,308,USD,1,,2026-10-04 04:28:14.537403+00:00,travelpayouts,one_way,month-matrix,1440
YTO,Toronto,BCN,Barcelona,2026-10-14 00:00:00+00:00,,,,312,USD,1,,2026-10-04 04:28:14.537403+00:00,travelpayouts,one_way,month-matrix,665
YTO,Toronto,BCN,Barcelona,2026-10-17 00:00:00+00:00,,,,316,USD,0,,2026-10-04 04:28:14.537403+00:00,travelpayouts,one_way,month-matrix,0
YTO,Toronto,BCN,Barcelona,2026-10-18 00:00:00+00:00,,,,316,USD,0,,2026-10-04 04:28:14.537403+00:00,travelpayouts,one_way,month-matrix,0
YTO,Toronto,BCN,Barcelona,2026-10-16 00:00:00+00:00,,,,324,USD,1,,2026-10-04 04:28:14.537403+00:00,travelpayouts,one_way,month-matrix,1440
YTO,Toronto,BCN,Barcelona,2026-10-09 00:00:00+00:00,,,,324,USD,2,,2026-10-04 04:28:14.537403+00:00,travelpayouts,one_way,month-matrix,1485
YTO,Toronto,BCN,Barcelona,2026-10-07 00:00:00+00:00,,,,332,USD,2,,2026-10-04 04:28:14.537403+00:00,travelpayouts,one_way,month-matrix,870
YTO,Toronto,BCN,Barcelona,2026-10-20 00:00:00+00:00,,,,337,USD,0,,2026-10-04 04:28:14.537403+00:00,travelpayouts,one_way,month-matrix,0
YTO,Toronto,BCN,Barcelona,2026-10-21 00:00:00+00:00,,,,337,USD,0,,2026-10-04 04:28:14.537403+00:00,travelpayouts,one_way,month-matrix,0
YTO,Toronto,BCN,Barcelona,2026-10-22 00:00:00+00:00,,,,337,USD,0,,2026-10-04 04:28:14.537403+00:00,travelpayouts,one_way,month-matrix,0
YTO,Toronto,BCN,Barcelona,2026-10-08 00:00:00+00:00,,,,348,USD,1,,2026-10-04 04:28:14.537403+00:00,travelpayouts,one_way,month-matrix,2480
YTO,Toronto,BCN,Barcelona,2026-10-29 00:00:00+00:00,,,,367,USD,1,,2026-10-04 04:28:14.537403+00:00,travelpayouts,one_way,month-matrix,2030
YTO,Toronto,BCN,Barcelona,2026-10-30 00:00:00+00:00,,,,415,USD,1,,2026-10-04 04:28:14.537403+00:00,travelpayouts,one_way,month-matrix,2060
YTO,Toronto,BCN,Barcelona,2026-10-07 03:55:00+00:00,,TS,230,222,USD,1,,2026-10-04 04:28:15.043301+00:00,travelpayouts,one_way,prices_for_dates,1000
YTO,Toronto,BCN,Barcelona,2026-10-05 03:55:00+00:00,,TS,230,229,USD,1,,2026-10-04 04:28:15.043301+00:00,travelpayouts,one_way,prices_for_dates,1165
YTO,Toronto,BCN,Barcelona,2026-10-12 03:55:00+00:00,,TS,230,260,USD,1,,2026-10-04 04:28:15.043301+00:00,travelpayouts,one_way,prices_for_dates,2435
YTO,Toronto,BCN,Barcelona,2026-10-16 03:55:00+00:00,,TS,230,262,USD,2,,2026-10-04 04:28:15.043301+00:00,travelpayouts,one_way,prices_for_dates,1160
YTO,Toronto,BCN,Barcelona,2026-10-11 03:55:00+00:00,,TS,230,281,USD,1,,2026-10-04 04:28:15.043301+00:00,travelpayouts,one_way,prices_for_dates,995
YTO,Toronto,BCN,Barcelona,2026-10-12 23:55:00+00:00,,P3,2485,288,USD,1,,2026-10-04 04:28:15.043301+00:00,travelpayouts,one_way,prices_for_dates,665
YTO,Toronto,BCN,Barcelona,2026-10-19 11:00:00+00:00,,PD,7326,308,USD,1,,2026-10-04 04:28:15.043301+00:00,travelpayouts,one_way,prices_for_dates,1440
YTO,Toronto,BCN,Barcelona,2026-10-14 23:55:00+00:00,,PD,2485,312,USD,1,,2026-10-04 04:28:15.043301+00:00,travelpayouts,one_way,prices_for_dates,665
YTO,Toronto,BCN,Barcelona,2026-10-16 11:00:00+00:00,,PD,2487,324,USD,1,,2026-10-04 04:28:15.043301+00:00,travelpayouts,one_way,prices_for_dates,1440
YTO,Toronto,BCN,Barcelona,2026-10-09 15:55:00+00:00,,PD,2221,324,USD,2,,2026-10-04 04:28:15.043301+00:00,travelpayouts,one_way,prices_for_dates,1485
YTO,Toronto,BCN,Barcelona,2026-10-07 22:00:00+00:00,,TS,531,332,USD,2,,2026-10-04 04:28:15.043301+00:00,travelpayouts,one_way,prices_for_dates,870
YTO,Toronto,BCN,Barcelona,2026-10-09 01:40:00+00:00,,TS,308,348,USD,1,,2026-10-04 04:28:15.043301+00:00,travelpayouts,one_way,prices_for_dates,2480
YTO,Toronto,BCN,Barcelona,2026-10-30 00:40:00+00:00,,FI,602,367,USD,1,,2026-10-04 04:28:15.043301+00:00,travelpayouts,one_way,prices_for_dates,2030
YTO,Toronto,BCN,Barcelona,2026-10-31 00:10:00+00:00,,TS,764,415,USD,1,,2026-10-04 04:28:15.043301+00:00,travelpayouts,one_way,prices_for_dates,2060
YTO,Toronto,BCN,Barcelona,2026-10-06 00:00:00+00:00,,,,232,USD,1,,2026-10-04 04:28:15.578607+00:00,travelpayouts,one_way,latest,660
YTO,Toronto,BCN,Barcelona,2026-10-05 00:00:00+00:00,,,,241,USD,0,,2026-10-04 04:28:15.578607+00:00,travelpayouts,one_way,latest,0
YTO,Toronto,BCN,Barcelona,2026-10-04 00:00:00+00:00,,,,250,USD,1,,2026-10-04 04:28:15.578607+00:00,travelpayouts,one_way,latest,2435
YTO,Toronto,BCN,Barcelona,2026-10-12 00:00:00+00:00,,,,308,USD,1,,2026-10-04 04:28:15.578607+00:00,travelpayouts,one_way,latest,665
YTO,Toronto,BCN,Barcelona,2026-10-13 00:00:00+00:00,,,,310,USD,0,,2026-10-04 04:28:15.578607+00:00,travelpayouts,one_way,latest,0
YTO,Toronto,BCN,Barcelona,2026-10-09 00:00:00+00:00,,,,361,USD,2,,2026-10-04 04:28:15.578607+00:00,travelpayouts,one_way,latest,1320
YTO,Toronto,BCN,Barcelona,2026-10-18 00:00:00+00:00,2026-11-18 00:00:00+00:00,,,598,USD,1,,2026-10-04 04:28:16.094922+00:00,travelpayouts,round_trip,month-matrix,1405
YTO,Toronto,BCN,Barcelona,2026-10-16 00:00:00+00:00,2026-11-29 00:00:00+00:00,,,613,USD,1,,2026-10-04 04:28:16.094922+00:00,travelpayouts,round_trip,month-matrix,1540
YTO,Toronto,BCN,Barcelona,2026-10-04 00:00:00+00:00,2026-10-10 00:00:00+00:00,,,698,USD,1,,2026-10-04 04:28:16.094922+00:00,travelpayouts,round_trip,month-matrix,1567
YTO,Toronto,BCN,Barcelona,2026-10-05 00:00:00+00:00,2026-10-10 00:00:00+00:00,,,698,USD,1,,2026-10-04 04:28:16.094922+00:00,travelpayouts,round_trip,month-matrix,2659
YTO,Toronto,BCN,Barcelona,2026-10-23 00:00:00+00:00,2026-11-08 00:00:00+00:00,,,709,USD,1,,2026-10-04 04:28:16.094922+00:00,travelpayouts,round_trip,month-matrix,1580
YTO,Toronto,BCN,Barcelona,2026-10-09 00:00:00+00:00,2026-10-16 00:00:00+00:00,,,716,USD,1,,2026-10-04 04:28:16.094922+00:00,travelpayouts,round_trip,month-matrix,2775
YTO,Toronto,BCN,Barcelona,2026-10-26 00:00:00+00:00,2026-11-12 00:00:00+00:00,,,719,USD,1,,2026-10-04 04:28:16.094922+00:00,travelpayouts,round_trip,month-matrix,1865
YTO,Toronto,BCN,Barcelona,2026-10-23 00:00:00+00:00,2026-11-07 00:00:00+00:00,,,720,USD,1,,2026-10-04 04:28:16.094922+00:00,travelpayouts,round_trip,month-matrix,1325
YTO,Toronto,BCN,Barcelona,2026-10-23 00:00:00+00:00,2026-11-09 00:00:00+00:00,,,720,USD,1,,2026-10-04 04:28:16.094922+00:00,travelpayouts,round_trip,month-matrix,1335
YTO,Toronto,BCN,Barcelona,2026-10-13 00:00:00+00:00,2026-10-19 00:00:00+00:00,,,731,USD,1,,2026-10-04 04:28:16.094922+00:00,travelpayouts,round_trip,month-matrix,2580
YTO,Toronto,BCN,Barcelona,2026-10-15 00:00:00+00:00,2026-10-18 00:00:00+00:00,,,804,USD,2,,2026-10-04 04:28:16.094922+00:00,travelpayouts,round_trip,month-matrix,4617
YTO,Toronto,BCN,Barcelona,2026-10-09 00:00:00+00:00,2026-10-17 00:00:00+00:00,,,874,USD,1,,2026-10-04 04:28:16.094922+00:00,travelpayouts,round_trip,month-matrix,3120
YTO,Toronto,BCN,Barcelona,2026-10-18 23:55:00+00:00,2026-11-18 08:30:00+00:00,PD,2485,598,USD,1,,2026-10-04 04:28:16.617575+00:00,travelpayouts,round_trip,prices_for_dates,1405
YTO,Toronto,BCN,Barcelona,2026-10-16 23:55:00+00:00,2026-11-29 08:30:00+00:00,PD,2485,613,USD,1,,2026-10-04 04:28:16.617575+00:00,travelpayouts,round_trip,prices_for_dates,1540
YTO,Toronto,BCN,Barcelona,2026-10-04 17:55:00+00:00,2026-10-10 09:15:00+00:00,UA,8266,698,USD,1,,2026-10-04 04:28:16.617575+00:00,travelpayouts,round_trip,prices_for_dates,1567
YTO,Toronto,BCN,Barcelona,2026-10-05 23:43:00+00:00,2026-10-10 09:15:00+00:00,AC,3904,698,USD,1,,2026-10-04 04:28:16.617575+00:00,travelpayouts,round_trip,prices_for_dates,2659
YTO,Toronto,BCN,Barcelona,2026-10-23 21:10:00+00:00,2026-11-08 11:00:00+00:00,IB,368,709,USD,1,,2026-10-04 04:28:16.617575+00:00,travelpayouts,round_trip,prices_for_dates,1580
YTO,Toronto,BCN,Barcelona,2026-10-09 23:25:00+00:00,2026-10-16 10:50:00+00:00,AA,4438,716,USD,1,,2026-10-04 04:28:16.617575+00:00,travelpayouts,round_trip,prices_for_dates,2775
YTO,Toronto,BCN,Barcelona,2026-10-26 17:15:00+00:00,2026-11-12 11:00:00+00:00,AA,3606,719,USD,1,,2026-10-04 04:28:16.617575+00:00,travelpayouts,round_trip,prices_for_dates,1865
YTO,Toronto,BCN,Barcelona,2026-10-23 21:10:00+00:00,2026-11-07 13:45:00+00:00,IB,368,720,USD,1,,2026-10-04 04:28:16.617575+00:00,travelpayouts,round_trip,prices_for_dates,1325
YTO,Toronto,BCN,Barcelona,2026-10-23 21:10:00+00:00,2026-11-09 09:15:00+00:00,IB,368,720,USD,1,,2026-10-04 04:28:16.617575+00:00,travelpayouts,round_trip,prices_for_dates,1335
YTO,Toronto,BCN,Barcelona,2026-10-13 23:55:00+00:00,2026-10-19 17:00:00+00:00,DE,2403,731,USD,1,,2026-10-04 04:28:16.617575+00:00,travelpayouts,round_trip,prices_for_dates,2580
YTO,Toronto,BCN,Barcelona,2026-10-16 03:55:00+00:00,2026-10-18 06:45:00+00:00,TS,230,804,USD,1,,2026-10-04 04:28:16.617575+00:00,travelpayouts,round_trip,prices_for_dates,4617
YTO,Toronto,BCN,Barcelona,2026-10-09 23:25:00+00:00,2026-10-17 21:10:00+00:00,AA,4438,874,USD,1,,2026-10-04 04:28:16.617575+00:00,travelpayouts,round_trip,prices_for_dates,3120
YTO,Toronto,BCN,Barcelona,2026-11-18 00:00:00+00:00,,,,299,USD,1,,2026-10-04 04:28:17.656650+00:00,travelpayouts,one_way,month-matrix,1180
YTO,Toronto,BCN,Barcelona,2026-11-17 00:00:00+00:00,,,,300,USD,1,,2026-10-04 04:28:17.656650+00:00,travelpayouts,one_way,month-matrix,655
YTO,Toronto,BCN,Barcelona,2026-11-15 00:00:00+00:00,,,,308,USD,2,,2026-10-04 04:28:17.656650+00:00,travelpayouts,one_way,month-matrix,1465
YTO,Toronto,BCN,Barcelona,2026-11-13 00:00:00+00:00,,,,323,USD,1,,2026-10-04 04:28:17.656650+00:00,travelpayouts,one_way,month-matrix,1725
YTO,Toronto,BCN,Barcelona,2026-11-14 00:00:00+00:00,,,,334,USD,1,,2026-10-04 04:28:17.656650+00:00,travelpayouts,one_way,month-matrix,1955
YTO,Toronto,BCN,Barcelona,2026-11-07 00:00:00+00:00,,,,374,USD,2,,2026-10-04 04:28:17.656650+00:00,travelpayouts,one_way,month-matrix,2569
YTO,Toronto,BCN,Barcelona,2026-11-01 00:00:00+00:00,,,,391,USD,1,,2026-10-04 04:28:17.656650+00:00,travelpayouts,one_way,month-matrix,1140
YTO,Toronto,BCN,Barcelona,2026-11-03 00:00:00+00:00,,,,395,USD,1,,2026-10-04 04:28:17.656650+00:00,travelpayouts,one_way,month-matrix,735
YTO,Toronto,BCN,Barcelona,2026-11-18 23:45:00+00:00,,PD,7480,299,USD,1,,2026-10-04 04:28:18.182679+00:00,travelpayouts,one_way,prices_for_dates,1180
YTO,Toronto,BCN,Barcelona,2026-11-17 19:45:00+00:00,,PD,2471,300,USD,1,,2026-10-04 04:28:18.182679+00:00,travelpayouts,one_way,prices_for_dates,655
YTO,Toronto,BCN,Barcelona,2026-11-15 22:50:00+00:00,,PD,2477,308,USD,2,,2026-10-04 04:28:18.182679+00:00,travelpayouts,one_way,prices_for_dates,1465
YTO,Toronto,BCN,Barcelona,2026-11-14 01:55:00+00:00,,PD,2487,323,USD,1,,2026-10-04 04:28:18.182679+00:00,travelpayouts,one_way,prices_for_dates,1725
YTO,Toronto,BCN,Barcelona,2026-11-14 23:45:00+00:00,,TS,480,334,USD,1,,2026-10-04 04:28:18.182679+00:00,travelpayouts,one_way,prices_for_dates,1955
YTO,Toronto,BCN,Barcelona,2026-11-08 04:10:00+00:00,,PD,113,374,USD,2,,2026-10-04 04:28:18.182679+00:00,travelpayouts,one_way,prices_for_dates,2569
YTO,Toronto,BCN,Barcelona,2026-11-02 03:45:00+00:00,,TP,262,391,USD,1,,2026-10-04 04:28:18.182679+00:00,travelpayouts,one_way,prices_for_dates,1140
YTO,Toronto,BCN,Barcelona,2026-11-03 22:30:00+00:00,,TP,258,395,USD,1,,2026-10-04 04:28:18.182679+00:00,travelpayouts,one_way,prices_for_dates,735
YTO,Toronto,BCN,Barcelona,2026-11-21 00:00:00+00:00,2026-11-29 00:00:00+00:00,,,604,USD,1,,2026-10-04 04:28:19.315649+00:00,travelpayouts,round_trip,month-matrix,1585
YTO,Toronto,BCN,Barcelona,2026-11-22 00:00:00+00:00,2026-11-29 00:00:00+00:00,,,609,USD,1,,2026-10-04 04:28:19.315649+00:00,travelpayouts,round_trip,month-matrix,1755
YTO,Toronto,BCN,Barcelona,2026-11-12 00:00:00+00:00,2026-11-26 00:00:00+00:00,,,625,USD,1,,2026-10-04 04:28:19.315649+00:00,travelpayouts,round_trip,month-matrix,4040
YTO,Toronto,BCN,Barcelona,2026-11-02 00:00:00+00:00,2026-11-15 00:00:00+00:00,,,701,USD,1,,2026-10-04 04:28:19.315649+00:00,travelpayouts,round_trip,month-matrix,2820
YTO,Toronto,BCN,Barcelona,2026-11-21 00:00:00+00:00,2026-11-28 00:00:00+00:00,,,710,USD,1,,2026-10-04 04:28:19.315649+00:00,travelpayouts,round_trip,month-matrix,1750
YTO,Toronto,BCN,Barcelona,2026-11-01 00:00:00+00:00,2026-11-15 00:00:00+00:00,,,716,USD,1,,2026-10-04 04:28:19.315649+00:00,travelpayouts,round_trip,month-matrix,2016
YTO,Toronto,BCN,Barcelona,2026-11-19 00:00:00+00:00,2026-11-27 00:00:00+00:00,,,727,USD,1,,2026-10-04 04:28:19.315649+00:00,travelpayouts,round_trip,month-matrix,1405
YTO,Toronto,BCN,Barcelona,2026-11-21 19:45:00+00:00,2026-11-29 08:30:00+00:00,PD,2471,604,USD,1,,2026-10-04 04:28:19.782048+00:00,travelpayouts,round_trip,prices_for_dates,1585
YTO,Toronto,BCN,Barcelona,2026-11-23 03:45:00+00:00,2026-11-29 05:45:00+00:00,TP,262,609,USD,1,,2026-10-04 04:28:19.782048+00:00,travelpayouts,round_trip,prices_for_dates,1755
YTO,Toronto,BCN,Barcelona,2026-11-13 00:40:00+00:00,2026-11-26 13:45:00+00:00,FI,602,625,USD,1,,2026-10-04 04:28:19.782048+00:00,travelpayouts,round_trip,prices_for_dates,4040
YTO,Toronto,BCN,Barcelona,2026-11-03 01:30:00+00:00,2026-11-15 05:20:00+00:00,AC,7976,701,USD,1,,2026-10-04 04:28:19.782048+00:00,travelpayouts,round_trip,prices_for_dates,2820
YTO,Toronto,BCN,Barcelona,2026-11-21 15:45:00+00:00,2026-11-28 08:55:00+00:00,AC,7958,710,USD,1,,2026-10-04 04:28:19.782048+00:00,travelpayouts,round_trip,prices_for_dates,1750
YTO,Toronto,BCN,Barcelona,2026-11-01 12:14:00+00:00,2026-11-15 11:00:00+00:00,AA,2589,716,USD,1,,2026-10-04 04:28:19.782048+00:00,travelpayouts,round_trip,prices_for_dates,2016
YTO,Toronto,BCN,Barcelona,2026-11-20 03:20:00+00:00,2026-11-27 13:40:00+00:00,BA,98,727,USD,1,,2026-10-04 04:28:19.782048+00:00,travelpayouts,round_trip,prices_for_dates,1405
YTO,Toronto,BCN,Barcelona,2026-12-01 00:00:00+00:00,,,,391,USD,1,,2026-10-04 04:28:20.813420+00:00,travelpayouts,one_way,month-matrix,855
YTO,Toronto,BCN,Barcelona,2026-12-01 22:30:00+00:00,,TP,258,391,USD,1,,2026-10-04 04:28:21.337127+00:00,travelpayouts,one_way,prices_for_dates,855
YTO,Toronto,BCN,Barcelona,2026-12-03 00:00:00+00:00,2027-01-13 00:00:00+00:00,,,529,USD,1,,2026-10-04 04:28:22.396501+00:00,travelpayouts,round_trip,month-matrix,1735
YTO,Toronto,BCN,Barcelona,2026-12-26 00:00:00+00:00,2027-01-05 00:00:00+00:00,,,812,USD,1,,2026-10-04 04:28:22.396501+00:00,travelpayouts,round_trip,month-matrix,1924
YTO,Toronto,BCN,Barcelona,2026-12-23 00:00:00+00:00,2027-01-08 00:00:00+00:00,,,864,USD,2,,2026-10-04 04:28:22.396501+00:00,travelpayouts,round_trip,month-matrix,2129
YTO,Toronto,BCN,Barcelona,2026-12-22 00:00:00+00:00,2027-01-09 00:00:00+00:00,,,898,USD,1,,2026-10-04 04:28:22.396501+00:00,travelpayouts,round_trip,month-matrix,2344
YTO,Toronto,BCN,Barcelona,2026-12-26 00:00:00+00:00,2027-01-03 00:00:00+00:00,,,994,USD,1,,2026-10-04 04:28:22.396501+00:00,travelpayouts,round_trip,month-matrix,3595
YTO,Toronto,BCN,Barcelona,2026-12-03 22:30:00+00:00,2027-01-13 11:35:00+00:00,TP,258,529,USD,1,,2026-10-04 04:28:22.908540+00:00,travelpayouts,round_trip,prices_for_dates,1735
YTO,Toronto,BCN,Barcelona,2026-12-26 23:05:00+00:00,2027-01-05 17:45:00+00:00,AA,6917,812,USD,1,,2026-10-04 04:28:22.908540+00:00,travelpayouts,round_trip,prices_for_dates,1924
YTO,Toronto,BCN,Barcelona,2026-12-23 15:55:00+00:00,2027-01-08 11:40:00+00:00,AA,6044,864,USD,2,,2026-10-04 04:28:22.908540+00:00,travelpayouts,round_trip,prices_for_dates,2129
YTO,Toronto,BCN,Barcelona,2026-12-22 18:05:00+00:00,2027-01-09 17:45:00+00:00,AA,1572,898,USD,1,,2026-10-04 04:28:22.908540+00:00,travelpayouts,round_trip,prices_for_dates,2344
YTO,Toronto,BCN,Barcelona,2026-12-27 03:20:00+00:00,2027-01-03 13:55:00+00:00,AA,6921,994,USD,1,,2026-10-04 04:28:22.908540+00:00,travelpayouts,round_trip,prices_for_dates,3595
YTO,Toronto,BCN,Barcelona,2027-01-06 00:00:00+00:00,,,,376,USD,1,,2026-10-04 04:28:23.960151+00:00,travelpayouts,one_way,month-matrix,935
YTO,Toronto,BCN,Barcelona,2027-01-07 03:45:00+00:00,,TP,262,376,USD,1,,2026-10-04 04:28:24.487539+00:00,travelpayouts,one_way,prices_for_dates,935
YTO,Toronto,BCN,Barcelona,2027-01-02 00:00:00+00:00,2027-01-18 00:00:00+00:00,,,655,USD,1,,2026-10-04 04:28:25.578606+00:00,travelpayouts,round_trip,month-matrix,2705
YTO,Toronto,BCN,Barcelona,2027-01-03 01:30:00+00:00,2027-01-18 12:35:00+00:00,QK,7976,655,USD,1,,2026-10-04 04:28:26.054278+00:00,travelpayouts,round_trip,prices_for_dates,2705
YTO,Toronto,MAD,Madrid,2026-10-17 00:00:00+00:00,,,,324,USD,1,,2026-10-04 04:28:27.103393+00:00,travelpayouts,one_way,month-matrix,1890
YTO,Toronto,MAD,Madrid,2026-10-18 00:00:00+00:00,,,,330,USD,0,,2026-10-04 04:28:27.103393+00:00,travelpayouts,one_way,month-matrix,0
YTO,Toronto,MAD,Madrid,2026-10-19 00:00:00+00:00,,,,336,USD,1,,2026-10-04 04:28:27.103393+00:00,travelpayouts,one_way,month-matrix,825
YTO,Toronto,MAD,Madrid,2026-10-20 00:00:00+00:00,,,,343,USD,2,,2026-10-04 04:28:27.103393+00:00,travelpayouts,one_way,month-matrix,955
YTO,Toronto,MAD,Madrid,2026-10-05 00:00:00+00:00,,,,345,USD,1,,2026-10-04 04:28:27.103393+00:00,travelpayouts,one_way,month-matrix,1165
YTO,Toronto,MAD,Madrid,2026-10-04 00:00:00+00:00,,,,363,USD,2,,2026-10-04 04:28:27.103393+00:00,travelpayouts,one_way,month-matrix,3455
YTO,Toronto,MAD,Madrid,2026-10-16 00:00:00+00:00,,,,374,USD,1,,2026-10-04 04:28:27.103393+00:00,travelpayouts,one_way,month-matrix,645
YTO,Toronto,MAD,Madrid,2026-10-06 00:00:00+00:00,,,,374,USD,2,,2026-10-04 04:28:27.103393+00:00,travelpayouts,one_way,month-matrix,1230
YTO,Toronto,MAD,Madrid,2026-10-09 00:00:00+00:00,,,,380,USD,0,,2026-10-04 04:28:27.103393+00:00,travelpayouts,one_way,month-matrix,0
YTO,Toronto,MAD,Madrid,2026-10-10 00:00:00+00:00,,,,380,USD,0,,2026-10-04 04:28:27.103393+00:00,travelpayouts,one_way,month-matrix,0
YTO,Toronto,MAD,Madrid,2026-10-11 00:00:00+00:00,,,,380,USD,0,,2026-10-04 04:28:27.103393+00:00,travelpayouts,one_way,month-matrix,0
YTO,Toronto,MAD,Madrid,2026-10-12 00:00:00+00:00,,,,380,USD,0,,2026-10-04 04:28:27.103393+00:00,travelpayouts,one_way,month-matrix,0
YTO,Toronto,MAD,Madrid,2026-10-13 00:00:00+00:00,,,,380,USD,0,,2026-10-04 04:28:27.103393+00:00,travelpayouts,one_way,month-matrix,0
YTO,Toronto,MAD,Madrid,2026-10-14 00:00:00+00:00,,,,380,USD,0,,2026-10-04 04:28:27.103393+00:00,travelpayouts,one_way,month-matrix,0
YTO,Toronto,MAD,Madrid,2026-10-15 00:00:00+00:00,,,,380,USD,0,,2026-10-04 04:28:27.103393+00:00,travelpayouts,one_way,month-matrix,0
YTO,Toronto,MAD,Madrid,2026-10-08 00:00:00+00:00,,,,387,USD,2,,2026-10-04 04:28:27.103393+00:00,travelpayouts,one_way,month-matrix,2675
YTO,Toronto,MAD,Madrid,2026-10-07 00:00:00+00:00,,,,477,USD,2,,2026-10-04 04:28:27.103393+00:00,travelpayouts,one_way,month-matrix,1335
YTO,Toronto,MAD,Madrid,2026-10-18 03:55:00+00:00,,TS,230,324,USD,1,,2026-10-04 04:28:27.692972+00:00,travelpayouts,one_way,prices_for_dates,1890
YTO,Toronto,MAD,Madrid,2026-10-19 20:55:00+00:00,,PD,2473,336,USD,1,,2026-10-04 04:28:27.692972+00:00,travelpayouts,one_way,prices_for_dates,825
YTO,Toronto,MAD,Madrid,2026-10-21 03:55:00+00:00,,TS,230,343,USD,2,,2026-10-04 04:28:27.692972+00:00,travelpayouts,one_way,prices_for_dates,955
YTO,Toronto,MAD,Madrid,2026-10-06 02:55:00+00:00,,TP,262,345,USD,1,,2026-10-04 04:28:27.692972+00:00,travelpayouts,one_way,prices_for_dates,1165
YTO,Toronto,MAD,Madrid,2026-10-04 22:10:00+00:00,,PD,2632,363,USD,2,,2026-10-04 04:28:27.692972+00:00,travelpayouts,one_way,prices_for_dates,3455
YTO,Toronto,MAD,Madrid,2026-10-16 23:55:00+00:00,,PD,2485,374,USD,1,,2026-10-04 04:28:27.692972+00:00,travelpayouts,one_way,prices_for_dates,645
YTO,Toronto,MAD,Madrid,2026-10-07 01:40:00+00:00,,TS,308,374,USD,2,,2026-10-04 04:28:27.692972+00:00,travelpayouts,one_way,prices_for_dates,1230
YTO,Toronto,MAD,Madrid,2026-10-09 00:45:00+00:00,,TS,7267,387,USD,2,,2026-10-04 04:28:27.692972+00:00,travelpayouts,one_way,prices_for_dates,2675
YTO,Toronto,MAD,Madrid,2026-10-08 00:45:00+00:00,,S4,322,477,USD,2,,2026-10-04 04:28:27.692972+00:00,travelpayouts,one_way,prices_for_dates,1335
YTO,Toronto,MAD,Madrid,2026-10-31 00:00:00+00:00,2026-11-14 00:00:00+00:00,,,728,USD,1,,2026-10-04 04:28:28.684710+00:00,travelpayouts,round_trip,month-matrix,1570
YTO,Toronto,MAD,Madrid,2026-10-31 20:15:00+00:00,2026-11-14 12:15:00+00:00,AA,5884,728,USD,1,,2026-10-04 04:28:29.207634+00:00,travelpayouts,round_trip,prices_for_dates,1570
YTO,Toronto,MAD,Madrid,2026-11-23 00:00:00+00:00,,,,334,USD,1,,2026-10-04 04:28:30.249256+00:00,travelpayouts,one_way,month-matrix,745
YTO,Toronto,MAD,Madrid,2026-11-06 00:00:00+00:00,,,,356,USD,1,,2026-10-04 04:28:30.249256+00:00,travelpayouts,one_way,month-matrix,1195
YTO,Toronto,MAD,Madrid,2026-11-24 03:45:00+00:00,,TP,262,334,USD,1,,2026-10-04 04:28:30.776358+00:00,travelpayouts,one_way,prices_for_dates,745
YTO,Toronto,MAD,Madrid,2026-11-07 00:10:00+00:00,,TS,764,356,USD,1,,2026-10-04 04:28:30.776358+00:00,travelpayouts,one_way,prices_for_dates,1195
YTO,Toronto,MAD,Madrid,2026-11-20 00:00:00+00:00,2026-11-30 00:00:00+00:00,,,558,USD,2,,2026-10-04 04:28:31.833171+00:00,travelpayouts,round_trip,month-matrix,2650
YTO,Toronto,MAD,Madrid,2026-11-20 00:00:00+00:00,2026-11-27 00:00:00+00:00,,,675,USD,2,,2026-10-04 04:28:31.833171+00:00,travelpayouts,round_trip,month-matrix,2800
YTO,Toronto,MAD,Madrid,2026-11-01 00:00:00+00:00,2026-11-15 00:00:00+00:00,,,733,USD,1,,2026-10-04 04:28:31.833171+00:00,travelpayouts,round_trip,month-matrix,2272
YTO,Toronto,MAD,Madrid,2026-11-20 22:50:00+00:00,2026-11-30 19:00:00+00:00,PD,2477,558,USD,2,,2026-10-04 04:28:32.349742+00:00,travelpayouts,round_trip,prices_for_dates,2650
YTO,Toronto,MAD,Madrid,2026-11-20 22:50:00+00:00,2026-11-27 14:10:00+00:00,TS,7489,675,USD,2,,2026-10-04 04:28:32.349742+00:00,travelpayouts,round_trip,prices_for_dates,2800
YTO,Toronto,MAD,Madrid,2026-11-01 18:17:00+00:00,2026-11-15 15:20:00+00:00,AA,4369,733,USD,1,,2026-10-04 04:28:32.349742+00:00,travelpayouts,round_trip,prices_for_dates,2272
YTO,Toronto,MAD,Madrid,2026-12-22 15:46:00+00:00,,AA,4347,997,USD,1,2026-10-04 05:28:34+00:00,2026-10-04 04:28:34.972226+00:00,travelpayouts,one_way,calendar,
YTO,Toronto,MAD,Madrid,2026-12-22 00:00:00+00:00,2027-01-09 00:00:00+00:00,,,997,USD,1,,2026-10-04 04:28:35.500961+00:00,travelpayouts,round_trip,month-matrix,2479
YTO,Toronto,MAD,Madrid,2026-12-22 15:46:00+00:00,2027-01-09 17:10:00+00:00,AA,4347,997,USD,1,,2026-10-04 04:28:36.032643+00:00,travelpayouts,round_trip,prices_for_dates,2479
YTO,Toronto,MAD,Madrid,2027-01-06 00:00:00+00:00,,,,331,USD,1,,2026-10-04 04:28:37.080396+00:00,travelpayouts,one_way,month-matrix,745
YTO,Toronto,MAD,Madrid,2027-01-07 03:45:00+00:00,,TP,262,331,USD,1,,2026-10-04 04:28:37.588738+00:00,travelpayouts,one_way,prices_for_dates,745
YTO,Toronto,SFO,San Francisco,2026-10-12 00:00:00+00:00,,,,372,USD,1,,2026-10-04 04:28:41.799973+00:00,travelpayouts,one_way,month-matrix,563
YTO,Toronto,SFO,San Francisco,2026-10-11 00:00:00+00:00,,,,373,USD,0,,2026-10-04 04:28:41.799973+00:00,travelpayouts,one_way,month-matrix,0
YTO,Toronto,SFO,San Francisco,2026-10-10 00:00:00+00:00,,,,373,USD,1,,2026-10-04 04:28:41.799973+00:00,travelpayouts,one_way,month-matrix,563
YTO,Toronto,SFO,San Francisco,2026-10-12 22:21:00+00:00,,AA,1111,372,USD,1,,2026-10-04 04:28:42.319874+00:00,travelpayouts,one_way,prices_for_dates,563
YTO,Toronto,SFO,San Francisco,2026-10-10 22:21:00+00:00,,AA,1111,373,USD,1,,2026-10-04 04:28:42.319874+00:00,travelpayouts,one_way,prices_for_dates,563
YTO,Toronto,SFO,San Francisco,2026-10-08 00:00:00+00:00,2026-10-29 00:00:00+00:00,,,389,USD,1,,2026-10-04 04:28:43.379992+00:00,travelpayouts,round_trip,month-matrix,919
YTO,Toronto,SFO,San Francisco,2026-10-06 00:00:00+00:00,2026-10-26 00:00:00+00:00,,,417,USD,1,,2026-10-04 04:28:43.379992+00:00,travelpayouts,round_trip,month-matrix,965
YTO,Toronto,SFO,San Francisco,2026-10-06 00:00:00+00:00,2026-10-27 00:00:00+00:00,,,417,USD,1,,2026-10-04 04:28:43.379992+00:00,travelpayouts,round_trip,month-matrix,916
YTO,Toronto,SFO,San Francisco,2026-10-06 00:00:00+00:00,2026-10-28 00:00:00+00:00,,,417,USD,0,,2026-10-04 04:28:43.379992+00:00,travelpayouts,round_trip,month-matrix,0
YTO,Toronto,SFO,San Francisco,2026-10-06 00:00:00+00:00,2026-10-29 00:00:00+00:00,,,417,USD,0,,2026-10-04 04:28:43.379992+00:00,travelpayouts,round_trip,month-matrix,0
YTO,Toronto,SFO,San Francisco,2026-10-06 00:00:00+00:00,2026-10-30 00:00:00+00:00,,,417,USD,1,,2026-10-04 04:28:43.379992+00:00,travelpayouts,round_trip,month-matrix,965
YTO,Toronto,SFO,San Francisco,2026-10-07 00:00:00+00:00,2026-10-27 00:00:00+00:00,,,417,USD,1,,2026-10-04 04:28:43.379992+00:00,travelpayouts,round_trip,month-matrix,934
YTO,Toronto,SFO,San Francisco,2026-10-07 00:00:00+00:00,2026-10-28 00:00:00+00:00,,,417,USD,1,,2026-10-04 04:28:43.379992+00:00,travelpayouts,round_trip,month-matrix,993
YTO,Toronto,SFO,San Francisco,2026-10-07 00:00:00+00:00,2026-10-29 00:00:00+00:00,,,417,USD,1,,2026-10-04 04:28:43.379992+00:00,travelpayouts,round_trip,month-matrix,937
YTO,Toronto,SFO,San Francisco,2026-10-07 00:00:00+00:00,2026-10-22 00:00:00+00:00,,,428,USD,0,,2026-10-04 04:28:43.379992+00:00,travelpayouts,round_trip,month-matrix,0
YTO,Toronto,SFO,San Francisco,2026-10-07 00:00:00+00:00,2026-10-23 00:00:00+00:00,,,428,USD,0,,2026-10-04 04:28:43.379992+00:00,travelpayouts,round_trip,month-matrix,0
YTO,Toronto,SFO,San Francisco,2026-10-07 00:00:00+00:00,2026-10-24 00:00:00+00:00,,,428,USD,0,,2026-10-04 04:28:43.379992+00:00,travelpayouts,round_trip,month-matrix,0
YTO,Toronto,SFO,San Francisco,2026-10-07 00:00:00+00:00,2026-10-25 00:00:00+00:00,,,428,USD,0,,2026-10-04 04:28:43.379992+00:00,travelpayouts,round_trip,month-matrix,0
YTO,Toronto,SFO,San Francisco,2026-10-07 00:00:00+00:00,2026-10-26 00:00:00+00:00,,,428,USD,0,,2026-10-04 04:28:43.379992+00:00,travelpayouts,round_trip,month-matrix,0
YTO,Toronto,SFO,San Francisco,2026-10-07 00:00:00+00:00,2026-10-21 00:00:00+00:00,,,438,USD,1,,2026-10-04 04:28:43.379992+00:00,travelpayouts,round_trip,month-matrix,839
YTO,Toronto,SFO,San Francisco,2026-10-08 15:40:00+00:00,2026-10-29 13:47:00+00:00,AA,6488,389,USD,1,,2026-10-04 04:28:43.900219+00:00,travelpayouts,round_trip,prices_for_dates,919
YTO,Toronto,SFO,San Francisco,2026-10-06 15:40:00+00:00,2026-10-27 06:36:00+00:00,AA,6488,417,USD,1,,2026-10-04 04:28:43.900219+00:00,travelpayouts,round_trip,prices_for_dates,965
YTO,Toronto,SFO,San Francisco,2026-10-06 15:40:00+00:00,2026-10-27 14:10:00+00:00,AA,6488,417,USD,1,,2026-10-04 04:28:43.900219+00:00,travelpayouts,round_trip,prices_for_dates,916
YTO,Toronto,SFO,San Francisco,2026-10-06 15:40:00+00:00,2026-10-31 06:36:00+00:00,AA,6488,417,USD,1,,2026-10-04 04:28:43.900219+00:00,travelpayouts,round_trip,prices_for_dates,965
YTO,Toronto,SFO,San Francisco,2026-10-07 17:15:00+00:00,2026-10-27 14:10:00+00:00,AA,3606,417,USD,1,,2026-10-04 04:28:43.900219+00:00,travelpayouts,round_trip,prices_for_dates,934
YTO,Toronto,SFO,San Francisco,2026-10-07 11:29:00+00:00,2026-10-28 14:10:00+00:00,AA,3524,417,USD,1,,2026-10-04 04:28:43.900219+00:00,travelpayouts,round_trip,prices_for_dates,993
YTO,Toronto,SFO,San Francisco,2026-10-07 17:15:00+00:00,2026-10-29 13:47:00+00:00,AA,3606,417,USD,1,,2026-10-04 04:28:43.900219+00:00,travelpayouts,round_trip,prices_for_dates,937
YTO,Toronto,SFO,San Francisco,2026-10-07 11:29:00+00:00,2026-10-21 20:20:00+00:00,AA,3524,438,USD,1,,2026-10-04 04:28:43.900219+00:00,travelpayouts,round_trip,prices_for_dates,839
YTO,Toronto,SFO,San Francisco,2026-11-06 22:55:00+00:00,,UA,2243,374,USD,1,2026-10-04 05:28:46+00:00,2026-10-04 04:28:46.512936+00:00,travelpayouts,one_way,calendar,
YTO,Toronto,SFO,San Francisco,2026-11-09 11:30:00+00:00,,UA,2603,276,USD,0,2026-10-04 05:28:46+00:00,2026-10-04 04:28:46.512936+00:00,travelpayouts,one_way,calendar,
YTO,Toronto,SFO,San Francisco,2026-11-09 00:00:00+00:00,2026-11-10 00:00:00+00:00,,,276,USD,0,,2026-10-04 04:28:47.047520+00:00,travelpayouts,round_trip,month-matrix,657
YTO,Toronto,SFO,San Francisco,2026-11-06 00:00:00+00:00,2026-11-08 00:00:00+00:00,,,374,USD,1,,2026-10-04 04:28:47.047520+00:00,travelpayouts,round_trip,month-matrix,943
YTO,Toronto,SFO,San Francisco,2026-11-09 11:30:00+00:00,2026-11-10 16:10:00+00:00,UA,2603,276,USD,0,,2026-10-04 04:28:47.567720+00:00,travelpayouts,round_trip,prices_for_dates,657
YTO,Toronto,SFO,San Francisco,2026-11-06 22:55:00+00:00,2026-11-08 14:35:00+00:00,UA,2243,374,USD,1,,2026-10-04 04:28:47.567720+00:00,travelpayouts,round_trip,prices_for_dates,943
YTO,Toronto,HKG,Hong Kong,2026-10-23 00:00:00+00:00,,,,512,USD,2,,2026-10-04 04:29:31.081754+00:00,travelpayouts,one_way,month-matrix,2360
YTO,Toronto,HKG,Hong Kong,2026-10-15 00:00:00+00:00,,,,522,USD,2,,2026-10-04 04:29:31.081754+00:00,travelpayouts,one_way,month-matrix,2065
YTO,Toronto,HKG,Hong Kong,2026-10-22 00:00:00+00:00,,,,579,USD,0,,2026-10-04 04:29:31.081754+00:00,travelpayouts,one_way,month-matrix,0
YTO,Toronto,HKG,Hong Kong,2026-10-16 00:00:00+00:00,,,,584,USD,0,,2026-10-04 04:29:31.081754+00:00,travelpayouts,one_way,month-matrix,0
YTO,Toronto,HKG,Hong Kong,2026-10-17 00:00:00+00:00,,,,584,USD,0,,2026-10-04 04:29:31.081754+00:00,travelpayouts,one_way,month-matrix,0
YTO,Toronto,HKG,Hong Kong,2026-10-18 00:00:00+00:00,,,,584,USD,0,,2026-10-04 04:29:31.081754+00:00,travelpayouts,one_way,month-matrix,0
YTO,Toronto,HKG,Hong Kong,2026-10-19 00:00:00+00:00,,,,584,USD,0,,2026-10-04 04:29:31.081754+00:00,travelpayouts,one_way,month-matrix,0
YTO,Toronto,HKG,Hong Kong,2026-10-20 00:00:00+00:00,,,,584,USD,0,,2026-10-04 04:29:31.081754+00:00,travelpayouts,one_way,month-matrix,0
YTO,Toronto,HKG,Hong Kong,2026-10-21 00:00:00+00:00,,,,647,USD,3,,2026-10-04 04:29:31.081754+00:00,travelpayouts,one_way,month-matrix,2085
YTO,Toronto,HKG,Hong Kong,2026-10-23 22:35:00+00:00,,WS,729,512,USD,2,,2026-10-04 04:29:31.602514+00:00,travelpayouts,one_way,prices_for_dates,2360
YTO,Toronto,HKG,Hong Kong,2026-10-15 22:35:00+00:00,,WS,729,522,USD,2,,2026-10-04 04:29:31.602514+00:00,travelpayouts,one_way,prices_for_dates,2065
YTO,Toronto,HKG,Hong Kong,2026-10-21 21:35:00+00:00,,TP,258,647,USD,3,,2026-10-04 04:29:31.602514+00:00,travelpayouts,one_way,prices_for_dates,2085
YTO,Toronto,HKG,Hong Kong,2026-10-16 00:00:00+00:00,2026-10-23 00:00:00+00:00,,,743,USD,1,,2026-10-04 04:29:32.659459+00:00,travelpayouts,round_trip,month-matrix,2580
YTO,Toronto,HKG,Hong Kong,2026-10-29 00:00:00+00:00,2026-11-01 00:00:00+00:00,,,876,USD,2,,2026-10-04 04:29:32.659459+00:00,travelpayouts,round_trip,month-matrix,4420
YTO,Toronto,HKG,Hong Kong,2026-10-16 22:30:00+00:00,2026-10-23 14:30:00+00:00,UA,8433,743,USD,1,,2026-10-04 04:29:33.179504+00:00,travelpayouts,round_trip,prices_for_dates,2580
YTO,Toronto,HKG,Hong Kong,2026-10-29 20:15:00+00:00,2026-11-01 14:55:00+00:00,WS,729,876,USD,2,,2026-10-04 04:29:33.179504+00:00,travelpayouts,round_trip,prices_for_dates,4420
YTO,Toronto,HKG,Hong Kong,2026-11-02 03:20:00+00:00,,WS,737,1115,USD,1,2026-10-04 05:29:35+00:00,2026-10-04 04:29:35.798486+00:00,travelpayouts,one_way,calendar,
YTO,Toronto,HKG,Hong Kong,2026-11-12 21:15:00+00:00,,PR,3037,824,USD,2,2026-10-04 05:29:35+00:00,2026-10-04 04:29:35.798486+00:00,travelpayouts,one_way,calendar,
YTO,Toronto,HKG,Hong Kong,2026-11-12 00:00:00+00:00,2026-12-13 00:00:00+00:00,,,824,USD,2,,2026-10-04 04:29:36.337955+00:00,travelpayouts,round_trip,month-matrix,3155
YTO,Toronto,HKG,Hong Kong,2026-11-01 00:00:00+00:00,2026-11-30 00:00:00+00:00,,,1115,USD,1,,2026-10-04 04:29:36.337955+00:00,travelpayouts,round_trip,month-matrix,4385
YTO,Toronto,HKG,Hong Kong,2026-11-12 21:15:00+00:00,2026-12-13 05:30:00+00:00,PR,3037,824,USD,2,,2026-10-04 04:29:36.849093+00:00,travelpayouts,round_trip,prices_for_dates,3155
YTO,Toronto,HKG,Hong Kong,2026-11-02 03:20:00+00:00,2026-11-30 15:00:00+00:00,WS,737,1115,USD,1,,2026-10-04 04:29:36.849093+00:00,travelpayouts,round_trip,prices_for_dates,4385
YTO,Toronto,HKG,Hong Kong,2026-12-24 00:00:00+00:00,,,,412,USD,1,,2026-10-04 04:29:37.922514+00:00,travelpayouts,one_way,month-matrix,1700
YTO,Toronto,HKG,Hong Kong,2026-12-25 00:00:00+00:00,,,,509,USD,2,,2026-10-04 04:29:37.922514+00:00,travelpayouts,one_way,month-matrix,1730
YTO,Toronto,HKG,Hong Kong,2026-12-19 00:00:00+00:00,,,,716,USD,3,,2026-10-04 04:29:37.922514+00:00,travelpayouts,one_way,month-matrix,5760
YTO,Toronto,HKG,Hong Kong,2026-12-23 00:00:00+00:00,,,,877,USD,1,,2026-10-04 04:29:37.922514+00:00,travelpayouts,one_way,month-matrix,2115
YTO,Toronto,HKG,Hong Kong,2026-12-22 00:00:00+00:00,,,,966,USD,1,,2026-10-04 04:29:37.922514+00:00,travelpayouts,one_way,month-matrix,2605
YTO,Toronto,HKG,Hong Kong,2026-12-20 00:00:00+00:00,,,,986,USD,1,,2026-10-04 04:29:37.922514+00:00,travelpayouts,one_way,month-matrix,2605
YTO,Toronto,HKG,Hong Kong,2026-12-21 00:00:00+00:00,,,,1026,USD,2,,2026-10-04 04:29:37.922514+00:00,travelpayouts,one_way,month-matrix,2150
YTO,Toronto,HKG,Hong Kong,2026-12-18 00:00:00+00:00,,,,1162,USD,2,,2026-10-04 04:29:37.922514+00:00,travelpayouts,one_way,month-matrix,2440
YTO,Toronto,HKG,Hong Kong,2026-12-24 05:30:00+00:00,,PR,119,412,USD,1,,2026-10-04 04:29:38.421663+00:00,travelpayouts,one_way,prices_for_dates,1700
YTO,Toronto,HKG,Hong Kong,2026-12-25 21:15:00+00:00,,WS,729,509,USD,2,,2026-10-04 04:29:38.421663+00:00,travelpayouts,one_way,prices_for_dates,1730
YTO,Toronto,HKG,Hong Kong,2026-12-20 02:05:00+00:00,,F8,629,716,USD,3,,2026-10-04 04:29:38.421663+00:00,travelpayouts,one_way,prices_for_dates,5760
YTO,Toronto,HKG,Hong Kong,2026-12-24 00:00:00+00:00,,AC,793,877,USD,1,,2026-10-04 04:29:38.421663+00:00,travelpayouts,one_way,prices_for_dates,2115
YTO,Toronto,HKG,Hong Kong,2026-12-23 03:20:00+00:00,,WS,737,966,USD,1,,2026-10-04 04:29:38.421663+00:00,travelpayouts,one_way,prices_for_dates,2605
YTO,Toronto,HKG,Hong Kong,2026-12-21 03:20:00+00:00,,WS,737,986,USD,1,,2026-10-04 04:29:38.421663+00:00,travelpayouts,one_way,prices_for_dates,2605
YTO,Toronto,HKG,Hong Kong,2026-12-22 03:20:00+00:00,,WS,737,1026,USD,2,,2026-10-04 04:29:38.421663+00:00,travelpayouts,one_way,prices_for_dates,2150
YTO,Toronto,HKG,Hong Kong,2026-12-18 12:05:00+00:00,,PD,481,1162,USD,2,,2026-10-04 04:29:38.421663+00:00,travelpayouts,one_way,prices_for_dates,2440
YTO,Toronto,HKG,Hong Kong,2026-12-10 00:00:00+00:00,2027-01-06 00:00:00+00:00,,,813,USD,2,,2026-10-04 04:29:39.510213+00:00,travelpayouts,round_trip,month-matrix,4565
YTO,Toronto,HKG,Hong Kong,2026-12-24 00:00:00+00:00,2027-01-06 00:00:00+00:00,,,887,USD,2,,2026-10-04 04:29:39.510213+00:00,travelpayouts,round_trip,month-matrix,4925
YTO,Toronto,HKG,Hong Kong,2026-12-10 00:00:00+00:00,2027-01-07 00:00:00+00:00,,,1348,USD,1,,2026-10-04 04:29:39.510213+00:00,travelpayouts,round_trip,month-matrix,3900
YTO,Toronto,HKG,Hong Kong,2026-12-23 00:00:00+00:00,2027-01-16 00:00:00+00:00,,,1383,USD,2,,2026-10-04 04:29:39.510213+00:00,travelpayouts,round_trip,month-matrix,4095
YTO,Toronto,HKG,Hong Kong,2026-12-23 00:00:00+00:00,2027-01-17 00:00:00+00:00,,,1445,USD,2,,2026-10-04 04:29:39.510213+00:00,travelpayouts,round_trip,month-matrix,4095
YTO,Toronto,HKG,Hong Kong,2026-12-26 00:00:00+00:00,2027-01-09 00:00:00+00:00,,,1491,USD,1,,2026-10-04 04:29:39.510213+00:00,travelpayouts,round_trip,month-matrix,3857
YTO,Toronto,HKG,Hong Kong,2026-12-28 00:00:00+00:00,2027-01-18 00:00:00+00:00,,,1547,USD,2,,2026-10-04 04:29:39.510213+00:00,travelpayouts,round_trip,month-matrix,4175
YTO,Toronto,HKG,Hong Kong,2026-12-26 00:00:00+00:00,2027-01-05 00:00:00+00:00,,,1660,USD,0,,2026-10-04 04:29:39.510213+00:00,travelpayouts,round_trip,month-matrix,0
YTO,Toronto,HKG,Hong Kong,2026-12-26 00:00:00+00:00,2027-01-06 00:00:00+00:00,,,1660,USD,0,,2026-10-04 04:29:39.510213+00:00,travelpayouts,round_trip,month-matrix,0
YTO,Toronto,HKG,Hong Kong,2026-12-26 00:00:00+00:00,2027-01-07 00:00:00+00:00,,,1660,USD,0,,2026-10-04 04:29:39.510213+00:00,travelpayouts,round_trip,month-matrix,0
YTO,Toronto,HKG,Hong Kong,2026-12-26 00:00:00+00:00,2027-01-08 00:00:00+00:00,,,1660,USD,0,,2026-10-04 04:29:39.510213+00:00,travelpayouts,round_trip,month-matrix,0
YTO,Toronto,HKG,Hong Kong,2026-12-25 00:00:00+00:00,2027-01-08 00:00:00+00:00,,,1685,USD,1,,2026-10-04 04:29:39.510213+00:00,travelpayouts,round_trip,month-matrix,4320
YTO,Toronto,HKG,Hong Kong,2026-12-25 00:00:00+00:00,2027-01-05 00:00:00+00:00,,,1687,USD,0,,2026-10-04 04:29:39.510213+00:00,travelpayouts,round_trip,month-matrix,0
YTO,Toronto,HKG,Hong Kong,2026-12-25 00:00:00+00:00,2027-01-06 00:00:00+00:00,,,1687,USD,0,,2026-10-04 04:29:39.510213+00:00,travelpayouts,round_trip,month-matrix,0
YTO,Toronto,HKG,Hong Kong,2026-12-25 00:00:00+00:00,2027-01-07 00:00:00+00:00,,,1687,USD,0,,2026-10-04 04:29:39.510213+00:00,travelpayouts,round_trip,month-matrix,0
YTO,Toronto,HKG,Hong Kong,2026-12-25 00:00:00+00:00,2027-01-04 00:00:00+00:00,,,1690,USD,3,,2026-10-04 04:29:39.510213+00:00,travelpayouts,round_trip,month-matrix,6834
YTO,Toronto,HKG,Hong Kong,2026-12-22 00:00:00+00:00,2027-01-16 00:00:00+00:00,,,1728,USD,1,,2026-10-04 04:29:39.510213+00:00,travelpayouts,round_trip,month-matrix,3857
YTO,Toronto,HKG,Hong Kong,2026-12-18 00:00:00+00:00,2027-01-18 00:00:00+00:00,,,1812,USD,1,,2026-10-04 04:29:39.510213+00:00,travelpayouts,round_trip,month-matrix,3790
YTO,Toronto,HKG,Hong Kong,2026-12-26 00:00:00+00:00,2027-01-04 00:00:00+00:00,,,1830,USD,1,,2026-10-04 04:29:39.510213+00:00,travelpayouts,round_trip,month-matrix,4385
YTO,Toronto,HKG,Hong Kong,2026-12-19 00:00:00+00:00,2027-01-05 00:00:00+00:00,,,2194,USD,1,,2026-10-04 04:29:39.510213+00:00,travelpayouts,round_trip,month-matrix,3865
YTO,Toronto,HKG,Hong Kong,2026-12-10 05:30:00+00:00,2027-01-06 05:30:00+00:00,PR,119,813,USD,1,,2026-10-04 04:29:40.015917+00:00,travelpayouts,round_trip,prices_for_dates,4565
YTO,Toronto,HKG,Hong Kong,2026-12-24 21:15:00+00:00,2027-01-06 05:30:00+00:00,WS,729,887,USD,2,,2026-10-04 04:29:40.015917+00:00,travelpayouts,round_trip,prices_for_dates,4925
YTO,Toronto,HKG,Hong Kong,2026-12-10 05:30:00+00:00,2027-01-07 15:00:00+00:00,PR,119,1348,USD,1,,2026-10-04 04:29:40.015917+00:00,travelpayouts,round_trip,prices_for_dates,3900
YTO,Toronto,HKG,Hong Kong,2026-12-24 03:20:00+00:00,2027-01-16 05:30:00+00:00,WS,6537,1383,USD,2,,2026-10-04 04:29:40.015917+00:00,travelpayouts,round_trip,prices_for_dates,4095
YTO,Toronto,HKG,Hong Kong,2026-12-24 03:20:00+00:00,2027-01-17 05:30:00+00:00,WS,6537,1445,USD,2,,2026-10-04 04:29:40.015917+00:00,travelpayouts,round_trip,prices_for_dates,4095
YTO,Toronto,HKG,Hong Kong,2026-12-27 03:20:00+00:00,2027-01-09 15:00:00+00:00,WS,6537,1491,USD,1,,2026-10-04 04:29:40.015917+00:00,travelpayouts,round_trip,prices_for_dates,3857
YTO,Toronto,HKG,Hong Kong,2026-12-29 03:20:00+00:00,2027-01-18 04:35:00+00:00,WS,6537,1547,USD,2,,2026-10-04 04:29:40.015917+00:00,travelpayouts,round_trip,prices_for_dates,4175
YTO,Toronto,HKG,Hong Kong,2026-12-26 03:20:00+00:00,2027-01-07 17:10:00+00:00,WS,3039,1685,USD,1,,2026-10-04 04:29:40.015917+00:00,travelpayouts,round_trip,prices_for_dates,4320
YTO,Toronto,HKG,Hong Kong,2026-12-25 18:15:00+00:00,2027-01-04 11:10:00+00:00,PD,311,1690,USD,2,,2026-10-04 04:29:40.015917+00:00,travelpayouts,round_trip,prices_for_dates,6834
YTO,Toronto,HKG,Hong Kong,2026-12-23 03:20:00+00:00,2027-01-16 15:00:00+00:00,WS,737,1728,USD,1,,2026-10-04 04:29:40.015917+00:00,travelpayouts,round_trip,prices_for_dates,3857
YTO,Toronto,HKG,Hong Kong,2026-12-19 03:20:00+00:00,2027-01-18 15:00:00+00:00,WS,737,1812,USD,1,,2026-10-04 04:29:40.015917+00:00,travelpayouts,round_trip,prices_for_dates,3790
YTO,Toronto,HKG,Hong Kong,2026-12-27 03:20:00+00:00,2027-01-04 15:00:00+00:00,WS,737,1830,USD,1,,2026-10-04 04:29:40.015917+00:00,travelpayouts,round_trip,prices_for_dates,4385
YTO,Toronto,HKG,Hong Kong,2026-12-19 05:30:00+00:00,2027-01-05 14:55:00+00:00,PR,119,2194,USD,1,,2026-10-04 04:29:40.015917+00:00,travelpayouts,round_trip,prices_for_dates,3865
YTO,Toronto,HKG,Hong Kong,2027-01-18 00:00:00+00:00,,,,481,USD,2,,2026-10-04 04:29:41.043307+00:00,travelpayouts,one_way,month-matrix,1865
YTO,Toronto,HKG,Hong Kong,2027-01-18 21:15:00+00:00,,WS,713,481,USD,2,,2026-10-04 04:29:41.571640+00:00,travelpayouts,one_way,prices_for_dates,1865
YTO,Toronto,SIN,Singapore,2026-10-12 00:00:00+00:00,,,,372,USD,1,,2026-10-04 04:29:45.749767+00:00,travelpayouts,one_way,month-matrix,1415
YTO,Toronto,SIN,Singapore,2026-10-16 00:00:00+00:00,,,,641,USD,2,,2026-10-04 04:29:45.749767+00:00,travelpayouts,one_way,month-matrix,1865
YTO,Toronto,SIN,Singapore,2026-10-04 00:00:00+00:00,,,,698,USD,1,,2026-10-04 04:29:45.749767+00:00,travelpayouts,one_way,month-matrix,1445
YTO,Toronto,SIN,Singapore,2026-10-12 04:35:00+00:00,,AI,190,372,USD,1,,2026-10-04 04:29:46.286549+00:00,travelpayouts,one_way,prices_for_dates,1415
YTO,Toronto,SIN,Singapore,2026-10-16 23:45:00+00:00,,TS,694,641,USD,2,,2026-10-04 04:29:46.286549+00:00,travelpayouts,one_way,prices_for_dates,1865
YTO,Toronto,SIN,Singapore,2026-10-04 10:30:00+00:00,,UA,565,698,USD,1,,2026-10-04 04:29:46.286549+00:00,travelpayouts,one_way,prices_for_dates,1445
YTO,Toronto,SIN,Singapore,2026-12-13 00:00:00+00:00,,,,744,USD,3,,2026-10-04 04:29:56.261243+00:00,travelpayouts,one_way,month-matrix,2750
YTO,Toronto,SIN,Singapore,2026-12-14 00:00:00+00:00,,,,794,USD,2,,2026-10-04 04:29:56.261243+00:00,travelpayouts,one_way,month-matrix,2615
YTO,Toronto,SIN,Singapore,2026-12-13 22:50:00+00:00,,PD,2477,744,USD,3,,2026-10-04 04:29:56.775396+00:00,travelpayouts,one_way,prices_for_dates,2750
YTO,Toronto,SIN,Singapore,2026-12-14 18:40:00+00:00,,F8,609,794,USD,2,,2026-10-04 04:29:56.775396+00:00,travelpayouts,one_way,prices_for_dates,2615
YTO,Toronto,SIN,Singapore,2026-12-23 00:00:00+00:00,2027-01-09 00:00:00+00:00,,,917,USD,2,,2026-10-04 04:29:57.823948+00:00,travelpayouts,round_trip,month-matrix,3455
YTO,Toronto,SIN,Singapore,2026-12-17 00:00:00+00:00,2027-01-14 00:00:00+00:00,,,1995,USD,3,,2026-10-04 04:29:57.823948+00:00,travelpayouts,round_trip,month-matrix,3962
YTO,Toronto,SIN,Singapore,2026-12-23 21:15:00+00:00,2027-01-09 06:20:00+00:00,WS,9313,917,USD,2,,2026-10-04 04:29:58.348508+00:00,travelpayouts,round_trip,prices_for_dates,3455
YTO,Toronto,SIN,Singapore,2026-12-17 21:50:00+00:00,2027-01-13 16:40:00+00:00,AC,171,1995,USD,3,,2026-10-04 04:29:58.348508+00:00,travelpayouts,round_trip,prices_for_dates,3962
YTO,Toronto,DEL,New Delhi,2026-10-07 00:00:00+00:00,,,,528,USD,2,,2026-10-04 04:30:05.182442+00:00,travelpayouts,one_way,month-matrix,1689
YTO,Toronto,DEL,New Delhi,2026-10-08 00:00:00+00:00,,,,568,USD,0,,2026-10-04 04:30:05.182442+00:00,travelpayouts,one_way,month-matrix,0
YTO,Toronto,DEL,New Delhi,2026-10-09 00:00:00+00:00,,,,568,USD,0,,2026-10-04 04:30:05.182442+00:00,travelpayouts,one_way,month-matrix,0
YTO,Toronto,DEL,New Delhi,2026-10-18 00:00:00+00:00,,,,571,USD,3,,2026-10-04 04:30:05.182442+00:00,travelpayouts,one_way,month-matrix,2405
YTO,Toronto,DEL,New Delhi,2026-10-16 00:00:00+00:00,,,,586,USD,0,,2026-10-04 04:30:05.182442+00:00,travelpayouts,one_way,month-matrix,0
YTO,Toronto,DEL,New Delhi,2026-10-17 00:00:00+00:00,,,,586,USD,0,,2026-10-04 04:30:05.182442+00:00,travelpayouts,one_way,month-matrix,0
YTO,Toronto,DEL,New Delhi,2026-10-15 00:00:00+00:00,,,,602,USD,2,,2026-10-04 04:30:05.182442+00:00,travelpayouts,one_way,month-matrix,2636
YTO,Toronto,DEL,New Delhi,2026-10-11 00:00:00+00:00,,,,605,USD,0,,2026-10-04 04:30:05.182442+00:00,travelpayouts,one_way,month-matrix,0
YTO,Toronto,DEL,New Delhi,2026-10-12 00:00:00+00:00,,,,605,USD,0,,2026-10-04 04:30:05.182442+00:00,travelpayouts,one_way,month-matrix,0
YTO,Toronto,DEL,New Delhi,2026-10-13 00:00:00+00:00,,,,605,USD,0,,2026-10-04 04:30:05.182442+00:00,travelpayouts,one_way,month-matrix,0
YTO,Toronto,DEL,New Delhi,2026-10-14 00:00:00+00:00,,,,605,USD,0,,2026-10-04 04:30:05.182442+00:00,travelpayouts,one_way,month-matrix,0
YTO,Toronto,DEL,New Delhi,2026-10-10 00:00:00+00:00,,,,609,USD,3,,2026-10-04 04:30:05.182442+00:00,travelpayouts,one_way,month-matrix,2875
YTO,Toronto,DEL,New Delhi,2026-10-06 00:00:00+00:00,,,,622,USD,0,,2026-10-04 04:30:05.182442+00:00,travelpayouts,one_way,month-matrix,0
YTO,Toronto,DEL,New Delhi,2026-10-05 00:00:00+00:00,,,,716,USD,3,,2026-10-04 04:30:05.182442+00:00,travelpayouts,one_way,month-matrix,2800
YTO,Toronto,DEL,New Delhi,2026-10-07 11:16:00+00:00,,AA,4542,528,USD,2,,2026-10-04 04:30:05.738915+00:00,travelpayouts,one_way,prices_for_dates,1689
YTO,Toronto,DEL,New Delhi,2026-10-19 03:55:00+00:00,,TS,230,571,USD,3,,2026-10-04 04:30:05.738915+00:00,travelpayouts,one_way,prices_for_dates,2405
YTO,Toronto,DEL,New Delhi,2026-10-15 19:29:00+00:00,,AA,4556,602,USD,2,,2026-10-04 04:30:05.738915+00:00,travelpayouts,one_way,prices_for_dates,2636
YTO,Toronto,DEL,New Delhi,2026-10-11 03:55:00+00:00,,TS,230,609,USD,3,,2026-10-04 04:30:05.738915+00:00,travelpayouts,one_way,prices_for_dates,2875
YTO,Toronto,DEL,New Delhi,2026-10-06 02:45:00+00:00,,TS,122,716,USD,3,,2026-10-04 04:30:05.738915+00:00,travelpayouts,one_way,prices_for_dates,2800
YTO,Toronto,DEL,New Delhi,2026-10-16 00:00:00+00:00,,,,632,USD,0,,2026-10-04 04:30:06.217513+00:00,travelpayouts,one_way,latest,0
YTO,Toronto,DEL,New Delhi,2026-10-17 00:00:00+00:00,,,,632,USD,0,,2026-10-04 04:30:06.217513+00:00,travelpayouts,one_way,latest,0
YTO,Toronto,DEL,New Delhi,2026-10-11 00:00:00+00:00,,,,651,USD,0,,2026-10-04 04:30:06.217513+00:00,travelpayouts,one_way,latest,0
YTO,Toronto,DEL,New Delhi,2026-10-12 00:00:00+00:00,,,,651,USD,0,,2026-10-04 04:30:06.217513+00:00,travelpayouts,one_way,latest,0
YTO,Toronto,DEL,New Delhi,2026-10-13 00:00:00+00:00,,,,651,USD,0,,2026-10-04 04:30:06.217513+00:00,travelpayouts,one_way,latest,0
YTO,Toronto,DEL,New Delhi,2026-10-14 00:00:00+00:00,,,,651,USD,0,,2026-10-04 04:30:06.217513+00:00,travelpayouts,one_way,latest,0
YTO,Toronto,DEL,New Delhi,2026-10-15 00:00:00+00:00,,,,693,USD,2,,2026-10-04 04:30:06.217513+00:00,travelpayouts,one_way,latest,1465
YTO,Toronto,DEL,New Delhi,2026-10-15 00:00:00+00:00,2026-11-30 00:00:00+00:00,,,890,USD,1,,2026-10-04 04:30:06.738305+00:00,travelpayouts,round_trip,month-matrix,2570
YTO,Toronto,DEL,New Delhi,2026-10-07 00:00:00+00:00,2026-11-17 00:00:00+00:00,,,910,USD,2,,2026-10-04 04:30:06.738305+00:00,travelpayouts,round_trip,month-matrix,3413
YTO,Toronto,DEL,New Delhi,2026-10-24 00:00:00+00:00,2026-11-08 00:00:00+00:00,,,1007,USD,2,,2026-10-04 04:30:06.738305+00:00,travelpayouts,round_trip,month-matrix,3575
YTO,Toronto,DEL,New Delhi,2026-10-10 00:00:00+00:00,2026-10-30 00:00:00+00:00,,,1107,USD,2,,2026-10-04 04:30:06.738305+00:00,travelpayouts,round_trip,month-matrix,3684
YTO,Toronto,DEL,New Delhi,2026-10-12 00:00:00+00:00,2026-10-27 00:00:00+00:00,,,1152,USD,2,,2026-10-04 04:30:06.738305+00:00,travelpayouts,round_trip,month-matrix,3367
YTO,Toronto,DEL,New Delhi,2026-10-29 00:00:00+00:00,2026-11-26 00:00:00+00:00,,,1203,USD,3,,2026-10-04 04:30:06.738305+00:00,travelpayouts,round_trip,month-matrix,3875
YTO,Toronto,DEL,New Delhi,2026-10-28 00:00:00+00:00,2026-11-28 00:00:00+00:00,,,1307,USD,2,,2026-10-04 04:30:06.738305+00:00,travelpayouts,round_trip,month-matrix,3785
YTO,Toronto,DEL,New Delhi,2026-10-16 02:20:00+00:00,2026-11-30 01:50:00+00:00,LO,46,890,USD,1,,2026-10-04 04:30:07.257872+00:00,travelpayouts,round_trip,prices_for_dates,2570
YTO,Toronto,DEL,New Delhi,2026-10-07 11:16:00+00:00,2026-11-17 16:05:00+00:00,AA,4542,910,USD,2,,2026-10-04 04:30:07.257872+00:00,travelpayouts,round_trip,prices_for_dates,3413
YTO,Toronto,DEL,New Delhi,2026-10-25 00:55:00+00:00,2026-11-07 22:15:00+00:00,AC,1512,1007,USD,2,,2026-10-04 04:30:07.257872+00:00,travelpayouts,round_trip,prices_for_dates,3575
YTO,Toronto,DEL,New Delhi,2026-10-11 01:40:00+00:00,2026-10-29 23:05:00+00:00,TS,308,1107,USD,2,,2026-10-04 04:30:07.257872+00:00,travelpayouts,round_trip,prices_for_dates,3684
YTO,Toronto,DEL,New Delhi,2026-10-12 21:25:00+00:00,2026-10-26 22:40:00+00:00,AC,1508,1152,USD,2,,2026-10-04 04:30:07.257872+00:00,travelpayouts,round_trip,prices_for_dates,3367
YTO,Toronto,DEL,New Delhi,2026-10-29 13:45:00+00:00,2026-11-26 10:40:00+00:00,AC,7956,1203,USD,3,,2026-10-04 04:30:07.257872+00:00,travelpayouts,round_trip,prices_for_dates,3875
YTO,Toronto,DEL,New Delhi,2026-10-28 13:50:00+00:00,2026-11-28 04:25:00+00:00,PD,2125,1307,USD,2,,2026-10-04 04:30:07.257872+00:00,travelpayouts,round_trip,prices_for_dates,3785
YTO,Toronto,DEL,New Delhi,2026-11-27 00:00:00+00:00,,,,424,USD,2,,2026-10-04 04:30:08.336730+00:00,travelpayouts,one_way,month-matrix,1635
YTO,Toronto,DEL,New Delhi,2026-11-11 00:00:00+00:00,,,,496,USD,0,,2026-10-04 04:30:08.336730+00:00,travelpayouts,one_way,month-matrix,0
YTO,Toronto,DEL,New Delhi,2026-11-12 00:00:00+00:00,,,,496,USD,0,,2026-10-04 04:30:08.336730+00:00,travelpayouts,one_way,month-matrix,0
YTO,Toronto,DEL,New Delhi,2026-11-13 00:00:00+00:00,,,,496,USD,0,,2026-10-04 04:30:08.336730+00:00,travelpayouts,one_way,month-matrix,0
YTO,Toronto,DEL,New Delhi,2026-11-14 00:00:00+00:00,,,,496,USD,0,,2026-10-04 04:30:08.336730+00:00,travelpayouts,one_way,month-matrix,0
YTO,Toronto,DEL,New Delhi,2026-11-15 00:00:00+00:00,,,,496,USD,0,,2026-10-04 04:30:08.336730+00:00,travelpayouts,one_way,month-matrix,0
YTO,Toronto,DEL,New Delhi,2026-11-16 00:00:00+00:00,,,,496,USD,0,,2026-10-04 04:30:08.336730+00:00,travelpayouts,one_way,month-matrix,0
YTO,Toronto,DEL,New Delhi,2026-11-17 00:00:00+00:00,,,,496,USD,0,,2026-10-04 04:30:08.336730+00:00,travelpayouts,one_way,month-matrix,0
YTO,Toronto,DEL,New Delhi,2026-11-18 00:00:00+00:00,,,,496,USD,0,,2026-10-04 04:30:08.336730+00:00,travelpayouts,one_way,month-matrix,0
YTO,Toronto,DEL,New Delhi,2026-11-19 00:00:00+00:00,,,,496,USD,0,,2026-10-04 04:30:08.336730+00:00,travelpayouts,one_way,month-matrix,0
YTO,Toronto,DEL,New Delhi,2026-11-20 00:00:00+00:00,,,,496,USD,0,,2026-10-04 04:30:08.336730+00:00,travelpayouts,one_way,month-matrix,0
YTO,Toronto,DEL,New Delhi,2026-11-21 00:00:00+00:00,,,,496,USD,0,,2026-10-04 04:30:08.336730+00:00,travelpayouts,one_way,month-matrix,0
YTO,Toronto,DEL,New Delhi,2026-11-22 00:00:00+00:00,,,,496,USD,0,,2026-10-04 04:30:08.336730+00:00,travelpayouts,one_way,month-matrix,0
YTO,Toronto,DEL,New Delhi,2026-11-23 00:00:00+00:00,,,,496,USD,0,,2026-10-04 04:30:08.336730+00:00,travelpayouts,one_way,month-matrix,0
YTO,Toronto,DEL,New Delhi,2026-11-24 00:00:00+00:00,,,,496,USD,0,,2026-10-04 04:30:08.336730+00:00,travelpayouts,one_way,month-matrix,0
YTO,Toronto,DEL,New Delhi,2026-11-25 00:00:00+00:00,,,,496,USD,0,,2026-10-04 04:30:08.336730+00:00,travelpayouts,one_way,month-matrix,0
YTO,Toronto,DEL,New Delhi,2026-11-26 00:00:00+00:00,,,,496,USD,0,,2026-10-04 04:30:08.336730+00:00,travelpayouts,one_way,month-matrix,0
YTO,Toronto,DEL,New Delhi,2026-11-10 00:00:00+00:00,,,,568,USD,2,,2026-10-04 04:30:08.336730+00:00,travelpayouts,one_way,month-matrix,2315
YTO,Toronto,DEL,New Delhi,2026-11-09 00:00:00+00:00,,,,642,USD,2,,2026-10-04 04:30:08.336730+00:00,travelpayouts,one_way,month-matrix,1625
YTO,Toronto,DEL,New Delhi,2026-11-04 00:00:00+00:00,,,,686,USD,2,,2026-10-04 04:30:08.336730+00:00,travelpayouts,one_way,month-matrix,1635
YTO,Toronto,DEL,New Delhi,2026-11-07 00:00:00+00:00,,,,702,USD,0,,2026-10-04 04:30:08.336730+00:00,travelpayouts,one_way,month-matrix,0
YTO,Toronto,DEL,New Delhi,2026-11-08 00:00:00+00:00,,,,702,USD,0,,2026-10-04 04:30:08.336730+00:00,travelpayouts,one_way,month-matrix,0
YTO,Toronto,DEL,New Delhi,2026-11-28 00:00:00+00:00,,,,715,USD,3,,2026-10-04 04:30:08.336730+00:00,travelpayouts,one_way,month-matrix,1560
YTO,Toronto,DEL,New Delhi,2026-11-05 00:00:00+00:00,,,,724,USD,0,,2026-10-04 04:30:08.336730+00:00,travelpayouts,one_way,month-matrix,0
YTO,Toronto,DEL,New Delhi,2026-11-06 00:00:00+00:00,,,,762,USD,2,,2026-10-04 04:30:08.336730+00:00,travelpayouts,one_way,month-matrix,2855
YTO,Toronto,DEL,New Delhi,2026-11-27 12:00:00+00:00,,AA,4542,424,USD,2,,2026-10-04 04:30:08.830891+00:00,travelpayouts,one_way,prices_for_dates,1635
YTO,Toronto,DEL,New Delhi,2026-11-11 00:40:00+00:00,,AA,4438,568,USD,2,,2026-10-04 04:30:08.830891+00:00,travelpayouts,one_way,prices_for_dates,2315
YTO,Toronto,DEL,New Delhi,2026-11-09 23:30:00+00:00,,LH,6625,642,USD,2,,2026-10-04 04:30:08.830891+00:00,travelpayouts,one_way,prices_for_dates,1625
YTO,Toronto,DEL,New Delhi,2026-11-04 12:00:00+00:00,,AA,4542,686,USD,2,,2026-10-04 04:30:08.830891+00:00,travelpayouts,one_way,prices_for_dates,1635
YTO,Toronto,DEL,New Delhi,2026-11-28 19:45:00+00:00,,PD,2471,715,USD,3,,2026-10-04 04:30:08.830891+00:00,travelpayouts,one_way,prices_for_dates,1560
YTO,Toronto,DEL,New Delhi,2026-11-06 23:05:00+00:00,,UL,2854,762,USD,2,,2026-10-04 04:30:08.830891+00:00,travelpayouts,one_way,prices_for_dates,2855
YTO,Toronto,DEL,New Delhi,2026-11-12 00:00:00+00:00,2026-11-28 00:00:00+00:00,,,981,USD,1,,2026-10-04 04:30:09.925531+00:00,travelpayouts,round_trip,month-matrix,4550
YTO,Toronto,DEL,New Delhi,2026-11-20 00:00:00+00:00,2026-12-21 00:00:00+00:00,,,1065,USD,3,,2026-10-04 04:30:09.925531+00:00,travelpayouts,round_trip,month-matrix,4385
YTO,Toronto,DEL,New Delhi,2026-11-06 00:00:00+00:00,2026-12-07 00:00:00+00:00,,,1161,USD,2,,2026-10-04 04:30:09.925531+00:00,travelpayouts,round_trip,month-matrix,4895
YTO,Toronto,DEL,New Delhi,2026-11-06 00:00:00+00:00,2026-11-23 00:00:00+00:00,,,1217,USD,0,,2026-10-04 04:30:09.925531+00:00,travelpayouts,round_trip,month-matrix,0
YTO,Toronto,DEL,New Delhi,2026-11-06 00:00:00+00:00,2026-11-24 00:00:00+00:00,,,1217,USD,0,,2026-10-04 04:30:09.925531+00:00,travelpayouts,round_trip,month-matrix,0
YTO,Toronto,DEL,New Delhi,2026-11-06 00:00:00+00:00,2026-11-25 00:00:00+00:00,,,1217,USD,0,,2026-10-04 04:30:09.925531+00:00,travelpayouts,round_trip,month-matrix,0
YTO,Toronto,DEL,New Delhi,2026-11-06 00:00:00+00:00,2026-11-26 00:00:00+00:00,,,1217,USD,0,,2026-10-04 04:30:09.925531+00:00,travelpayouts,round_trip,month-matrix,0
YTO,Toronto,DEL,New Delhi,2026-11-06 00:00:00+00:00,2026-11-27 00:00:00+00:00,,,1217,USD,0,,2026-10-04 04:30:09.925531+00:00,travelpayouts,round_trip,month-matrix,0
YTO,Toronto,DEL,New Delhi,2026-11-06 00:00:00+00:00,2026-11-28 00:00:00+00:00,,,1217,USD,0,,2026-10-04 04:30:09.925531+00:00,travelpayouts,round_trip,month-matrix,0
YTO,Toronto,DEL,New Delhi,2026-11-06 00:00:00+00:00,2026-11-29 00:00:00+00:00,,,1217,USD,0,,2026-10-04 04:30:09.925531+00:00,travelpayouts,round_trip,month-matrix,0
YTO,Toronto,DEL,New Delhi,2026-11-06 00:00:00+00:00,2026-11-30 00:00:00+00:00,,,1217,USD,0,,2026-10-04 04:30:09.925531+00:00,travelpayouts,round_trip,month-matrix,0
YTO,Toronto,DEL,New Delhi,2026-11-06 00:00:00+00:00,2026-12-01 00:00:00+00:00,,,1217,USD,0,,2026-10-04 04:30:09.925531+00:00,travelpayouts,round_trip,month-matrix,0
YTO,Toronto,DEL,New Delhi,2026-11-06 00:00:00+00:00,2026-12-02 00:00:00+00:00,,,1217,USD,0,,2026-10-04 04:30:09.925531+00:00,travelpayouts,round_trip,month-matrix,0
YTO,Toronto,DEL,New Delhi,2026-11-06 00:00:00+00:00,2026-12-03 00:00:00+00:00,,,1217,USD,0,,2026-10-04 04:30:09.925531+00:00,travelpayouts,round_trip,month-matrix,0
YTO,Toronto,DEL,New Delhi,2026-11-06 00:00:00+00:00,2026-12-04 00:00:00+00:00,,,1217,USD,0,,2026-10-04 04:30:09.925531+00:00,travelpayouts,round_trip,month-matrix,0
YTO,Toronto,DEL,New Delhi,2026-11-06 00:00:00+00:00,2026-12-05 00:00:00+00:00,,,1217,USD,0,,2026-10-04 04:30:09.925531+00:00,travelpayouts,round_trip,month-matrix,0
YTO,Toronto,DEL,New Delhi,2026-11-06 00:00:00+00:00,2026-12-06 00:00:00+00:00,,,1217,USD,0,,2026-10-04 04:30:09.925531+00:00,travelpayouts,round_trip,month-matrix,0
YTO,Toronto,DEL,New Delhi,2026-11-06 00:00:00+00:00,2026-11-22 00:00:00+00:00,,,1272,USD,3,,2026-10-04 04:30:09.925531+00:00,travelpayouts,round_trip,month-matrix,4175
YTO,Toronto,DEL,New Delhi,2026-11-06 00:00:00+00:00,2026-11-16 00:00:00+00:00,,,1328,USD,0,,2026-10-04 04:30:09.925531+00:00,travelpayouts,round_trip,month-matrix,0
YTO,Toronto,DEL,New Delhi,2026-11-06 00:00:00+00:00,2026-11-17 00:00:00+00:00,,,1328,USD,0,,2026-10-04 04:30:09.925531+00:00,travelpayouts,round_trip,month-matrix,0
YTO,Toronto,DEL,New Delhi,2026-11-06 00:00:00+00:00,2026-11-18 00:00:00+00:00,,,1328,USD,0,,2026-10-04 04:30:09.925531+00:00,travelpayouts,round_trip,month-matrix,0
YTO,Toronto,DEL,New Delhi,2026-11-06 00:00:00+00:00,2026-11-19 00:00:00+00:00,,,1328,USD,0,,2026-10-04 04:30:09.925531+00:00,travelpayouts,round_trip,month-matrix,0
YTO,Toronto,DEL,New Delhi,2026-11-06 00:00:00+00:00,2026-11-20 00:00:00+00:00,,,1328,USD,0,,2026-10-04 04:30:09.925531+00:00,travelpayouts,round_trip,month-matrix,0
YTO,Toronto,DEL,New Delhi,2026-11-06 00:00:00+00:00,2026-11-21 00:00:00+00:00,,,1328,USD,0,,2026-10-04 04:30:09.925531+00:00,travelpayouts,round_trip,month-matrix,0
YTO,Toronto,DEL,New Delhi,2026-11-06 00:00:00+00:00,2026-11-15 00:00:00+00:00,,,1384,USD,1,,2026-10-04 04:30:09.925531+00:00,travelpayouts,round_trip,month-matrix,4420
YTO,Toronto,DEL,New Delhi,2026-11-12 15:20:00+00:00,2026-11-27 20:40:00+00:00,ET,553,981,USD,1,,2026-10-04 04:30:10.426516+00:00,travelpayouts,round_trip,prices_for_dates,4550
YTO,Toronto,DEL,New Delhi,2026-11-20 17:30:00+00:00,2026-12-21 04:25:00+00:00,AI,192,1065,USD,3,,2026-10-04 04:30:10.426516+00:00,travelpayouts,round_trip,prices_for_dates,4385
YTO,Toronto,DEL,New Delhi,2026-11-06 14:10:00+00:00,2026-12-07 04:25:00+00:00,PD,2721,1161,USD,2,,2026-10-04 04:30:10.426516+00:00,travelpayouts,round_trip,prices_for_dates,4895
YTO,Toronto,DEL,New Delhi,2026-11-07 02:35:00+00:00,2026-11-22 10:50:00+00:00,TS,122,1272,USD,3,,2026-10-04 04:30:10.426516+00:00,travelpayouts,round_trip,prices_for_dates,4175
YTO,Toronto,DEL,New Delhi,2026-11-06 17:00:00+00:00,2026-11-15 04:25:00+00:00,MS,996,1384,USD,1,,2026-10-04 04:30:10.426516+00:00,travelpayouts,round_trip,prices_for_dates,4420
YTO,Toronto,DEL,New Delhi,2026-12-31 00:00:00+00:00,,,,525,USD,2,,2026-10-04 04:30:11.497237+00:00,travelpayouts,one_way,month-matrix,2668
YTO,Toronto,DEL,New Delhi,2026-12-21 00:00:00+00:00,,,,830,USD,0,,2026-10-04 04:30:11.497237+00:00,travelpayouts,one_way,month-matrix,0
YTO,Toronto,DEL,New Delhi,2026-12-22 00:00:00+00:00,,,,830,USD,0,,2026-10-04 04:30:11.497237+00:00,travelpayouts,one_way,month-matrix,0
YTO,Toronto,DEL,New Delhi,2026-12-23 00:00:00+00:00,,,,830,USD,0,,2026-10-04 04:30:11.497237+00:00,travelpayouts,one_way,month-matrix,0
YTO,Toronto,DEL,New Delhi,2026-12-24 00:00:00+00:00,,,,830,USD,0,,2026-10-04 04:30:11.497237+00:00,travelpayouts,one_way,month-matrix,0
YTO,Toronto,DEL,New Delhi,2026-12-25 00:00:00+00:00,,,,830,USD,0,,2026-10-04 04:30:11.497237+00:00,travelpayouts,one_way,month-matrix,0
YTO,Toronto,DEL,New Delhi,2026-12-26 00:00:00+00:00,,,,830,USD,0,,2026-10-04 04:30:11.497237+00:00,travelpayouts,one_way,month-matrix,0
YTO,Toronto,DEL,New Delhi,2026-12-27 00:00:00+00:00,,,,830,USD,0,,2026-10-04 04:30:11.497237+00:00,travelpayouts,one_way,month-matrix,0
YTO,Toronto,DEL,New Delhi,2026-12-28 00:00:00+00:00,,,,830,USD,0,,2026-10-04 04:30:11.497237+00:00,travelpayouts,one_way,month-matrix,0
YTO,Toronto,DEL,New Delhi,2026-12-29 00:00:00+00:00,,,,830,USD,0,,2026-10-04 04:30:11.497237+00:00,travelpayouts,one_way,month-matrix,0
YTO,Toronto,DEL,New Delhi,2026-12-30 00:00:00+00:00,,,,830,USD,0,,2026-10-04 04:30:11.497237+00:00,travelpayouts,one_way,month-matrix,0
YTO,Toronto,DEL,New Delhi,2026-12-15 00:00:00+00:00,,,,838,USD,3,,2026-10-04 04:30:11.497237+00:00,travelpayouts,one_way,month-matrix,1825
YTO,Toronto,DEL,New Delhi,2026-12-14 00:00:00+00:00,,,,870,USD,0,,2026-10-04 04:30:11.497237+00:00,travelpayouts,one_way,month-matrix,0
YTO,Toronto,DEL,New Delhi,2026-12-13 00:00:00+00:00,,,,901,USD,3,,2026-10-04 04:30:11.497237+00:00,travelpayouts,one_way,month-matrix,1715
YTO,Toronto,DEL,New Delhi,2026-12-16 00:00:00+00:00,,,,987,USD,0,,2026-10-04 04:30:11.497237+00:00,travelpayouts,one_way,month-matrix,0
YTO,Toronto,DEL,New Delhi,2026-12-17 00:00:00+00:00,,,,987,USD,0,,2026-10-04 04:30:11.497237+00:00,travelpayouts,one_way,month-matrix,0
YTO,Toronto,DEL,New Delhi,2026-12-18 00:00:00+00:00,,,,987,USD,0,,2026-10-04 04:30:11.497237+00:00,travelpayouts,one_way,month-matrix,0
YTO,Toronto,DEL,New Delhi,2026-12-19 00:00:00+00:00,,,,987,USD,0,,2026-10-04 04:30:11.497237+00:00,travelpayouts,one_way,month-matrix,0
YTO,Toronto,DEL,New Delhi,2026-12-20 00:00:00+00:00,,,,1135,USD,4,,2026-10-04 04:30:11.497237+00:00,travelpayouts,one_way,month-matrix,2855
YTO,Toronto,DEL,New Delhi,2026-12-31 18:47:00+00:00,,AA,4623,525,USD,2,,2026-10-04 04:30:12.001367+00:00,travelpayouts,one_way,prices_for_dates,2668
YTO,Toronto,DEL,New Delhi,2026-12-15 17:20:00+00:00,,PD,525,838,USD,3,,2026-10-04 04:30:12.001367+00:00,travelpayouts,one_way,prices_for_dates,1825
YTO,Toronto,DEL,New Delhi,2026-12-13 22:50:00+00:00,,P3,2477,901,USD,3,,2026-10-04 04:30:12.001367+00:00,travelpayouts,one_way,prices_for_dates,1715
YTO,Toronto,DEL,New Delhi,2026-12-20 20:25:00+00:00,,AA,6211,1135,USD,4,,2026-10-04 04:30:12.001367+00:00,travelpayouts,one_way,prices_for_dates,2855
YTO,Toronto,DEL,New Delhi,2026-12-29 00:00:00+00:00,2027-02-27 00:00:00+00:00,,,1177,USD,2,,2026-10-04 04:30:13.024904+00:00,travelpayouts,round_trip,month-matrix,3986
YTO,Toronto,DEL,New Delhi,2026-12-01 00:00:00+00:00,2026-12-04 00:00:00+00:00,,,1248,USD,2,,2026-10-04 04:30:13.024904+00:00,travelpayouts,round_trip,month-matrix,3452
YTO,Toronto,DEL,New Delhi,2026-12-27 00:00:00+00:00,2027-02-11 00:00:00+00:00,,,1260,USD,2,,2026-10-04 04:30:13.024904+00:00,travelpayouts,round_trip,month-matrix,3922
YTO,Toronto,DEL,New Delhi,2026-12-05 00:00:00+00:00,2026-12-16 00:00:00+00:00,,,1337,USD,2,,2026-10-04 04:30:13.024904+00:00,travelpayouts,round_trip,month-matrix,3417
YTO,Toronto,DEL,New Delhi,2026-12-18 00:00:00+00:00,2027-01-10 00:00:00+00:00,,,1972,USD,3,,2026-10-04 04:30:13.024904+00:00,travelpayouts,round_trip,month-matrix,5995
YTO,Toronto,DEL,New Delhi,2026-12-30 00:44:00+00:00,2027-02-27 16:05:00+00:00,AA,4438,1177,USD,2,,2026-10-04 04:30:13.556639+00:00,travelpayouts,round_trip,prices_for_dates,3986
YTO,Toronto,DEL,New Delhi,2026-12-01 22:25:00+00:00,2026-12-04 05:05:00+00:00,AC,8546,1248,USD,2,,2026-10-04 04:30:13.556639+00:00,travelpayouts,round_trip,prices_for_dates,3452
YTO,Toronto,DEL,New Delhi,2026-12-27 21:20:00+00:00,2027-02-11 05:05:00+00:00,AC,1508,1260,USD,2,,2026-10-04 04:30:13.556639+00:00,travelpayouts,round_trip,prices_for_dates,3922
YTO,Toronto,DEL,New Delhi,2026-12-05 21:20:00+00:00,2026-12-15 22:40:00+00:00,AC,3569,1337,USD,2,,2026-10-04 04:30:13.556639+00:00,travelpayouts,round_trip,prices_for_dates,3417
YTO,Toronto,DEL,New Delhi,2026-12-18 17:00:00+00:00,2027-01-10 05:55:00+00:00,MS,996,1972,USD,1,,2026-10-04 04:30:13.556639+00:00,travelpayouts,round_trip,prices_for_dates,5995
YTO,Toronto,DEL,New Delhi,2027-01-10 00:00:00+00:00,,,,518,USD,2,,2026-10-04 04:30:14.627212+00:00,travelpayouts,one_way,month-matrix,1635
YTO,Toronto,DEL,New Delhi,2027-01-12 00:00:00+00:00,,,,528,USD,2,,2026-10-04 04:30:14.627212+00:00,travelpayouts,one_way,month-matrix,2670
YTO,Toronto,DEL,New Delhi,2027-01-11 00:00:00+00:00,,,,675,USD,3,,2026-10-04 04:30:14.627212+00:00,travelpayouts,one_way,month-matrix,3085
YTO,Toronto,DEL,New Delhi,2027-01-10 12:00:00+00:00,,AA,4542,518,USD,2,,2026-10-04 04:30:15.156389+00:00,travelpayouts,one_way,prices_for_dates,1635
YTO,Toronto,DEL,New Delhi,2027-01-12 18:45:00+00:00,,AA,4623,528,USD,2,,2026-10-04 04:30:15.156389+00:00,travelpayouts,one_way,prices_for_dates,2670
YTO,Toronto,DEL,New Delhi,2027-01-11 23:20:00+00:00,,PD,607,675,USD,3,,2026-10-04 04:30:15.156389+00:00,travelpayouts,one_way,prices_for_dates,3085
YTO,Toronto,DEL,New Delhi,2027-01-07 00:00:00+00:00,2027-02-25 00:00:00+00:00,,,730,USD,2,,2026-10-04 04:30:16.249506+00:00,travelpayouts,round_trip,month-matrix,3412
YTO,Toronto,DEL,New Delhi,2027-01-21 00:00:00+00:00,2027-03-18 00:00:00+00:00,,,787,USD,1,,2026-10-04 04:30:16.249506+00:00,travelpayouts,round_trip,month-matrix,2660
YTO,Toronto,DEL,New Delhi,2027-01-27 00:00:00+00:00,2027-03-02 00:00:00+00:00,,,881,USD,2,,2026-10-04 04:30:16.249506+00:00,travelpayouts,round_trip,month-matrix,4506
YTO,Toronto,DEL,New Delhi,2027-01-21 00:00:00+00:00,2027-03-16 00:00:00+00:00,,,882,USD,2,,2026-10-04 04:30:16.249506+00:00,travelpayouts,round_trip,month-matrix,4170
YTO,Toronto,DEL,New Delhi,2027-01-20 00:00:00+00:00,2027-02-25 00:00:00+00:00,,,887,USD,2,,2026-10-04 04:30:16.249506+00:00,travelpayouts,round_trip,month-matrix,3551
YTO,Toronto,DEL,New Delhi,2027-01-21 00:00:00+00:00,2027-03-07 00:00:00+00:00,,,906,USD,0,,2026-10-04 04:30:16.249506+00:00,travelpayouts,round_trip,month-matrix,0
YTO,Toronto,DEL,New Delhi,2027-01-21 00:00:00+00:00,2027-03-08 00:00:00+00:00,,,906,USD,0,,2026-10-04 04:30:16.249506+00:00,travelpayouts,round_trip,month-matrix,0
YTO,Toronto,DEL,New Delhi,2027-01-21 00:00:00+00:00,2027-03-06 00:00:00+00:00,,,931,USD,2,,2026-10-04 04:30:16.249506+00:00,travelpayouts,round_trip,month-matrix,4230
YTO,Toronto,DEL,New Delhi,2027-01-12 00:00:00+00:00,2027-02-13 00:00:00+00:00,,,934,USD,2,,2026-10-04 04:30:16.249506+00:00,travelpayouts,round_trip,month-matrix,4516
YTO,Toronto,DEL,New Delhi,2027-01-04 00:00:00+00:00,2027-02-04 00:00:00+00:00,,,937,USD,1,,2026-10-04 04:30:16.249506+00:00,travelpayouts,round_trip,month-matrix,3965
YTO,Toronto,DEL,New Delhi,2027-01-20 00:00:00+00:00,2027-02-26 00:00:00+00:00,,,977,USD,0,,2026-10-04 04:30:16.249506+00:00,travelpayouts,round_trip,month-matrix,0
YTO,Toronto,DEL,New Delhi,2027-01-20 00:00:00+00:00,2027-02-27 00:00:00+00:00,,,977,USD,0,,2026-10-04 04:30:16.249506+00:00,travelpayouts,round_trip,month-matrix,0
YTO,Toronto,DEL,New Delhi,2027-01-20 00:00:00+00:00,2027-02-28 00:00:00+00:00,,,977,USD,0,,2026-10-04 04:30:16.249506+00:00,travelpayouts,round_trip,month-matrix,0
YTO,Toronto,DEL,New Delhi,2027-01-20 00:00:00+00:00,2027-03-01 00:00:00+00:00,,,977,USD,0,,2026-10-04 04:30:16.249506+00:00,travelpayouts,round_trip,month-matrix,0
YTO,Toronto,DEL,New Delhi,2027-01-20 00:00:00+00:00,2027-03-02 00:00:00+00:00,,,977,USD,0,,2026-10-04 04:30:16.249506+00:00,travelpayouts,round_trip,month-matrix,0
YTO,Toronto,DEL,New Delhi,2027-01-20 00:00:00+00:00,2027-03-03 00:00:00+00:00,,,977,USD,0,,2026-10-04 04:30:16.249506+00:00,travelpayouts,round_trip,month-matrix,0
YTO,Toronto,DEL,New Delhi,2027-01-20 00:00:00+00:00,2027-03-04 00:00:00+00:00,,,977,USD,0,,2026-10-04 04:30:16.249506+00:00,travelpayouts,round_trip,month-matrix,0
YTO,Toronto,DEL,New Delhi,2027-01-20 00:00:00+00:00,2027-03-05 00:00:00+00:00,,,1067,USD,2,,2026-10-04 04:30:16.249506+00:00,travelpayouts,round_trip,month-matrix,3095
YTO,Toronto,DEL,New Delhi,2027-01-07 00:00:00+00:00,2027-02-24 00:00:00+00:00,,,1158,USD,2,,2026-10-04 04:30:16.249506+00:00,travelpayouts,round_trip,month-matrix,4030
YTO,Toronto,DEL,New Delhi,2027-01-01 00:00:00+00:00,2027-01-21 00:00:00+00:00,,,1200,USD,2,,2026-10-04 04:30:16.249506+00:00,travelpayouts,round_trip,month-matrix,3550
YTO,Toronto,DEL,New Delhi,2027-01-07 21:20:00+00:00,2027-02-24 22:40:00+00:00,AC,1508,730,USD,2,,2026-10-04 04:30:16.730528+00:00,travelpayouts,round_trip,prices_for_dates,3412
YTO,Toronto,DEL,New Delhi,2027-01-21 22:40:00+00:00,2027-03-18 02:00:00+00:00,AA,6917,787,USD,1,,2026-10-04 04:30:16.730528+00:00,travelpayouts,round_trip,prices_for_dates,2660
YTO,Toronto,DEL,New Delhi,2027-01-27 12:00:00+00:00,2027-03-02 00:10:00+00:00,AA,4542,881,USD,2,,2026-10-04 04:30:16.730528+00:00,travelpayouts,round_trip,prices_for_dates,4506
YTO,Toronto,DEL,New Delhi,2027-01-22 00:40:00+00:00,2027-03-16 16:05:00+00:00,AA,4438,882,USD,2,,2026-10-04 04:30:16.730528+00:00,travelpayouts,round_trip,prices_for_dates,4170
YTO,Toronto,DEL,New Delhi,2027-01-20 12:00:00+00:00,2027-02-25 16:05:00+00:00,AA,4542,887,USD,2,,2026-10-04 04:30:16.730528+00:00,travelpayouts,round_trip,prices_for_dates,3551
YTO,Toronto,DEL,New Delhi,2027-01-22 00:40:00+00:00,2027-03-06 16:05:00+00:00,AA,4438,931,USD,2,,2026-10-04 04:30:16.730528+00:00,travelpayouts,round_trip,prices_for_dates,4230
YTO,Toronto,DEL,New Delhi,2027-01-12 15:54:00+00:00,2027-02-13 16:05:00+00:00,AA,4347,934,USD,2,,2026-10-04 04:30:16.730528+00:00,travelpayouts,round_trip,prices_for_dates,4516
YTO,Toronto,DEL,New Delhi,2027-01-04 19:20:00+00:00,2027-02-03 20:10:00+00:00,CX,805,937,USD,1,,2026-10-04 04:30:16.730528+00:00,travelpayouts,round_trip,prices_for_dates,3965
YTO,Toronto,DEL,New Delhi,2027-01-20 12:00:00+00:00,2027-03-05 17:15:00+00:00,AA,4542,1067,USD,2,,2026-10-04 04:30:16.730528+00:00,travelpayouts,round_trip,prices_for_dates,3095
YTO,Toronto,DEL,New Delhi,2027-01-07 18:45:00+00:00,2027-02-24 00:20:00+00:00,AA,4623,1158,USD,2,,2026-10-04 04:30:16.730528+00:00,travelpayouts,round_trip,prices_for_dates,4030
YTO,Toronto,DEL,New Delhi,2027-01-01 12:00:00+00:00,2027-01-21 16:05:00+00:00,AA,4542,1200,USD,2,,2026-10-04 04:30:16.730528+00:00,travelpayouts,round_trip,prices_for_dates,3550
YTO,Toronto,DEL,New Delhi,2027-01-21 00:00:00+00:00,2027-03-16 00:00:00+00:00,,,903,USD,2,,2026-10-04 04:30:17.338381+00:00,travelpayouts,round_trip,latest,5125
YTO,Toronto,DEL,New Delhi,2027-01-21 00:00:00+00:00,2027-03-07 00:00:00+00:00,,,920,USD,0,,2026-10-04 04:30:17.338381+00:00,travelpayouts,round_trip,latest,0
YTO,Toronto,DEL,New Delhi,2027-01-21 00:00:00+00:00,2027-03-08 00:00:00+00:00,,,920,USD,0,,2026-10-04 04:30:17.338381+00:00,travelpayouts,round_trip,latest,0
YTO,Toronto,DEL,New Delhi,2027-01-21 00:00:00+00:00,2027-03-06 00:00:00+00:00,,,937,USD,2,,2026-10-04 04:30:17.338381+00:00,travelpayouts,round_trip,latest,3990
YTO,Toronto,CUN,Cancun,2026-10-25 00:00:00+00:00,,,,171,USD,1,,2026-10-04 04:31:09.217929+00:00,travelpayouts,one_way,month-matrix,1335
YTO,Toronto,CUN,Cancun,2026-10-24 00:00:00+00:00,,,,214,USD,1,,2026-10-04 04:31:09.217929+00:00,travelpayouts,one_way,month-matrix,1163
YTO,Toronto,CUN,Cancun,2026-10-12 00:00:00+00:00,,,,258,USD,1,,2026-10-04 04:31:09.217929+00:00,travelpayouts,one_way,month-matrix,855
YTO,Toronto,CUN,Cancun,2026-10-16 00:00:00+00:00,,,,271,USD,0,,2026-10-04 04:31:09.217929+00:00,travelpayouts,one_way,month-matrix,0
YTO,Toronto,CUN,Cancun,2026-10-17 00:00:00+00:00,,,,271,USD,0,,2026-10-04 04:31:09.217929+00:00,travelpayouts,one_way,month-matrix,0
YTO,Toronto,CUN,Cancun,2026-10-18 00:00:00+00:00,,,,271,USD,0,,2026-10-04 04:31:09.217929+00:00,travelpayouts,one_way,month-matrix,0
YTO,Toronto,CUN,Cancun,2026-10-19 00:00:00+00:00,,,,271,USD,0,,2026-10-04 04:31:09.217929+00:00,travelpayouts,one_way,month-matrix,0
YTO,Toronto,CUN,Cancun,2026-10-20 00:00:00+00:00,,,,271,USD,0,,2026-10-04 04:31:09.217929+00:00,travelpayouts,one_way,month-matrix,0
YTO,Toronto,CUN,Cancun,2026-10-21 00:00:00+00:00,,,,271,USD,0,,2026-10-04 04:31:09.217929+00:00,travelpayouts,one_way,month-matrix,0
YTO,Toronto,CUN,Cancun,2026-10-22 00:00:00+00:00,,,,271,USD,0,,2026-10-04 04:31:09.217929+00:00,travelpayouts,one_way,month-matrix,0
YTO,Toronto,CUN,Cancun,2026-10-23 00:00:00+00:00,,,,271,USD,0,,2026-10-04 04:31:09.217929+00:00,travelpayouts,one_way,month-matrix,0
YTO,Toronto,CUN,Cancun,2026-10-06 00:00:00+00:00,,,,301,USD,1,,2026-10-04 04:31:09.217929+00:00,travelpayouts,one_way,month-matrix,515
YTO,Toronto,CUN,Cancun,2026-10-15 00:00:00+00:00,,,,327,USD,1,,2026-10-04 04:31:09.217929+00:00,travelpayouts,one_way,month-matrix,871
YTO,Toronto,CUN,Cancun,2026-10-11 00:00:00+00:00,,,,335,USD,0,,2026-10-04 04:31:09.217929+00:00,travelpayouts,one_way,month-matrix,0
YTO,Toronto,CUN,Cancun,2026-10-13 00:00:00+00:00,,,,343,USD,1,,2026-10-04 04:31:09.217929+00:00,travelpayouts,one_way,month-matrix,1590
YTO,Toronto,CUN,Cancun,2026-10-07 00:00:00+00:00,,,,356,USD,0,,2026-10-04 04:31:09.217929+00:00,travelpayouts,one_way,month-matrix,0
YTO,Toronto,CUN,Cancun,2026-10-08 00:00:00+00:00,,,,356,USD,0,,2026-10-04 04:31:09.217929+00:00,travelpayouts,one_way,month-matrix,0
YTO,Toronto,CUN,Cancun,2026-10-05 00:00:00+00:00,,,,374,USD,0,,2026-10-04 04:31:09.217929+00:00,travelpayouts,one_way,month-matrix,0
YTO,Toronto,CUN,Cancun,2026-10-14 00:00:00+00:00,,,,385,USD,1,,2026-10-04 04:31:09.217929+00:00,travelpayouts,one_way,month-matrix,849
YTO,Toronto,CUN,Cancun,2026-10-09 00:00:00+00:00,,,,411,USD,1,,2026-10-04 04:31:09.217929+00:00,travelpayouts,one_way,month-matrix,1590
YTO,Toronto,CUN,Cancun,2026-10-10 00:00:00+00:00,,,,412,USD,2,,2026-10-04 04:31:09.217929+00:00,travelpayouts,one_way,month-matrix,1265
YTO,Toronto,CUN,Cancun,2026-10-04 00:00:00+00:00,,,,447,USD,2,,2026-10-04 04:31:09.217929+00:00,travelpayouts,one_way,month-matrix,522
YTO,Toronto,CUN,Cancun,2026-10-25 16:15:00+00:00,,PD,2259,171,USD,1,,2026-10-04 04:31:09.689733+00:00,travelpayouts,one_way,prices_for_dates,1335
YTO,Toronto,CUN,Cancun,2026-10-24 22:40:00+00:00,,AC,1041,214,USD,1,,2026-10-04 04:31:09.689733+00:00,travelpayouts,one_way,prices_for_dates,1163
YTO,Toronto,CUN,Cancun,2026-10-12 10:46:00+00:00,,AA,1169,258,USD,1,,2026-10-04 04:31:09.689733+00:00,travelpayouts,one_way,prices_for_dates,855
YTO,Toronto,CUN,Cancun,2026-10-06 10:00:00+00:00,,AA,1746,301,USD,1,,2026-10-04 04:31:09.689733+00:00,travelpayouts,one_way,prices_for_dates,515
YTO,Toronto,CUN,Cancun,2026-10-15 12:30:00+00:00,,CM,471,327,USD,1,,2026-10-04 04:31:09.689733+00:00,travelpayouts,one_way,prices_for_dates,871
YTO,Toronto,CUN,Cancun,2026-10-13 12:30:00+00:00,,CM,471,343,USD,1,,2026-10-04 04:31:09.689733+00:00,travelpayouts,one_way,prices_for_dates,1590
YTO,Toronto,CUN,Cancun,2026-10-14 10:10:00+00:00,,UA,1345,385,USD,1,,2026-10-04 04:31:09.689733+00:00,travelpayouts,one_way,prices_for_dates,849
YTO,Toronto,CUN,Cancun,2026-10-09 12:30:00+00:00,,CM,471,411,USD,1,,2026-10-04 04:31:09.689733+00:00,travelpayouts,one_way,prices_for_dates,1590
YTO,Toronto,CUN,Cancun,2026-10-10 19:00:00+00:00,,UA,3705,412,USD,2,,2026-10-04 04:31:09.689733+00:00,travelpayouts,one_way,prices_for_dates,1265
YTO,Toronto,CUN,Cancun,2026-10-04 11:30:00+00:00,,UA,3435,447,USD,2,,2026-10-04 04:31:09.689733+00:00,travelpayouts,one_way,prices_for_dates,522
YTO,Toronto,CUN,Cancun,2026-10-11 00:00:00+00:00,,,,345,USD,0,,2026-10-04 04:31:10.183161+00:00,travelpayouts,one_way,latest,0
YTO,Toronto,CUN,Cancun,2026-10-10 00:00:00+00:00,,,,433,USD,1,,2026-10-04 04:31:10.183161+00:00,travelpayouts,one_way,latest,1119
YTO,Toronto,CUN,Cancun,2026-10-17 00:00:00+00:00,2026-10-24 00:00:00+00:00,,,408,USD,2,,2026-10-04 04:31:10.703882+00:00,travelpayouts,round_trip,month-matrix,2234
YTO,Toronto,CUN,Cancun,2026-10-16 00:00:00+00:00,2026-10-25 00:00:00+00:00,,,442,USD,1,,2026-10-04 04:31:10.703882+00:00,travelpayouts,round_trip,month-matrix,1121
YTO,Toronto,CUN,Cancun,2026-10-15 00:00:00+00:00,2026-10-20 00:00:00+00:00,,,448,USD,1,,2026-10-04 04:31:10.703882+00:00,travelpayouts,round_trip,month-matrix,2209
YTO,Toronto,CUN,Cancun,2026-10-12 00:00:00+00:00,2026-10-16 00:00:00+00:00,,,495,USD,1,,2026-10-04 04:31:10.703882+00:00,travelpayouts,round_trip,month-matrix,1125
YTO,Toronto,CUN,Cancun,2026-10-15 00:00:00+00:00,2026-10-21 00:00:00+00:00,,,498,USD,1,,2026-10-04 04:31:10.703882+00:00,travelpayouts,round_trip,month-matrix,2160
YTO,Toronto,CUN,Cancun,2026-10-11 00:00:00+00:00,2026-10-17 00:00:00+00:00,,,577,USD,1,,2026-10-04 04:31:10.703882+00:00,travelpayouts,round_trip,month-matrix,1972
YTO,Toronto,CUN,Cancun,2026-10-12 00:00:00+00:00,2026-10-17 00:00:00+00:00,,,580,USD,0,,2026-10-04 04:31:10.703882+00:00,travelpayouts,round_trip,month-matrix,0
YTO,Toronto,CUN,Cancun,2026-10-08 00:00:00+00:00,2026-10-22 00:00:00+00:00,,,642,USD,1,,2026-10-04 04:31:10.703882+00:00,travelpayouts,round_trip,month-matrix,1972
YTO,Toronto,CUN,Cancun,2026-10-12 00:00:00+00:00,2026-10-18 00:00:00+00:00,,,665,USD,1,,2026-10-04 04:31:10.703882+00:00,travelpayouts,round_trip,month-matrix,1845
YTO,Toronto,CUN,Cancun,2026-10-07 00:00:00+00:00,2026-10-17 00:00:00+00:00,,,696,USD,2,,2026-10-04 04:31:10.703882+00:00,travelpayouts,round_trip,month-matrix,1064
YTO,Toronto,CUN,Cancun,2026-10-10 00:00:00+00:00,2026-10-12 00:00:00+00:00,,,796,USD,2,,2026-10-04 04:31:10.703882+00:00,travelpayouts,round_trip,month-matrix,3984
YTO,Toronto,CUN,Cancun,2026-10-17 23:43:00+00:00,2026-10-24 22:22:00+00:00,UA,3466,408,USD,2,,2026-10-04 04:31:11.248833+00:00,travelpayouts,round_trip,prices_for_dates,2234
YTO,Toronto,CUN,Cancun,2026-10-16 12:30:00+00:00,2026-10-25 16:55:00+00:00,CM,471,442,USD,1,,2026-10-04 04:31:11.248833+00:00,travelpayouts,round_trip,prices_for_dates,1121
YTO,Toronto,CUN,Cancun,2026-10-15 12:30:00+00:00,2026-10-20 18:54:00+00:00,CM,471,448,USD,1,,2026-10-04 04:31:11.248833+00:00,travelpayouts,round_trip,prices_for_dates,2209
YTO,Toronto,CUN,Cancun,2026-10-12 10:00:00+00:00,2026-10-16 19:09:00+00:00,AA,2589,495,USD,1,,2026-10-04 04:31:11.248833+00:00,travelpayouts,round_trip,prices_for_dates,1125
YTO,Toronto,CUN,Cancun,2026-10-15 12:30:00+00:00,2026-10-21 16:15:00+00:00,CM,471,498,USD,1,,2026-10-04 04:31:11.248833+00:00,travelpayouts,round_trip,prices_for_dates,2160
YTO,Toronto,CUN,Cancun,2026-10-11 10:15:00+00:00,2026-10-18 00:15:00+00:00,AA,5887,577,USD,1,,2026-10-04 04:31:11.248833+00:00,travelpayouts,round_trip,prices_for_dates,1972
YTO,Toronto,CUN,Cancun,2026-10-08 10:15:00+00:00,2026-10-23 02:05:00+00:00,AA,5887,642,USD,1,,2026-10-04 04:31:11.248833+00:00,travelpayouts,round_trip,prices_for_dates,1972
YTO,Toronto,CUN,Cancun,2026-10-12 10:46:00+00:00,2026-10-19 04:15:00+00:00,AA,1169,665,USD,1,,2026-10-04 04:31:11.248833+00:00,travelpayouts,round_trip,prices_for_dates,1845
YTO,Toronto,CUN,Cancun,2026-10-07 11:16:00+00:00,2026-10-17 22:20:00+00:00,AA,4542,696,USD,2,,2026-10-04 04:31:11.248833+00:00,travelpayouts,round_trip,prices_for_dates,1064
YTO,Toronto,CUN,Cancun,2026-10-10 18:35:00+00:00,2026-10-12 16:22:00+00:00,UA,3637,796,USD,2,,2026-10-04 04:31:11.248833+00:00,travelpayouts,round_trip,prices_for_dates,3984
YTO,Toronto,CUN,Cancun,2026-11-14 00:00:00+00:00,,,,142,USD,0,,2026-10-04 04:31:12.277178+00:00,travelpayouts,one_way,month-matrix,255
YTO,Toronto,CUN,Cancun,2026-11-15 00:00:00+00:00,,,,171,USD,0,,2026-10-04 04:31:12.277178+00:00,travelpayouts,one_way,month-matrix,255
YTO,Toronto,CUN,Cancun,2026-11-14 19:35:00+00:00,,F8,2612,142,USD,0,,2026-10-04 04:31:12.788914+00:00,travelpayouts,one_way,prices_for_dates,255
YTO,Toronto,CUN,Cancun,2026-11-15 14:40:00+00:00,,F8,2616,171,USD,0,,2026-10-04 04:31:12.788914+00:00,travelpayouts,one_way,prices_for_dates,255
YTO,Toronto,CUN,Cancun,2026-11-02 00:00:00+00:00,2026-11-08 00:00:00+00:00,,,305,USD,0,,2026-10-04 04:31:13.823203+00:00,travelpayouts,round_trip,month-matrix,478
YTO,Toronto,CUN,Cancun,2026-11-14 00:00:00+00:00,2026-11-22 00:00:00+00:00,,,325,USD,0,,2026-10-04 04:31:13.823203+00:00,travelpayouts,round_trip,month-matrix,483
YTO,Toronto,CUN,Cancun,2026-11-01 00:00:00+00:00,2026-11-08 00:00:00+00:00,,,329,USD,0,,2026-10-04 04:31:13.823203+00:00,travelpayouts,round_trip,month-matrix,478
YTO,Toronto,CUN,Cancun,2026-11-20 00:00:00+00:00,2026-12-01 00:00:00+00:00,,,336,USD,0,,2026-10-04 04:31:13.823203+00:00,travelpayouts,round_trip,month-matrix,500
YTO,Toronto,CUN,Cancun,2026-11-14 00:00:00+00:00,2026-11-21 00:00:00+00:00,,,336,USD,0,,2026-10-04 04:31:13.823203+00:00,travelpayouts,round_trip,month-matrix,505
YTO,Toronto,CUN,Cancun,2026-11-26 00:00:00+00:00,2027-01-14 00:00:00+00:00,,,343,USD,0,,2026-10-04 04:31:13.823203+00:00,travelpayouts,round_trip,month-matrix,510
YTO,Toronto,CUN,Cancun,2026-11-19 00:00:00+00:00,2026-11-28 00:00:00+00:00,,,400,USD,1,,2026-10-04 04:31:13.823203+00:00,travelpayouts,round_trip,month-matrix,1500
YTO,Toronto,CUN,Cancun,2026-11-02 13:00:00+00:00,2026-11-09 02:05:00+00:00,PD,763,305,USD,0,,2026-10-04 04:31:14.354147+00:00,travelpayouts,round_trip,prices_for_dates,478
YTO,Toronto,CUN,Cancun,2026-11-14 19:35:00+00:00,2026-11-23 01:15:00+00:00,F8,2612,325,USD,0,,2026-10-04 04:31:14.354147+00:00,travelpayouts,round_trip,prices_for_dates,483
YTO,Toronto,CUN,Cancun,2026-11-01 20:55:00+00:00,2026-11-09 02:05:00+00:00,PD,766,329,USD,0,,2026-10-04 04:31:14.354147+00:00,travelpayouts,round_trip,prices_for_dates,478
YTO,Toronto,CUN,Cancun,2026-11-20 19:25:00+00:00,2026-12-02 03:45:00+00:00,PD,767,336,USD,0,,2026-10-04 04:31:14.354147+00:00,travelpayouts,round_trip,prices_for_dates,500
YTO,Toronto,CUN,Cancun,2026-11-14 19:35:00+00:00,2026-11-21 19:45:00+00:00,F8,2612,336,USD,0,,2026-10-04 04:31:14.354147+00:00,travelpayouts,round_trip,prices_for_dates,505
YTO,Toronto,CUN,Cancun,2026-11-27 00:10:00+00:00,2027-01-14 19:45:00+00:00,AC,1814,343,USD,0,,2026-10-04 04:31:14.354147+00:00,travelpayouts,round_trip,prices_for_dates,510
YTO,Toronto,CUN,Cancun,2026-11-19 15:45:00+00:00,2026-11-28 11:20:00+00:00,AC,7958,400,USD,1,,2026-10-04 04:31:14.354147+00:00,travelpayouts,round_trip,prices_for_dates,1500
YTO,Toronto,CUN,Cancun,2026-11-02 00:00:00+00:00,2026-11-08 00:00:00+00:00,,,317,USD,0,,2026-10-04 04:31:14.877479+00:00,travelpayouts,round_trip,latest,478
YTO,Toronto,CUN,Cancun,2026-12-18 00:00:00+00:00,,,,371,USD,0,,2026-10-04 04:31:15.407852+00:00,travelpayouts,one_way,month-matrix,250
YTO,Toronto,CUN,Cancun,2026-12-18 20:50:00+00:00,,PD,766,371,USD,0,,2026-10-04 04:31:15.980513+00:00,travelpayouts,one_way,prices_for_dates,250
YTO,Toronto,CUN,Cancun,2026-12-06 00:00:00+00:00,2026-12-13 00:00:00+00:00,,,317,USD,1,,2026-10-04 04:31:17.034938+00:00,travelpayouts,round_trip,month-matrix,1720
YTO,Toronto,CUN,Cancun,2026-12-04 00:00:00+00:00,2026-12-09 00:00:00+00:00,,,317,USD,1,,2026-10-04 04:31:17.034938+00:00,travelpayouts,round_trip,month-matrix,915
YTO,Toronto,CUN,Cancun,2026-12-06 00:00:00+00:00,2026-12-12 00:00:00+00:00,,,321,USD,0,,2026-10-04 04:31:17.034938+00:00,travelpayouts,round_trip,month-matrix,0
YTO,Toronto,CUN,Cancun,2026-12-06 00:00:00+00:00,2026-12-11 00:00:00+00:00,,,324,USD,1,,2026-10-04 04:31:17.034938+00:00,travelpayouts,round_trip,month-matrix,945
YTO,Toronto,CUN,Cancun,2026-12-15 00:00:00+00:00,2026-12-22 00:00:00+00:00,,,335,USD,0,,2026-10-04 04:31:17.034938+00:00,travelpayouts,round_trip,month-matrix,505
YTO,Toronto,CUN,Cancun,2026-12-04 00:00:00+00:00,2026-12-10 00:00:00+00:00,,,350,USD,0,,2026-10-04 04:31:17.034938+00:00,travelpayouts,round_trip,month-matrix,510
YTO,Toronto,CUN,Cancun,2026-12-04 00:00:00+00:00,2026-12-11 00:00:00+00:00,,,352,USD,0,,2026-10-04 04:31:17.034938+00:00,travelpayouts,round_trip,month-matrix,510
YTO,Toronto,CUN,Cancun,2026-12-22 00:00:00+00:00,2026-12-28 00:00:00+00:00,,,482,USD,0,,2026-10-04 04:31:17.034938+00:00,travelpayouts,round_trip,month-matrix,510
YTO,Toronto,CUN,Cancun,2026-12-19 00:00:00+00:00,2026-12-27 00:00:00+00:00,,,507,USD,0,,2026-10-04 04:31:17.034938+00:00,travelpayouts,round_trip,month-matrix,478
YTO,Toronto,CUN,Cancun,2026-12-22 00:00:00+00:00,2026-12-29 00:00:00+00:00,,,516,USD,0,,2026-10-04 04:31:17.034938+00:00,travelpayouts,round_trip,month-matrix,510
YTO,Toronto,CUN,Cancun,2026-12-20 00:00:00+00:00,2027-01-06 00:00:00+00:00,,,548,USD,0,,2026-10-04 04:31:17.034938+00:00,travelpayouts,round_trip,month-matrix,500
YTO,Toronto,CUN,Cancun,2026-12-19 00:00:00+00:00,2026-12-28 00:00:00+00:00,,,630,USD,0,,2026-10-04 04:31:17.034938+00:00,travelpayouts,round_trip,month-matrix,0
YTO,Toronto,CUN,Cancun,2026-12-19 00:00:00+00:00,2026-12-29 00:00:00+00:00,,,630,USD,0,,2026-10-04 04:31:17.034938+00:00,travelpayouts,round_trip,month-matrix,0
YTO,Toronto,CUN,Cancun,2026-12-19 00:00:00+00:00,2026-12-30 00:00:00+00:00,,,630,USD,0,,2026-10-04 04:31:17.034938+00:00,travelpayouts,round_trip,month-matrix,0
YTO,Toronto,CUN,Cancun,2026-12-19 00:00:00+00:00,2026-12-31 00:00:00+00:00,,,630,USD,0,,2026-10-04 04:31:17.034938+00:00,travelpayouts,round_trip,month-matrix,0
YTO,Toronto,CUN,Cancun,2026-12-19 00:00:00+00:00,2027-01-01 00:00:00+00:00,,,630,USD,0,,2026-10-04 04:31:17.034938+00:00,travelpayouts,round_trip,month-matrix,0
YTO,Toronto,CUN,Cancun,2026-12-19 00:00:00+00:00,2027-01-02 00:00:00+00:00,,,630,USD,0,,2026-10-04 04:31:17.034938+00:00,travelpayouts,round_trip,month-matrix,0
YTO,Toronto,CUN,Cancun,2026-12-19 00:00:00+00:00,2027-01-03 00:00:00+00:00,,,630,USD,0,,2026-10-04 04:31:17.034938+00:00,travelpayouts,round_trip,month-matrix,0
YTO,Toronto,CUN,Cancun,2026-12-19 00:00:00+00:00,2027-01-04 00:00:00+00:00,,,753,USD,1,,2026-10-04 04:31:17.034938+00:00,travelpayouts,round_trip,month-matrix,750
YTO,Toronto,CUN,Cancun,2026-12-27 00:00:00+00:00,2027-01-03 00:00:00+00:00,,,856,USD,1,,2026-10-04 04:31:17.034938+00:00,travelpayouts,round_trip,month-matrix,2090
YTO,Toronto,CUN,Cancun,2026-12-06 22:30:00+00:00,2026-12-13 17:55:00+00:00,AC,7972,317,USD,1,,2026-10-04 04:31:17.528770+00:00,travelpayouts,round_trip,prices_for_dates,1720
YTO,Toronto,CUN,Cancun,2026-12-04 15:35:00+00:00,2026-12-09 17:00:00+00:00,PD,2217,317,USD,1,,2026-10-04 04:31:17.528770+00:00,travelpayouts,round_trip,prices_for_dates,915
YTO,Toronto,CUN,Cancun,2026-12-06 12:00:00+00:00,2026-12-11 20:05:00+00:00,PD,2205,324,USD,1,,2026-10-04 04:31:17.528770+00:00,travelpayouts,round_trip,prices_for_dates,945
YTO,Toronto,CUN,Cancun,2026-12-15 14:40:00+00:00,2026-12-22 17:55:00+00:00,F8,2616,335,USD,0,,2026-10-04 04:31:17.528770+00:00,travelpayouts,round_trip,prices_for_dates,505
YTO,Toronto,CUN,Cancun,2026-12-04 19:50:00+00:00,2026-12-10 19:45:00+00:00,TS,426,350,USD,0,,2026-10-04 04:31:17.528770+00:00,travelpayouts,round_trip,prices_for_dates,510
YTO,Toronto,CUN,Cancun,2026-12-04 19:50:00+00:00,2026-12-11 19:45:00+00:00,TS,426,352,USD,0,,2026-10-04 04:31:17.528770+00:00,travelpayouts,round_trip,prices_for_dates,510
YTO,Toronto,CUN,Cancun,2026-12-22 22:25:00+00:00,2026-12-29 00:40:00+00:00,PD,7056,482,USD,0,,2026-10-04 04:31:17.528770+00:00,travelpayouts,round_trip,prices_for_dates,510
YTO,Toronto,CUN,Cancun,2026-12-19 20:50:00+00:00,2026-12-28 02:00:00+00:00,PD,766,507,USD,0,,2026-10-04 04:31:17.528770+00:00,travelpayouts,round_trip,prices_for_dates,478
YTO,Toronto,CUN,Cancun,2026-12-22 22:25:00+00:00,2026-12-29 17:55:00+00:00,PD,7056,516,USD,0,,2026-10-04 04:31:17.528770+00:00,travelpayouts,round_trip,prices_for_dates,510
YTO,Toronto,CUN,Cancun,2026-12-20 20:50:00+00:00,2027-01-07 00:40:00+00:00,PD,766,548,USD,0,,2026-10-04 04:31:17.528770+00:00,travelpayouts,round_trip,prices_for_dates,500
YTO,Toronto,CUN,Cancun,2026-12-19 20:50:00+00:00,2027-01-05 04:55:00+00:00,PD,766,753,USD,0,,2026-10-04 04:31:17.528770+00:00,travelpayouts,round_trip,prices_for_dates,750
YTO,Toronto,CUN,Cancun,2026-12-27 12:30:00+00:00,2027-01-03 22:15:00+00:00,WS,629,856,USD,1,,2026-10-04 04:31:17.528770+00:00,travelpayouts,round_trip,prices_for_dates,2090
YTO,Toronto,CUN,Cancun,2027-01-01 19:35:00+00:00,,F8,2612,348,USD,0,2026-10-04 05:31:19+00:00,2026-10-04 04:31:20.133122+00:00,travelpayouts,one_way,calendar,
YTO,Toronto,CUN,Cancun,2027-01-02 19:35:00+00:00,,F8,2612,327,USD,0,2026-10-04 05:31:19+00:00,2026-10-04 04:31:20.133122+00:00,travelpayouts,one_way,calendar,
YTO,Toronto,CUN,Cancun,2027-01-15 13:10:00+00:00,,PD,2427,298,USD,1,2026-10-04 05:31:19+00:00,2026-10-04 04:31:20.133122+00:00,travelpayouts,one_way,calendar,
YTO,Toronto,CUN,Cancun,2027-01-16 20:50:00+00:00,,PD,763,333,USD,0,2026-10-04 05:31:19+00:00,2026-10-04 04:31:20.133122+00:00,travelpayouts,one_way,calendar,
YTO,Toronto,CUN,Cancun,2027-01-15 00:00:00+00:00,2027-02-15 00:00:00+00:00,,,298,USD,1,,2026-10-04 04:31:20.682423+00:00,travelpayouts,round_trip,month-matrix,768
YTO,Toronto,CUN,Cancun,2027-01-02 00:00:00+00:00,2027-01-15 00:00:00+00:00,,,327,USD,0,,2026-10-04 04:31:20.682423+00:00,travelpayouts,round_trip,month-matrix,510
YTO,Toronto,CUN,Cancun,2027-01-16 00:00:00+00:00,2027-01-24 00:00:00+00:00,,,333,USD,0,,2026-10-04 04:31:20.682423+00:00,travelpayouts,round_trip,month-matrix,500
YTO,Toronto,CUN,Cancun,2027-01-01 00:00:00+00:00,2027-01-07 00:00:00+00:00,,,348,USD,0,,2026-10-04 04:31:20.682423+00:00,travelpayouts,round_trip,month-matrix,515
YTO,Toronto,CUN,Cancun,2027-01-15 00:00:00+00:00,2027-02-16 00:00:00+00:00,,,365,USD,0,,2026-10-04 04:31:20.682423+00:00,travelpayouts,round_trip,month-matrix,510
YTO,Toronto,CUN,Cancun,2027-01-15 13:10:00+00:00,2027-02-16 02:00:00+00:00,PD,2427,298,USD,1,,2026-10-04 04:31:21.167136+00:00,travelpayouts,round_trip,prices_for_dates,768
YTO,Toronto,CUN,Cancun,2027-01-02 19:35:00+00:00,2027-01-16 00:40:00+00:00,F8,2612,327,USD,0,,2026-10-04 04:31:21.167136+00:00,travelpayouts,round_trip,prices_for_dates,510
YTO,Toronto,CUN,Cancun,2027-01-16 20:50:00+00:00,2027-01-24 19:45:00+00:00,PD,763,333,USD,0,,2026-10-04 04:31:21.167136+00:00,travelpayouts,round_trip,prices_for_dates,500
YTO,Toronto,CUN,Cancun,2027-01-01 12:45:00+00:00,2027-01-07 17:55:00+00:00,F8,2610,348,USD,0,,2026-10-04 04:31:21.167136+00:00,travelpayouts,round_trip,prices_for_dates,515
YTO,Toronto,CUN,Cancun,2027-01-15 19:35:00+00:00,2027-02-16 17:55:00+00:00,F8,2612,365,USD,0,,2026-10-04 04:31:21.167136+00:00,travelpayouts,round_trip,prices_for_dates,510
YTO,Toronto,PVR,Puerto Vallarta,2026-10-16 00:00:00+00:00,,,,213,USD,1,,2026-10-04 04:31:22.238481+00:00,travelpayouts,one_way,month-matrix,1012
YTO,Toronto,PVR,Puerto Vallarta,2026-10-12 00:00:00+00:00,,,,309,USD,1,,2026-10-04 04:31:22.238481+00:00,travelpayouts,one_way,month-matrix,1783
YTO,Toronto,PVR,Puerto Vallarta,2026-10-13 00:00:00+00:00,,,,328,USD,1,,2026-10-04 04:31:22.238481+00:00,travelpayouts,one_way,month-matrix,1541
YTO,Toronto,PVR,Puerto Vallarta,2026-10-09 00:00:00+00:00,,,,342,USD,1,,2026-10-04 04:31:22.238481+00:00,travelpayouts,one_way,month-matrix,1367
YTO,Toronto,PVR,Puerto Vallarta,2026-10-10 00:00:00+00:00,,,,348,USD,2,,2026-10-04 04:31:22.238481+00:00,travelpayouts,one_way,month-matrix,1150
YTO,Toronto,PVR,Puerto Vallarta,2026-10-17 00:55:00+00:00,,AC,1512,213,USD,1,,2026-10-04 04:31:22.762808+00:00,travelpayouts,one_way,prices_for_dates,1012
YTO,Toronto,PVR,Puerto Vallarta,2026-10-12 10:46:00+00:00,,AA,1169,309,USD,1,,2026-10-04 04:31:22.762808+00:00,travelpayouts,one_way,prices_for_dates,1783
YTO,Toronto,PVR,Puerto Vallarta,2026-10-13 14:05:00+00:00,,F8,2660,328,USD,1,,2026-10-04 04:31:22.762808+00:00,travelpayouts,one_way,prices_for_dates,1541
YTO,Toronto,PVR,Puerto Vallarta,2026-10-09 19:00:00+00:00,,UA,3705,342,USD,1,,2026-10-04 04:31:22.762808+00:00,travelpayouts,one_way,prices_for_dates,1367
YTO,Toronto,PVR,Puerto Vallarta,2026-10-10 18:35:00+00:00,,UA,3637,348,USD,2,,2026-10-04 04:31:22.762808+00:00,travelpayouts,one_way,prices_for_dates,1150
YTO,Toronto,PVR,Puerto Vallarta,2026-10-13 00:00:00+00:00,,,,329,USD,1,,2026-10-04 04:31:23.258474+00:00,travelpayouts,one_way,latest,2958
YTO,Toronto,PVR,Puerto Vallarta,2026-10-13 00:00:00+00:00,2026-10-16 00:00:00+00:00,,,608,USD,1,,2026-10-04 04:31:23.852998+00:00,travelpayouts,round_trip,month-matrix,4800
YTO,Toronto,PVR,Puerto Vallarta,2026-10-13 14:05:00+00:00,2026-10-16 17:13:00+00:00,F8,2660,608,USD,1,,2026-10-04 04:31:24.311823+00:00,travelpayouts,round_trip,prices_for_dates,4800
YTO,Toronto,PVR,Puerto Vallarta,2026-11-21 17:30:00+00:00,,PD,771,329,USD,0,2026-10-04 05:31:26+00:00,2026-10-04 04:31:26.978428+00:00,travelpayouts,one_way,calendar,
YTO,Toronto,PVR,Puerto Vallarta,2026-11-21 00:00:00+00:00,2026-11-25 00:00:00+00:00,,,329,USD,0,,2026-10-04 04:31:27.488397+00:00,travelpayouts,round_trip,month-matrix,624
YTO,Toronto,PVR,Puerto Vallarta,2026-11-21 00:00:00+00:00,2026-11-26 00:00:00+00:00,,,337,USD,0,,2026-10-04 04:31:27.488397+00:00,travelpayouts,round_trip,month-matrix,624
YTO,Toronto,PVR,Puerto Vallarta,2026-11-21 17:30:00+00:00,2026-11-26 00:10:00+00:00,PD,771,329,USD,0,,2026-10-04 04:31:28.026325+00:00,travelpayouts,round_trip,prices_for_dates,624
YTO,Toronto,PVR,Puerto Vallarta,2026-11-21 17:30:00+00:00,2026-11-27 00:10:00+00:00,PD,771,337,USD,0,,2026-10-04 04:31:28.026325+00:00,travelpayouts,round_trip,prices_for_dates,624
YTO,Toronto,PVR,Puerto Vallarta,2026-12-15 17:30:00+00:00,,TS,7057,330,USD,0,2026-10-04 05:31:30+00:00,2026-10-04 04:31:30.704071+00:00,travelpayouts,one_way,calendar,
YTO,Toronto,PVR,Puerto Vallarta,2026-12-27 03:20:00+00:00,,WS,659,524,USD,1,2026-10-04 05:31:30+00:00,2026-10-04 04:31:30.704071+00:00,travelpayouts,one_way,calendar,
YTO,Toronto,PVR,Puerto Vallarta,2026-12-27 18:40:00+00:00,,PD,627,721,USD,2,2026-10-04 05:31:30+00:00,2026-10-04 04:31:30.704071+00:00,travelpayouts,one_way,calendar,
YTO,Toronto,PVR,Puerto Vallarta,2026-12-15 00:00:00+00:00,2026-12-22 00:00:00+00:00,,,330,USD,0,,2026-10-04 04:31:31.169338+00:00,travelpayouts,round_trip,month-matrix,635
YTO,Toronto,PVR,Puerto Vallarta,2026-12-26 00:00:00+00:00,2027-01-09 00:00:00+00:00,,,524,USD,1,,2026-10-04 04:31:31.169338+00:00,travelpayouts,round_trip,month-matrix,1135
YTO,Toronto,PVR,Puerto Vallarta,2026-12-27 00:00:00+00:00,2027-01-10 00:00:00+00:00,,,721,USD,2,,2026-10-04 04:31:31.169338+00:00,travelpayouts,round_trip,month-matrix,3974
YTO,Toronto,PVR,Puerto Vallarta,2026-12-15 17:30:00+00:00,2026-12-22 19:00:00+00:00,TS,7057,330,USD,0,,2026-10-04 04:31:31.692828+00:00,travelpayouts,round_trip,prices_for_dates,635
YTO,Toronto,PVR,Puerto Vallarta,2026-12-27 03:20:00+00:00,2027-01-09 19:00:00+00:00,WS,659,524,USD,1,,2026-10-04 04:31:31.692828+00:00,travelpayouts,round_trip,prices_for_dates,1135
YTO,Toronto,PVR,Puerto Vallarta,2026-12-27 18:40:00+00:00,2027-01-10 23:57:00+00:00,PD,627,721,USD,2,,2026-10-04 04:31:31.692828+00:00,travelpayouts,round_trip,prices_for_dates,3974
YTO,Toronto,PVR,Puerto Vallarta,2027-01-19 21:10:00+00:00,,UA,1810,365,USD,1,2026-10-04 05:31:33+00:00,2026-10-04 04:31:34.317104+00:00,travelpayouts,one_way,calendar,
YTO,Toronto,PVR,Puerto Vallarta,2027-01-19 00:00:00+00:00,2027-02-03 00:00:00+00:00,,,365,USD,1,,2026-10-04 04:31:34.829844+00:00,travelpayouts,round_trip,month-matrix,2681
YTO,Toronto,PVR,Puerto Vallarta,2027-01-19 21:10:00+00:00,2027-02-03 21:31:00+00:00,UA,1810,365,USD,1,,2026-10-04 04:31:35.498233+00:00,travelpayouts,round_trip,prices_for_dates,2681
YTO,Toronto,PUJ,Punta Cana,2026-10-11 00:00:00+00:00,,,,320,USD,1,,2026-10-04 04:31:36.489747+00:00,travelpayouts,one_way,month-matrix,1719
YTO,Toronto,PUJ,Punta Cana,2026-10-06 00:00:00+00:00,,,,361,USD,1,,2026-10-04 04:31:36.489747+00:00,travelpayouts,one_way,month-matrix,486
YTO,Toronto,PUJ,Punta Cana,2026-10-07 00:00:00+00:00,,,,363,USD,0,,2026-10-04 04:31:36.489747+00:00,travelpayouts,one_way,month-matrix,0
YTO,Toronto,PUJ,Punta Cana,2026-10-08 00:00:00+00:00,,,,363,USD,0,,2026-10-04 04:31:36.489747+00:00,travelpayouts,one_way,month-matrix,0
YTO,Toronto,PUJ,Punta Cana,2026-10-09 00:00:00+00:00,,,,363,USD,0,,2026-10-04 04:31:36.489747+00:00,travelpayouts,one_way,month-matrix,0
YTO,Toronto,PUJ,Punta Cana,2026-10-10 00:00:00+00:00,,,,366,USD,2,,2026-10-04 04:31:36.489747+00:00,travelpayouts,one_way,month-matrix,2440
YTO,Toronto,PUJ,Punta Cana,2026-10-11 10:00:00+00:00,,AA,1746,320,USD,1,,2026-10-04 04:31:36.968360+00:00,travelpayouts,one_way,prices_for_dates,1719
YTO,Toronto,PUJ,Punta Cana,2026-10-06 10:00:00+00:00,,AA,1746,361,USD,1,,2026-10-04 04:31:36.968360+00:00,travelpayouts,one_way,prices_for_dates,486
YTO,Toronto,PUJ,Punta Cana,2026-10-11 00:00:00+00:00,,UA,3711,366,USD,2,,2026-10-04 04:31:36.968360+00:00,travelpayouts,one_way,prices_for_dates,2440
YTO,Toronto,PUJ,Punta Cana,2026-10-31 00:00:00+00:00,2026-11-07 00:00:00+00:00,,,319,USD,0,,2026-10-04 04:31:37.948959+00:00,travelpayouts,round_trip,month-matrix,565
YTO,Toronto,PUJ,Punta Cana,2026-10-14 00:00:00+00:00,2026-10-29 00:00:00+00:00,,,442,USD,2,,2026-10-04 04:31:37.948959+00:00,travelpayouts,round_trip,month-matrix,1902
YTO,Toronto,PUJ,Punta Cana,2026-10-23 00:00:00+00:00,2026-10-29 00:00:00+00:00,,,451,USD,0,,2026-10-04 04:31:37.948959+00:00,travelpayouts,round_trip,month-matrix,556
YTO,Toronto,PUJ,Punta Cana,2026-10-23 00:00:00+00:00,2026-10-26 00:00:00+00:00,,,484,USD,0,,2026-10-04 04:31:37.948959+00:00,travelpayouts,round_trip,month-matrix,0
YTO,Toronto,PUJ,Punta Cana,2026-10-23 00:00:00+00:00,2026-10-27 00:00:00+00:00,,,484,USD,0,,2026-10-04 04:31:37.948959+00:00,travelpayouts,round_trip,month-matrix,0
YTO,Toronto,PUJ,Punta Cana,2026-10-23 00:00:00+00:00,2026-10-28 00:00:00+00:00,,,484,USD,0,,2026-10-04 04:31:37.948959+00:00,travelpayouts,round_trip,month-matrix,0
YTO,Toronto,PUJ,Punta Cana,2026-10-20 00:00:00+00:00,2026-10-27 00:00:00+00:00,,,487,USD,1,,2026-10-04 04:31:37.948959+00:00,travelpayouts,round_trip,month-matrix,990
YTO,Toronto,PUJ,Punta Cana,2026-10-23 00:00:00+00:00,2026-10-30 00:00:00+00:00,,,518,USD,0,,2026-10-04 04:31:37.948959+00:00,travelpayouts,round_trip,month-matrix,0
YTO,Toronto,PUJ,Punta Cana,2026-10-23 00:00:00+00:00,2026-10-31 00:00:00+00:00,,,518,USD,0,,2026-10-04 04:31:37.948959+00:00,travelpayouts,round_trip,month-matrix,0
YTO,Toronto,PUJ,Punta Cana,2026-10-23 00:00:00+00:00,2026-10-25 00:00:00+00:00,,,518,USD,2,,2026-10-04 04:31:37.948959+00:00,travelpayouts,round_trip,month-matrix,1967
YTO,Toronto,PUJ,Punta Cana,2026-10-23 00:00:00+00:00,2026-11-01 00:00:00+00:00,,,584,USD,2,,2026-10-04 04:31:37.948959+00:00,travelpayouts,round_trip,month-matrix,2167
YTO,Toronto,PUJ,Punta Cana,2026-10-15 00:00:00+00:00,2026-10-20 00:00:00+00:00,,,647,USD,2,,2026-10-04 04:31:37.948959+00:00,travelpayouts,round_trip,month-matrix,2010
YTO,Toronto,PUJ,Punta Cana,2026-10-07 00:00:00+00:00,2026-10-18 00:00:00+00:00,,,981,USD,1,,2026-10-04 04:31:37.948959+00:00,travelpayouts,round_trip,month-matrix,2470
YTO,Toronto,PUJ,Punta Cana,2026-10-10 00:00:00+00:00,2026-10-12 00:00:00+00:00,,,1008,USD,1,,2026-10-04 04:31:37.948959+00:00,travelpayouts,round_trip,month-matrix,4889
YTO,Toronto,PUJ,Punta Cana,2026-10-31 13:00:00+00:00,2026-11-07 19:35:00+00:00,F8,2634,319,USD,0,,2026-10-04 04:31:38.505518+00:00,travelpayouts,round_trip,prices_for_dates,565
YTO,Toronto,PUJ,Punta Cana,2026-10-14 10:00:00+00:00,2026-10-29 15:50:00+00:00,AA,2589,442,USD,1,,2026-10-04 04:31:38.505518+00:00,travelpayouts,round_trip,prices_for_dates,1902
YTO,Toronto,PUJ,Punta Cana,2026-10-23 10:30:00+00:00,2026-10-29 23:09:00+00:00,DM,5863,451,USD,0,,2026-10-04 04:31:38.505518+00:00,travelpayouts,round_trip,prices_for_dates,556
YTO,Toronto,PUJ,Punta Cana,2026-10-20 10:15:00+00:00,2026-10-27 20:12:00+00:00,AA,5887,487,USD,1,,2026-10-04 04:31:38.505518+00:00,travelpayouts,round_trip,prices_for_dates,990
YTO,Toronto,PUJ,Punta Cana,2026-10-23 23:24:00+00:00,2026-10-25 22:45:00+00:00,AA,5045,518,USD,2,,2026-10-04 04:31:38.505518+00:00,travelpayouts,round_trip,prices_for_dates,1967
YTO,Toronto,PUJ,Punta Cana,2026-10-24 01:00:00+00:00,2026-11-01 21:10:00+00:00,UA,5874,584,USD,2,,2026-10-04 04:31:38.505518+00:00,travelpayouts,round_trip,prices_for_dates,2167
YTO,Toronto,PUJ,Punta Cana,2026-10-15 10:00:00+00:00,2026-10-20 19:35:00+00:00,AA,1746,647,USD,2,,2026-10-04 04:31:38.505518+00:00,travelpayouts,round_trip,prices_for_dates,2010
YTO,Toronto,PUJ,Punta Cana,2026-10-07 10:30:00+00:00,2026-10-18 23:35:00+00:00,DM,5863,981,USD,0,,2026-10-04 04:31:38.505518+00:00,travelpayouts,round_trip,prices_for_dates,2470
YTO,Toronto,PUJ,Punta Cana,2026-10-10 10:00:00+00:00,2026-10-12 17:45:00+00:00,AA,1746,1008,USD,1,,2026-10-04 04:31:38.505518+00:00,travelpayouts,round_trip,prices_for_dates,4889
YTO,Toronto,PUJ,Punta Cana,2026-11-24 00:00:00+00:00,,,,210,USD,0,,2026-10-04 04:31:39.545713+00:00,travelpayouts,one_way,month-matrix,280
YTO,Toronto,PUJ,Punta Cana,2026-11-04 00:00:00+00:00,,,,227,USD,0,,2026-10-04 04:31:39.545713+00:00,travelpayouts,one_way,month-matrix,0
YTO,Toronto,PUJ,Punta Cana,2026-11-05 00:00:00+00:00,,,,227,USD,0,,2026-10-04 04:31:39.545713+00:00,travelpayouts,one_way,month-matrix,0
YTO,Toronto,PUJ,Punta Cana,2026-11-06 00:00:00+00:00,,,,227,USD,0,,2026-10-04 04:31:39.545713+00:00,travelpayouts,one_way,month-matrix,0
YTO,Toronto,PUJ,Punta Cana,2026-11-07 00:00:00+00:00,,,,227,USD,0,,2026-10-04 04:31:39.545713+00:00,travelpayouts,one_way,month-matrix,0
YTO,Toronto,PUJ,Punta Cana,2026-11-08 00:00:00+00:00,,,,227,USD,0,,2026-10-04 04:31:39.545713+00:00,travelpayouts,one_way,month-matrix,0
YTO,Toronto,PUJ,Punta Cana,2026-11-09 00:00:00+00:00,,,,227,USD,0,,2026-10-04 04:31:39.545713+00:00,travelpayouts,one_way,month-matrix,0
YTO,Toronto,PUJ,Punta Cana,2026-11-10 00:00:00+00:00,,,,227,USD,0,,2026-10-04 04:31:39.545713+00:00,travelpayouts,one_way,month-matrix,0
YTO,Toronto,PUJ,Punta Cana,2026-11-11 00:00:00+00:00,,,,227,USD,0,,2026-10-04 04:31:39.545713+00:00,travelpayouts,one_way,month-matrix,0
YTO,Toronto,PUJ,Punta Cana,2026-11-12 00:00:00+00:00,,,,227,USD,0,,2026-10-04 04:31:39.545713+00:00,travelpayouts,one_way,month-matrix,0
YTO,Toronto,PUJ,Punta Cana,2026-11-13 00:00:00+00:00,,,,227,USD,0,,2026-10-04 04:31:39.545713+00:00,travelpayouts,one_way,month-matrix,0
YTO,Toronto,PUJ,Punta Cana,2026-11-14 00:00:00+00:00,,,,227,USD,0,,2026-10-04 04:31:39.545713+00:00,travelpayouts,one_way,month-matrix,0
YTO,Toronto,PUJ,Punta Cana,2026-11-15 00:00:00+00:00,,,,227,USD,0,,2026-10-04 04:31:39.545713+00:00,travelpayouts,one_way,month-matrix,0
YTO,Toronto,PUJ,Punta Cana,2026-11-16 00:00:00+00:00,,,,227,USD,0,,2026-10-04 04:31:39.545713+00:00,travelpayouts,one_way,month-matrix,0
YTO,Toronto,PUJ,Punta Cana,2026-11-17 00:00:00+00:00,,,,227,USD,0,,2026-10-04 04:31:39.545713+00:00,travelpayouts,one_way,month-matrix,0
YTO,Toronto,PUJ,Punta Cana,2026-11-18 00:00:00+00:00,,,,227,USD,0,,2026-10-04 04:31:39.545713+00:00,travelpayouts,one_way,month-matrix,0
YTO,Toronto,PUJ,Punta Cana,2026-11-19 00:00:00+00:00,,,,227,USD,0,,2026-10-04 04:31:39.545713+00:00,travelpayouts,one_way,month-matrix,0
YTO,Toronto,PUJ,Punta Cana,2026-11-20 00:00:00+00:00,,,,227,USD,0,,2026-10-04 04:31:39.545713+00:00,travelpayouts,one_way,month-matrix,0
YTO,Toronto,PUJ,Punta Cana,2026-11-21 00:00:00+00:00,,,,227,USD,0,,2026-10-04 04:31:39.545713+00:00,travelpayouts,one_way,month-matrix,0
YTO,Toronto,PUJ,Punta Cana,2026-11-22 00:00:00+00:00,,,,227,USD,0,,2026-10-04 04:31:39.545713+00:00,travelpayouts,one_way,month-matrix,0
YTO,Toronto,PUJ,Punta Cana,2026-11-23 00:00:00+00:00,,,,227,USD,0,,2026-10-04 04:31:39.545713+00:00,travelpayouts,one_way,month-matrix,0
YTO,Toronto,PUJ,Punta Cana,2026-11-03 00:00:00+00:00,,,,244,USD,0,,2026-10-04 04:31:39.545713+00:00,travelpayouts,one_way,month-matrix,260
YTO,Toronto,PUJ,Punta Cana,2026-11-24 21:00:00+00:00,,AC,1798,210,USD,0,,2026-10-04 04:31:40.058123+00:00,travelpayouts,one_way,prices_for_dates,280
YTO,Toronto,PUJ,Punta Cana,2026-11-03 19:00:00+00:00,,TS,286,244,USD,0,,2026-10-04 04:31:40.058123+00:00,travelpayouts,one_way,prices_for_dates,260
YTO,Toronto,PUJ,Punta Cana,2026-11-04 00:00:00+00:00,,,,246,USD,0,,2026-10-04 04:31:40.559453+00:00,travelpayouts,one_way,latest,0
YTO,Toronto,PUJ,Punta Cana,2026-11-05 00:00:00+00:00,,,,246,USD,0,,2026-10-04 04:31:40.559453+00:00,travelpayouts,one_way,latest,0
YTO,Toronto,PUJ,Punta Cana,2026-11-06 00:00:00+00:00,,,,246,USD,0,,2026-10-04 04:31:40.559453+00:00,travelpayouts,one_way,latest,0
YTO,Toronto,PUJ,Punta Cana,2026-11-07 00:00:00+00:00,,,,246,USD,0,,2026-10-04 04:31:40.559453+00:00,travelpayouts,one_way,latest,0
YTO,Toronto,PUJ,Punta Cana,2026-11-08 00:00:00+00:00,,,,246,USD,0,,2026-10-04 04:31:40.559453+00:00,travelpayouts,one_way,latest,0
YTO,Toronto,PUJ,Punta Cana,2026-11-09 00:00:00+00:00,,,,246,USD,0,,2026-10-04 04:31:40.559453+00:00,travelpayouts,one_way,latest,0
YTO,Toronto,PUJ,Punta Cana,2026-11-10 00:00:00+00:00,,,,246,USD,0,,2026-10-04 04:31:40.559453+00:00,travelpayouts,one_way,latest,0
YTO,Toronto,PUJ,Punta Cana,2026-11-11 00:00:00+00:00,,,,246,USD,0,,2026-10-04 04:31:40.559453+00:00,travelpayouts,one_way,latest,0
YTO,Toronto,PUJ,Punta Cana,2026-11-12 00:00:00+00:00,,,,246,USD,0,,2026-10-04 04:31:40.559453+00:00,travelpayouts,one_way,latest,0
YTO,Toronto,PUJ,Punta Cana,2026-11-13 00:00:00+00:00,,,,246,USD,0,,2026-10-04 04:31:40.559453+00:00,travelpayouts,one_way,latest,0
YTO,Toronto,PUJ,Punta Cana,2026-11-14 00:00:00+00:00,,,,246,USD,0,,2026-10-04 04:31:40.559453+00:00,travelpayouts,one_way,latest,0
YTO,Toronto,PUJ,Punta Cana,2026-11-15 00:00:00+00:00,,,,246,USD,0,,2026-10-04 04:31:40.559453+00:00,travelpayouts,one_way,latest,0
YTO,Toronto,PUJ,Punta Cana,2026-11-16 00:00:00+00:00,,,,246,USD,0,,2026-10-04 04:31:40.559453+00:00,travelpayouts,one_way,latest,0
YTO,Toronto,PUJ,Punta Cana,2026-11-17 00:00:00+00:00,,,,246,USD,0,,2026-10-04 04:31:40.559453+00:00,travelpayouts,one_way,latest,0
YTO,Toronto,PUJ,Punta Cana,2026-11-18 00:00:00+00:00,,,,246,USD,0,,2026-10-04 04:31:40.559453+00:00,travelpayouts,one_way,latest,0
YTO,Toronto,PUJ,Punta Cana,2026-11-19 00:00:00+00:00,,,,246,USD,0,,2026-10-04 04:31:40.559453+00:00,travelpayouts,one_way,latest,0
YTO,Toronto,PUJ,Punta Cana,2026-11-20 00:00:00+00:00,,,,246,USD,0,,2026-10-04 04:31:40.559453+00:00,travelpayouts,one_way,latest,0
YTO,Toronto,PUJ,Punta Cana,2026-11-21 00:00:00+00:00,,,,246,USD,0,,2026-10-04 04:31:40.559453+00:00,travelpayouts,one_way,latest,0
YTO,Toronto,PUJ,Punta Cana,2026-11-22 00:00:00+00:00,,,,246,USD,0,,2026-10-04 04:31:40.559453+00:00,travelpayouts,one_way,latest,0
YTO,Toronto,PUJ,Punta Cana,2026-11-23 00:00:00+00:00,,,,246,USD,0,,2026-10-04 04:31:40.559453+00:00,travelpayouts,one_way,latest,0
YTO,Toronto,PUJ,Punta Cana,2026-11-24 00:00:00+00:00,,,,248,USD,1,,2026-10-04 04:31:40.559453+00:00,travelpayouts,one_way,latest,950
YTO,Toronto,PUJ,Punta Cana,2026-11-27 00:00:00+00:00,2026-12-07 00:00:00+00:00,,,340,USD,1,,2026-10-04 04:31:41.129347+00:00,travelpayouts,round_trip,month-matrix,1850
YTO,Toronto,PUJ,Punta Cana,2026-11-28 00:00:00+00:00,2026-12-06 00:00:00+00:00,,,348,USD,1,,2026-10-04 04:31:41.129347+00:00,travelpayouts,round_trip,month-matrix,2165
YTO,Toronto,PUJ,Punta Cana,2026-11-14 00:00:00+00:00,2026-11-21 00:00:00+00:00,,,356,USD,1,,2026-10-04 04:31:41.129347+00:00,travelpayouts,round_trip,month-matrix,1130
YTO,Toronto,PUJ,Punta Cana,2026-11-21 00:00:00+00:00,2026-11-28 00:00:00+00:00,,,376,USD,1,,2026-10-04 04:31:41.129347+00:00,travelpayouts,round_trip,month-matrix,1560
YTO,Toronto,PUJ,Punta Cana,2026-11-28 01:30:00+00:00,2026-12-08 02:40:00+00:00,AC,7976,340,USD,1,,2026-10-04 04:31:41.636871+00:00,travelpayouts,round_trip,prices_for_dates,1850
YTO,Toronto,PUJ,Punta Cana,2026-11-28 23:30:00+00:00,2026-12-06 23:45:00+00:00,AC,7974,348,USD,1,,2026-10-04 04:31:41.636871+00:00,travelpayouts,round_trip,prices_for_dates,2165
YTO,Toronto,PUJ,Punta Cana,2026-11-14 13:30:00+00:00,2026-11-22 02:40:00+00:00,AC,7954,356,USD,1,,2026-10-04 04:31:41.636871+00:00,travelpayouts,round_trip,prices_for_dates,1130
YTO,Toronto,PUJ,Punta Cana,2026-11-22 01:30:00+00:00,2026-11-29 02:40:00+00:00,AC,7976,376,USD,1,,2026-10-04 04:31:41.636871+00:00,travelpayouts,round_trip,prices_for_dates,1560
YTO,Toronto,PUJ,Punta Cana,2026-12-02 00:00:00+00:00,,,,201,USD,0,,2026-10-04 04:31:42.662169+00:00,travelpayouts,one_way,month-matrix,282
YTO,Toronto,PUJ,Punta Cana,2026-12-03 00:00:00+00:00,,,,218,USD,0,,2026-10-04 04:31:42.662169+00:00,travelpayouts,one_way,month-matrix,0
YTO,Toronto,PUJ,Punta Cana,2026-12-04 00:00:00+00:00,,,,218,USD,0,,2026-10-04 04:31:42.662169+00:00,travelpayouts,one_way,month-matrix,0
YTO,Toronto,PUJ,Punta Cana,2026-12-05 00:00:00+00:00,,,,218,USD,0,,2026-10-04 04:31:42.662169+00:00,travelpayouts,one_way,month-matrix,0
YTO,Toronto,PUJ,Punta Cana,2026-12-06 00:00:00+00:00,,,,218,USD,0,,2026-10-04 04:31:42.662169+00:00,travelpayouts,one_way,month-matrix,0
YTO,Toronto,PUJ,Punta Cana,2026-12-07 00:00:00+00:00,,,,218,USD,0,,2026-10-04 04:31:42.662169+00:00,travelpayouts,one_way,month-matrix,0
YTO,Toronto,PUJ,Punta Cana,2026-12-08 00:00:00+00:00,,,,218,USD,0,,2026-10-04 04:31:42.662169+00:00,travelpayouts,one_way,month-matrix,0
YTO,Toronto,PUJ,Punta Cana,2026-12-09 00:00:00+00:00,,,,218,USD,0,,2026-10-04 04:31:42.662169+00:00,travelpayouts,one_way,month-matrix,0
YTO,Toronto,PUJ,Punta Cana,2026-12-10 00:00:00+00:00,,,,218,USD,0,,2026-10-04 04:31:42.662169+00:00,travelpayouts,one_way,month-matrix,0
YTO,Toronto,PUJ,Punta Cana,2026-12-11 00:00:00+00:00,,,,218,USD,0,,2026-10-04 04:31:42.662169+00:00,travelpayouts,one_way,month-matrix,0
YTO,Toronto,PUJ,Punta Cana,2026-12-12 00:00:00+00:00,,,,218,USD,0,,2026-10-04 04:31:42.662169+00:00,travelpayouts,one_way,month-matrix,0
YTO,Toronto,PUJ,Punta Cana,2026-12-13 00:00:00+00:00,,,,218,USD,0,,2026-10-04 04:31:42.662169+00:00,travelpayouts,one_way,month-matrix,0
YTO,Toronto,PUJ,Punta Cana,2026-12-01 00:00:00+00:00,,,,220,USD,0,,2026-10-04 04:31:42.662169+00:00,travelpayouts,one_way,month-matrix,260
YTO,Toronto,PUJ,Punta Cana,2026-12-14 00:00:00+00:00,,,,235,USD,0,,2026-10-04 04:31:42.662169+00:00,travelpayouts,one_way,month-matrix,280
YTO,Toronto,PUJ,Punta Cana,2026-12-15 00:00:00+00:00,,,,331,USD,0,,2026-10-04 04:31:42.662169+00:00,travelpayouts,one_way,month-matrix,0
YTO,Toronto,PUJ,Punta Cana,2026-12-16 00:00:00+00:00,,,,331,USD,0,,2026-10-04 04:31:42.662169+00:00,travelpayouts,one_way,month-matrix,0
YTO,Toronto,PUJ,Punta Cana,2026-12-17 00:00:00+00:00,,,,331,USD,0,,2026-10-04 04:31:42.662169+00:00,travelpayouts,one_way,month-matrix,0
YTO,Toronto,PUJ,Punta Cana,2026-12-18 00:00:00+00:00,,,,331,USD,0,,2026-10-04 04:31:42.662169+00:00,travelpayouts,one_way,month-matrix,0
YTO,Toronto,PUJ,Punta Cana,2026-12-19 00:00:00+00:00,,,,331,USD,0,,2026-10-04 04:31:42.662169+00:00,travelpayouts,one_way,month-matrix,0
YTO,Toronto,PUJ,Punta Cana,2026-12-20 00:00:00+00:00,,,,331,USD,0,,2026-10-04 04:31:42.662169+00:00,travelpayouts,one_way,month-matrix,0
YTO,Toronto,PUJ,Punta Cana,2026-12-21 00:00:00+00:00,,,,331,USD,0,,2026-10-04 04:31:42.662169+00:00,travelpayouts,one_way,month-matrix,0
YTO,Toronto,PUJ,Punta Cana,2026-12-22 00:00:00+00:00,,,,331,USD,0,,2026-10-04 04:31:42.662169+00:00,travelpayouts,one_way,month-matrix,0
YTO,Toronto,PUJ,Punta Cana,2026-12-23 00:00:00+00:00,,,,428,USD,1,,2026-10-04 04:31:42.662169+00:00,travelpayouts,one_way,month-matrix,840
YTO,Toronto,PUJ,Punta Cana,2026-12-02 11:30:00+00:00,,DM,5863,201,USD,0,,2026-10-04 04:31:43.202663+00:00,travelpayouts,one_way,prices_for_dates,282
YTO,Toronto,PUJ,Punta Cana,2026-12-01 19:00:00+00:00,,TS,286,220,USD,0,,2026-10-04 04:31:43.202663+00:00,travelpayouts,one_way,prices_for_dates,260
YTO,Toronto,PUJ,Punta Cana,2026-12-14 21:00:00+00:00,,AC,1798,235,USD,0,,2026-10-04 04:31:43.202663+00:00,travelpayouts,one_way,prices_for_dates,280
YTO,Toronto,PUJ,Punta Cana,2026-12-24 04:30:00+00:00,,PD,7868,428,USD,1,,2026-10-04 04:31:43.202663+00:00,travelpayouts,one_way,prices_for_dates,840
YTO,Toronto,PUJ,Punta Cana,2026-12-07 00:00:00+00:00,2026-12-14 00:00:00+00:00,,,311,USD,2,,2026-10-04 04:31:44.257713+00:00,travelpayouts,round_trip,month-matrix,1140
YTO,Toronto,PUJ,Punta Cana,2026-12-31 00:00:00+00:00,2027-01-17 00:00:00+00:00,,,313,USD,0,,2026-10-04 04:31:44.257713+00:00,travelpayouts,round_trip,month-matrix,561
YTO,Toronto,PUJ,Punta Cana,2026-12-31 00:00:00+00:00,2027-01-09 00:00:00+00:00,,,360,USD,0,,2026-10-04 04:31:44.257713+00:00,travelpayouts,round_trip,month-matrix,0
YTO,Toronto,PUJ,Punta Cana,2026-12-31 00:00:00+00:00,2027-01-10 00:00:00+00:00,,,360,USD,0,,2026-10-04 04:31:44.257713+00:00,travelpayouts,round_trip,month-matrix,0
YTO,Toronto,PUJ,Punta Cana,2026-12-31 00:00:00+00:00,2027-01-11 00:00:00+00:00,,,360,USD,0,,2026-10-04 04:31:44.257713+00:00,travelpayouts,round_trip,month-matrix,0
YTO,Toronto,PUJ,Punta Cana,2026-12-31 00:00:00+00:00,2027-01-12 00:00:00+00:00,,,360,USD,0,,2026-10-04 04:31:44.257713+00:00,travelpayouts,round_trip,month-matrix,0
YTO,Toronto,PUJ,Punta Cana,2026-12-31 00:00:00+00:00,2027-01-13 00:00:00+00:00,,,360,USD,0,,2026-10-04 04:31:44.257713+00:00,travelpayouts,round_trip,month-matrix,0
YTO,Toronto,PUJ,Punta Cana,2026-12-31 00:00:00+00:00,2027-01-14 00:00:00+00:00,,,360,USD,0,,2026-10-04 04:31:44.257713+00:00,travelpayouts,round_trip,month-matrix,0
YTO,Toronto,PUJ,Punta Cana,2026-12-31 00:00:00+00:00,2027-01-15 00:00:00+00:00,,,360,USD,0,,2026-10-04 04:31:44.257713+00:00,travelpayouts,round_trip,month-matrix,0
YTO,Toronto,PUJ,Punta Cana,2026-12-31 00:00:00+00:00,2027-01-16 00:00:00+00:00,,,360,USD,0,,2026-10-04 04:31:44.257713+00:00,travelpayouts,round_trip,month-matrix,0
YTO,Toronto,PUJ,Punta Cana,2026-12-15 00:00:00+00:00,2026-12-22 00:00:00+00:00,,,361,USD,0,,2026-10-04 04:31:44.257713+00:00,travelpayouts,round_trip,month-matrix,546
YTO,Toronto,PUJ,Punta Cana,2026-12-01 00:00:00+00:00,2026-12-04 00:00:00+00:00,,,393,USD,0,,2026-10-04 04:31:44.257713+00:00,travelpayouts,round_trip,month-matrix,535
YTO,Toronto,PUJ,Punta Cana,2026-12-31 00:00:00+00:00,2027-01-08 00:00:00+00:00,,,406,USD,0,,2026-10-04 04:31:44.257713+00:00,travelpayouts,round_trip,month-matrix,565
YTO,Toronto,PUJ,Punta Cana,2026-12-04 00:00:00+00:00,2026-12-11 00:00:00+00:00,,,440,USD,1,,2026-10-04 04:31:44.257713+00:00,travelpayouts,round_trip,month-matrix,2128
YTO,Toronto,PUJ,Punta Cana,2026-12-21 00:00:00+00:00,2026-12-28 00:00:00+00:00,,,696,USD,1,,2026-10-04 04:31:44.257713+00:00,travelpayouts,round_trip,month-matrix,1336
YTO,Toronto,PUJ,Punta Cana,2026-12-27 00:00:00+00:00,2027-01-04 00:00:00+00:00,,,1021,USD,0,,2026-10-04 04:31:44.257713+00:00,travelpayouts,round_trip,month-matrix,565
YTO,Toronto,PUJ,Punta Cana,2026-12-19 00:00:00+00:00,2027-01-03 00:00:00+00:00,,,1046,USD,1,,2026-10-04 04:31:44.257713+00:00,travelpayouts,round_trip,month-matrix,1613
YTO,Toronto,PUJ,Punta Cana,2026-12-07 13:20:00+00:00,2026-12-15 02:40:00+00:00,AC,7862,311,USD,2,,2026-10-04 04:31:44.783449+00:00,travelpayouts,round_trip,prices_for_dates,1140
YTO,Toronto,PUJ,Punta Cana,2026-12-31 14:00:00+00:00,2027-01-18 00:04:00+00:00,F8,2634,313,USD,0,,2026-10-04 04:31:44.783449+00:00,travelpayouts,round_trip,prices_for_dates,561
YTO,Toronto,PUJ,Punta Cana,2026-12-15 19:00:00+00:00,2026-12-23 00:04:00+00:00,TS,286,361,USD,0,,2026-10-04 04:31:44.783449+00:00,travelpayouts,round_trip,prices_for_dates,546
YTO,Toronto,PUJ,Punta Cana,2026-12-01 19:00:00+00:00,2026-12-05 01:25:00+00:00,TS,286,393,USD,0,,2026-10-04 04:31:44.783449+00:00,travelpayouts,round_trip,prices_for_dates,535
YTO,Toronto,PUJ,Punta Cana,2026-12-31 14:00:00+00:00,2027-01-08 19:35:00+00:00,F8,2634,406,USD,0,,2026-10-04 04:31:44.783449+00:00,travelpayouts,round_trip,prices_for_dates,565
YTO,Toronto,PUJ,Punta Cana,2026-12-05 00:44:00+00:00,2026-12-11 23:30:00+00:00,UA,3466,440,USD,1,,2026-10-04 04:31:44.783449+00:00,travelpayouts,round_trip,prices_for_dates,2128
YTO,Toronto,PUJ,Punta Cana,2026-12-21 20:20:00+00:00,2026-12-28 23:45:00+00:00,AC,7972,696,USD,1,,2026-10-04 04:31:44.783449+00:00,travelpayouts,round_trip,prices_for_dates,1336
YTO,Toronto,PUJ,Punta Cana,2026-12-27 05:40:00+00:00,2027-01-04 18:05:00+00:00,WS,2108,1021,USD,0,,2026-10-04 04:31:44.783449+00:00,travelpayouts,round_trip,prices_for_dates,565
YTO,Toronto,PUJ,Punta Cana,2026-12-19 11:20:00+00:00,2027-01-04 03:55:00+00:00,AC,480,1046,USD,1,,2026-10-04 04:31:44.783449+00:00,travelpayouts,round_trip,prices_for_dates,1613
YTO,Toronto,PUJ,Punta Cana,2027-01-02 00:00:00+00:00,,,,164,USD,0,,2026-10-04 04:31:45.837056+00:00,travelpayouts,one_way,month-matrix,275
YTO,Toronto,PUJ,Punta Cana,2027-01-03 00:00:00+00:00,,,,165,USD,0,,2026-10-04 04:31:45.837056+00:00,travelpayouts,one_way,month-matrix,0
YTO,Toronto,PUJ,Punta Cana,2027-01-04 00:00:00+00:00,,,,165,USD,0,,2026-10-04 04:31:45.837056+00:00,travelpayouts,one_way,month-matrix,0
YTO,Toronto,PUJ,Punta Cana,2027-01-05 00:00:00+00:00,,,,165,USD,0,,2026-10-04 04:31:45.837056+00:00,travelpayouts,one_way,month-matrix,0
YTO,Toronto,PUJ,Punta Cana,2027-01-06 00:00:00+00:00,,,,165,USD,0,,2026-10-04 04:31:45.837056+00:00,travelpayouts,one_way,month-matrix,0
YTO,Toronto,PUJ,Punta Cana,2027-01-07 00:00:00+00:00,,,,165,USD,0,,2026-10-04 04:31:45.837056+00:00,travelpayouts,one_way,month-matrix,0
YTO,Toronto,PUJ,Punta Cana,2027-01-08 00:00:00+00:00,,,,165,USD,0,,2026-10-04 04:31:45.837056+00:00,travelpayouts,one_way,month-matrix,0
YTO,Toronto,PUJ,Punta Cana,2027-01-09 00:00:00+00:00,,,,165,USD,0,,2026-10-04 04:31:45.837056+00:00,travelpayouts,one_way,month-matrix,0
YTO,Toronto,PUJ,Punta Cana,2027-01-10 00:00:00+00:00,,,,165,USD,0,,2026-10-04 04:31:45.837056+00:00,travelpayouts,one_way,month-matrix,0
YTO,Toronto,PUJ,Punta Cana,2027-01-11 00:00:00+00:00,,,,165,USD,0,,2026-10-04 04:31:45.837056+00:00,travelpayouts,one_way,month-matrix,0
YTO,Toronto,PUJ,Punta Cana,2027-01-12 00:00:00+00:00,,,,165,USD,0,,2026-10-04 04:31:45.837056+00:00,travelpayouts,one_way,month-matrix,0
YTO,Toronto,PUJ,Punta Cana,2027-01-13 00:00:00+00:00,,,,165,USD,0,,2026-10-04 04:31:45.837056+00:00,travelpayouts,one_way,month-matrix,0
YTO,Toronto,PUJ,Punta Cana,2027-01-14 00:00:00+00:00,,,,165,USD,0,,2026-10-04 04:31:45.837056+00:00,travelpayouts,one_way,month-matrix,0
YTO,Toronto,PUJ,Punta Cana,2027-01-15 00:00:00+00:00,,,,165,USD,0,,2026-10-04 04:31:45.837056+00:00,travelpayouts,one_way,month-matrix,0
YTO,Toronto,PUJ,Punta Cana,2027-01-16 00:00:00+00:00,,,,165,USD,0,,2026-10-04 04:31:45.837056+00:00,travelpayouts,one_way,month-matrix,0
YTO,Toronto,PUJ,Punta Cana,2027-01-17 00:00:00+00:00,,,,165,USD,0,,2026-10-04 04:31:45.837056+00:00,travelpayouts,one_way,month-matrix,0
YTO,Toronto,PUJ,Punta Cana,2027-01-18 00:00:00+00:00,,,,165,USD,0,,2026-10-04 04:31:45.837056+00:00,travelpayouts,one_way,month-matrix,0
YTO,Toronto,PUJ,Punta Cana,2027-01-19 00:00:00+00:00,,,,165,USD,0,,2026-10-04 04:31:45.837056+00:00,travelpayouts,one_way,month-matrix,0
YTO,Toronto,PUJ,Punta Cana,2027-01-20 00:00:00+00:00,,,,165,USD,0,,2026-10-04 04:31:45.837056+00:00,travelpayouts,one_way,month-matrix,0
YTO,Toronto,PUJ,Punta Cana,2027-01-21 00:00:00+00:00,,,,166,USD,0,,2026-10-04 04:31:45.837056+00:00,travelpayouts,one_way,month-matrix,275
YTO,Toronto,PUJ,Punta Cana,2027-01-02 18:40:00+00:00,,F8,2632,164,USD,0,,2026-10-04 04:31:46.355151+00:00,travelpayouts,one_way,prices_for_dates,275
YTO,Toronto,PUJ,Punta Cana,2027-01-21 14:00:00+00:00,,F8,2634,166,USD,0,,2026-10-04 04:31:46.355151+00:00,travelpayouts,one_way,prices_for_dates,275
YTO,Toronto,PUJ,Punta Cana,2027-01-20 00:00:00+00:00,2027-01-28 00:00:00+00:00,,,372,USD,0,,2026-10-04 04:31:47.396702+00:00,travelpayouts,round_trip,month-matrix,568
YTO,Toronto,PUJ,Punta Cana,2027-01-02 00:00:00+00:00,2027-01-10 00:00:00+00:00,,,379,USD,0,,2026-10-04 04:31:47.396702+00:00,travelpayouts,round_trip,month-matrix,565
YTO,Toronto,PUJ,Punta Cana,2027-01-01 00:00:00+00:00,2027-01-10 00:00:00+00:00,,,382,USD,0,,2026-10-04 04:31:47.396702+00:00,travelpayouts,round_trip,month-matrix,565
YTO,Toronto,PUJ,Punta Cana,2027-01-01 00:00:00+00:00,2027-01-09 00:00:00+00:00,,,384,USD,0,,2026-10-04 04:31:47.396702+00:00,travelpayouts,round_trip,month-matrix,0
YTO,Toronto,PUJ,Punta Cana,2027-01-01 00:00:00+00:00,2027-01-08 00:00:00+00:00,,,386,USD,0,,2026-10-04 04:31:47.396702+00:00,travelpayouts,round_trip,month-matrix,565
YTO,Toronto,PUJ,Punta Cana,2027-01-20 11:30:00+00:00,2027-01-29 00:04:00+00:00,DM,5863,372,USD,0,,2026-10-04 04:31:47.929167+00:00,travelpayouts,round_trip,prices_for_dates,568
YTO,Toronto,PUJ,Punta Cana,2027-01-02 18:40:00+00:00,2027-01-10 19:35:00+00:00,F8,2632,379,USD,0,,2026-10-04 04:31:47.929167+00:00,travelpayouts,round_trip,prices_for_dates,565
YTO,Toronto,PUJ,Punta Cana,2027-01-01 14:00:00+00:00,2027-01-10 19:35:00+00:00,F8,2634,382,USD,0,,2026-10-04 04:31:47.929167+00:00,travelpayouts,round_trip,prices_for_dates,565
YTO,Toronto,PUJ,Punta Cana,2027-01-01 14:00:00+00:00,2027-01-08 19:35:00+00:00,F8,2634,386,USD,0,,2026-10-04 04:31:47.929167+00:00,travelpayouts,round_trip,prices_for_dates,565
YTO,Toronto,NYC,New York,2026-10-28 00:00:00+00:00,,,,112,USD,1,,2026-10-04 04:31:48.999430+00:00,travelpayouts,one_way,month-matrix,370
YTO,Toronto,NYC,New York,2026-10-20 00:00:00+00:00,,,,113,USD,1,,2026-10-04 04:31:48.999430+00:00,travelpayouts,one_way,month-matrix,315
YTO,Toronto,NYC,New York,2026-10-30 00:00:00+00:00,,,,123,USD,1,,2026-10-04 04:31:48.999430+00:00,travelpayouts,one_way,month-matrix,370
YTO,Toronto,NYC,New York,2026-10-29 00:00:00+00:00,,,,123,USD,1,,2026-10-04 04:31:48.999430+00:00,travelpayouts,one_way,month-matrix,310
YTO,Toronto,NYC,New York,2026-10-24 00:00:00+00:00,,,,127,USD,0,,2026-10-04 04:31:48.999430+00:00,travelpayouts,one_way,month-matrix,0
YTO,Toronto,NYC,New York,2026-10-25 00:00:00+00:00,,,,127,USD,0,,2026-10-04 04:31:48.999430+00:00,travelpayouts,one_way,month-matrix,0
YTO,Toronto,NYC,New York,2026-10-26 00:00:00+00:00,,,,127,USD,0,,2026-10-04 04:31:48.999430+00:00,travelpayouts,one_way,month-matrix,0
YTO,Toronto,NYC,New York,2026-10-27 00:00:00+00:00,,,,127,USD,0,,2026-10-04 04:31:48.999430+00:00,travelpayouts,one_way,month-matrix,0
YTO,Toronto,NYC,New York,2026-10-22 00:00:00+00:00,,,,128,USD,1,,2026-10-04 04:31:48.999430+00:00,travelpayouts,one_way,month-matrix,415
YTO,Toronto,NYC,New York,2026-10-23 00:00:00+00:00,,,,141,USD,0,,2026-10-04 04:31:48.999430+00:00,travelpayouts,one_way,month-matrix,95
YTO,Toronto,NYC,New York,2026-10-08 00:00:00+00:00,,,,165,USD,0,,2026-10-04 04:31:48.999430+00:00,travelpayouts,one_way,month-matrix,89
YTO,Toronto,NYC,New York,2026-10-07 00:00:00+00:00,,,,168,USD,0,,2026-10-04 04:31:48.999430+00:00,travelpayouts,one_way,month-matrix,95
YTO,Toronto,NYC,New York,2026-10-21 00:00:00+00:00,,,,174,USD,0,,2026-10-04 04:31:48.999430+00:00,travelpayouts,one_way,month-matrix,95
YTO,Toronto,NYC,New York,2026-10-13 00:00:00+00:00,,,,177,USD,0,,2026-10-04 04:31:48.999430+00:00,travelpayouts,one_way,month-matrix,95
YTO,Toronto,NYC,New York,2026-10-12 00:00:00+00:00,,,,187,USD,0,,2026-10-04 04:31:48.999430+00:00,travelpayouts,one_way,month-matrix,96
YTO,Toronto,NYC,New York,2026-10-11 00:00:00+00:00,,,,188,USD,0,,2026-10-04 04:31:48.999430+00:00,travelpayouts,one_way,month-matrix,0
YTO,Toronto,NYC,New York,2026-10-10 00:00:00+00:00,,,,188,USD,0,,2026-10-04 04:31:48.999430+00:00,travelpayouts,one_way,month-matrix,95
YTO,Toronto,NYC,New York,2026-10-17 00:00:00+00:00,,,,197,USD,0,,2026-10-04 04:31:48.999430+00:00,travelpayouts,one_way,month-matrix,95
YTO,Toronto,NYC,New York,2026-10-09 00:00:00+00:00,,,,209,USD,1,,2026-10-04 04:31:48.999430+00:00,travelpayouts,one_way,month-matrix,315
YTO,Toronto,NYC,New York,2026-10-06 00:00:00+00:00,,,,211,USD,0,,2026-10-04 04:31:48.999430+00:00,travelpayouts,one_way,month-matrix,95
YTO,Toronto,NYC,New York,2026-10-18 00:00:00+00:00,,,,212,USD,0,,2026-10-04 04:31:48.999430+00:00,travelpayouts,one_way,month-matrix,95
YTO,Toronto,NYC,New York,2026-10-15 00:00:00+00:00,,,,212,USD,0,,2026-10-04 04:31:48.999430+00:00,travelpayouts,one_way,month-matrix,95
YTO,Toronto,NYC,New York,2026-10-16 00:00:00+00:00,,,,212,USD,0,,2026-10-04 04:31:48.999430+00:00,travelpayouts,one_way,month-matrix,95
YTO,Toronto,NYC,New York,2026-10-19 00:00:00+00:00,,,,212,USD,0,,2026-10-04 04:31:48.999430+00:00,travelpayouts,one_way,month-matrix,95
YTO,Toronto,NYC,New York,2026-10-04 00:00:00+00:00,,,,226,USD,0,,2026-10-04 04:31:48.999430+00:00,travelpayouts,one_way,month-matrix,96
YTO,Toronto,NYC,New York,2026-10-05 00:00:00+00:00,,,,244,USD,0,,2026-10-04 04:31:48.999430+00:00,travelpayouts,one_way,month-matrix,90
YTO,Toronto,NYC,New York,2026-10-14 00:00:00+00:00,,,,264,USD,0,,2026-10-04 04:31:48.999430+00:00,travelpayouts,one_way,month-matrix,96
YTO,Toronto,NYC,New York,2026-10-28 14:35:00+00:00,,PD,2217,112,USD,1,,2026-10-04 04:31:49.479067+00:00,travelpayouts,one_way,prices_for_dates,370
YTO,Toronto,NYC,New York,2026-10-20 14:30:00+00:00,,PD,2219,113,USD,1,,2026-10-04 04:31:49.479067+00:00,travelpayouts,one_way,prices_for_dates,315
YTO,Toronto,NYC,New York,2026-10-30 14:35:00+00:00,,P3,2217,123,USD,1,,2026-10-04 04:31:49.479067+00:00,travelpayouts,one_way,prices_for_dates,370
YTO,Toronto,NYC,New York,2026-10-29 11:00:00+00:00,,P3,2205,123,USD,1,,2026-10-04 04:31:49.479067+00:00,travelpayouts,one_way,prices_for_dates,310
YTO,Toronto,NYC,New York,2026-10-22 14:00:00+00:00,,P3,2463,128,USD,1,,2026-10-04 04:31:49.479067+00:00,travelpayouts,one_way,prices_for_dates,415
YTO,Toronto,NYC,New York,2026-10-23 21:50:00+00:00,,PD,607,141,USD,0,,2026-10-04 04:31:49.479067+00:00,travelpayouts,one_way,prices_for_dates,95
YTO,Toronto,NYC,New York,2026-10-08 12:00:00+00:00,,AC,8456,165,USD,0,,2026-10-04 04:31:49.479067+00:00,travelpayouts,one_way,prices_for_dates,89
YTO,Toronto,NYC,New York,2026-10-07 11:20:00+00:00,,PD,603,168,USD,0,,2026-10-04 04:31:49.479067+00:00,travelpayouts,one_way,prices_for_dates,95
YTO,Toronto,NYC,New York,2026-10-21 19:20:00+00:00,,PD,605,174,USD,0,,2026-10-04 04:31:49.479067+00:00,travelpayouts,one_way,prices_for_dates,95
YTO,Toronto,NYC,New York,2026-10-13 21:50:00+00:00,,PD,607,177,USD,0,,2026-10-04 04:31:49.479067+00:00,travelpayouts,one_way,prices_for_dates,95
YTO,Toronto,NYC,New York,2026-10-12 10:00:00+00:00,,AC,700,187,USD,0,,2026-10-04 04:31:49.479067+00:00,travelpayouts,one_way,prices_for_dates,96
YTO,Toronto,NYC,New York,2026-10-10 20:35:00+00:00,,AC,716,188,USD,0,,2026-10-04 04:31:49.479067+00:00,travelpayouts,one_way,prices_for_dates,95
YTO,Toronto,NYC,New York,2026-10-17 19:20:00+00:00,,PD,605,197,USD,0,,2026-10-04 04:31:49.479067+00:00,travelpayouts,one_way,prices_for_dates,95
YTO,Toronto,NYC,New York,2026-10-09 14:30:00+00:00,,PD,2219,209,USD,1,,2026-10-04 04:31:49.479067+00:00,travelpayouts,one_way,prices_for_dates,315
YTO,Toronto,NYC,New York,2026-10-06 21:50:00+00:00,,PD,607,211,USD,0,,2026-10-04 04:31:49.479067+00:00,travelpayouts,one_way,prices_for_dates,95
YTO,Toronto,NYC,New York,2026-10-18 11:20:00+00:00,,PD,603,212,USD,0,,2026-10-04 04:31:49.479067+00:00,travelpayouts,one_way,prices_for_dates,95
YTO,Toronto,NYC,New York,2026-10-15 19:20:00+00:00,,PD,605,212,USD,0,,2026-10-04 04:31:49.479067+00:00,travelpayouts,one_way,prices_for_dates,95
YTO,Toronto,NYC,New York,2026-10-16 19:20:00+00:00,,PD,605,212,USD,0,,2026-10-04 04:31:49.479067+00:00,travelpayouts,one_way,prices_for_dates,95
YTO,Toronto,NYC,New York,2026-10-19 19:20:00+00:00,,PD,605,212,USD,0,,2026-10-04 04:31:49.479067+00:00,travelpayouts,one_way,prices_for_dates,95
YTO,Toronto,NYC,New York,2026-10-04 10:00:00+00:00,,AC,700,226,USD,0,,2026-10-04 04:31:49.479067+00:00,travelpayouts,one_way,prices_for_dates,96
YTO,Toronto,NYC,New York,2026-10-05 14:15:00+00:00,,PD,2127,244,USD,0,,2026-10-04 04:31:49.479067+00:00,travelpayouts,one_way,prices_for_dates,90
YTO,Toronto,NYC,New York,2026-10-15 01:00:00+00:00,,AC,724,264,USD,0,,2026-10-04 04:31:49.479067+00:00,travelpayouts,one_way,prices_for_dates,96
YTO,Toronto,NYC,New York,2026-10-12 00:00:00+00:00,,,,195,USD,0,,2026-10-04 04:31:50.038898+00:00,travelpayouts,one_way,latest,96
YTO,Toronto,NYC,New York,2026-10-21 00:00:00+00:00,,,,197,USD,0,,2026-10-04 04:31:50.038898+00:00,travelpayouts,one_way,latest,95
YTO,Toronto,NYC,New York,2026-10-20 00:00:00+00:00,,,,197,USD,0,,2026-10-04 04:31:50.038898+00:00,travelpayouts,one_way,latest,95
YTO,Toronto,NYC,New York,2026-10-11 00:00:00+00:00,,,,203,USD,0,,2026-10-04 04:31:50.038898+00:00,travelpayouts,one_way,latest,0
YTO,Toronto,NYC,New York,2026-10-10 00:00:00+00:00,,,,212,USD,0,,2026-10-04 04:31:50.038898+00:00,travelpayouts,one_way,latest,96
YTO,Toronto,NYC,New York,2026-10-08 00:00:00+00:00,,,,222,USD,0,,2026-10-04 04:31:50.038898+00:00,travelpayouts,one_way,latest,96
YTO,Toronto,NYC,New York,2026-10-07 00:00:00+00:00,,,,223,USD,1,,2026-10-04 04:31:50.038898+00:00,travelpayouts,one_way,latest,227
YTO,Toronto,NYC,New York,2026-10-09 00:00:00+00:00,,,,332,USD,0,,2026-10-04 04:31:50.038898+00:00,travelpayouts,one_way,latest,95
YTO,Toronto,NYC,New York,2026-10-26 00:00:00+00:00,2026-10-27 00:00:00+00:00,,,192,USD,1,,2026-10-04 04:31:50.575108+00:00,travelpayouts,round_trip,month-matrix,583
YTO,Toronto,NYC,New York,2026-10-22 00:00:00+00:00,2026-10-27 00:00:00+00:00,,,192,USD,1,,2026-10-04 04:31:50.575108+00:00,travelpayouts,round_trip,month-matrix,688
YTO,Toronto,NYC,New York,2026-10-28 00:00:00+00:00,2026-10-31 00:00:00+00:00,,,192,USD,1,,2026-10-04 04:31:50.575108+00:00,travelpayouts,round_trip,month-matrix,643
YTO,Toronto,NYC,New York,2026-10-29 00:00:00+00:00,2026-10-31 00:00:00+00:00,,,197,USD,1,,2026-10-04 04:31:50.575108+00:00,travelpayouts,round_trip,month-matrix,408
YTO,Toronto,NYC,New York,2026-10-23 00:00:00+00:00,2026-10-27 00:00:00+00:00,,,202,USD,1,,2026-10-04 04:31:50.575108+00:00,travelpayouts,round_trip,month-matrix,688
YTO,Toronto,NYC,New York,2026-10-23 00:00:00+00:00,2026-10-25 00:00:00+00:00,,,206,USD,1,,2026-10-04 04:31:50.575108+00:00,travelpayouts,round_trip,month-matrix,428
YTO,Toronto,NYC,New York,2026-10-24 00:00:00+00:00,2026-10-31 00:00:00+00:00,,,210,USD,0,,2026-10-04 04:31:50.575108+00:00,travelpayouts,round_trip,month-matrix,206
YTO,Toronto,NYC,New York,2026-10-29 00:00:00+00:00,2026-11-01 00:00:00+00:00,,,212,USD,1,,2026-10-04 04:31:50.575108+00:00,travelpayouts,round_trip,month-matrix,408
YTO,Toronto,NYC,New York,2026-10-31 00:00:00+00:00,2026-11-07 00:00:00+00:00,,,221,USD,1,,2026-10-04 04:31:50.575108+00:00,travelpayouts,round_trip,month-matrix,745
YTO,Toronto,NYC,New York,2026-10-28 00:00:00+00:00,2026-11-01 00:00:00+00:00,,,230,USD,1,,2026-10-04 04:31:50.575108+00:00,travelpayouts,round_trip,month-matrix,368
YTO,Toronto,NYC,New York,2026-10-08 00:00:00+00:00,2026-10-22 00:00:00+00:00,,,242,USD,0,,2026-10-04 04:31:50.575108+00:00,travelpayouts,round_trip,month-matrix,195
YTO,Toronto,NYC,New York,2026-10-22 00:00:00+00:00,2026-10-26 00:00:00+00:00,,,251,USD,0,,2026-10-04 04:31:50.575108+00:00,travelpayouts,round_trip,month-matrix,0
YTO,Toronto,NYC,New York,2026-10-17 00:00:00+00:00,2026-10-25 00:00:00+00:00,,,252,USD,1,,2026-10-04 04:31:50.575108+00:00,travelpayouts,round_trip,month-matrix,568
YTO,Toronto,NYC,New York,2026-10-23 00:00:00+00:00,2026-10-26 00:00:00+00:00,,,256,USD,1,,2026-10-04 04:31:50.575108+00:00,travelpayouts,round_trip,month-matrix,385
YTO,Toronto,NYC,New York,2026-10-07 00:00:00+00:00,2026-10-13 00:00:00+00:00,,,269,USD,0,,2026-10-04 04:31:50.575108+00:00,travelpayouts,round_trip,month-matrix,190
YTO,Toronto,NYC,New York,2026-10-08 00:00:00+00:00,2026-10-13 00:00:00+00:00,,,269,USD,0,,2026-10-04 04:31:50.575108+00:00,travelpayouts,round_trip,month-matrix,190
YTO,Toronto,NYC,New York,2026-10-08 00:00:00+00:00,2026-10-14 00:00:00+00:00,,,279,USD,0,,2026-10-04 04:31:50.575108+00:00,travelpayouts,round_trip,month-matrix,0
YTO,Toronto,NYC,New York,2026-10-08 00:00:00+00:00,2026-10-15 00:00:00+00:00,,,279,USD,0,,2026-10-04 04:31:50.575108+00:00,travelpayouts,round_trip,month-matrix,0
YTO,Toronto,NYC,New York,2026-10-08 00:00:00+00:00,2026-10-16 00:00:00+00:00,,,279,USD,0,,2026-10-04 04:31:50.575108+00:00,travelpayouts,round_trip,month-matrix,0
YTO,Toronto,NYC,New York,2026-10-08 00:00:00+00:00,2026-10-17 00:00:00+00:00,,,279,USD,0,,2026-10-04 04:31:50.575108+00:00,travelpayouts,round_trip,month-matrix,0
YTO,Toronto,NYC,New York,2026-10-08 00:00:00+00:00,2026-10-18 00:00:00+00:00,,,279,USD,0,,2026-10-04 04:31:50.575108+00:00,travelpayouts,round_trip,month-matrix,0
YTO,Toronto,NYC,New York,2026-10-08 00:00:00+00:00,2026-10-19 00:00:00+00:00,,,279,USD,0,,2026-10-04 04:31:50.575108+00:00,travelpayouts,round_trip,month-matrix,0
YTO,Toronto,NYC,New York,2026-10-08 00:00:00+00:00,2026-10-20 00:00:00+00:00,,,279,USD,0,,2026-10-04 04:31:50.575108+00:00,travelpayouts,round_trip,month-matrix,0
YTO,Toronto,NYC,New York,2026-10-19 00:00:00+00:00,2026-10-23 00:00:00+00:00,,,286,USD,0,,2026-10-04 04:31:50.575108+00:00,travelpayouts,round_trip,month-matrix,196
YTO,Toronto,NYC,New York,2026-10-19 00:00:00+00:00,2026-10-25 00:00:00+00:00,,,286,USD,0,,2026-10-04 04:31:50.575108+00:00,travelpayouts,round_trip,month-matrix,0
YTO,Toronto,NYC,New York,2026-10-19 00:00:00+00:00,2026-10-26 00:00:00+00:00,,,286,USD,0,,2026-10-04 04:31:50.575108+00:00,travelpayouts,round_trip,month-matrix,0
YTO,Toronto,NYC,New York,2026-10-19 00:00:00+00:00,2026-10-27 00:00:00+00:00,,,286,USD,0,,2026-10-04 04:31:50.575108+00:00,travelpayouts,round_trip,month-matrix,0
YTO,Toronto,NYC,New York,2026-10-19 00:00:00+00:00,2026-10-28 00:00:00+00:00,,,286,USD,0,,2026-10-04 04:31:50.575108+00:00,travelpayouts,round_trip,month-matrix,0
YTO,Toronto,NYC,New York,2026-10-19 00:00:00+00:00,2026-10-29 00:00:00+00:00,,,286,USD,0,,2026-10-04 04:31:50.575108+00:00,travelpayouts,round_trip,month-matrix,0
YTO,Toronto,NYC,New York,2026-10-19 00:00:00+00:00,2026-10-30 00:00:00+00:00,,,286,USD,0,,2026-10-04 04:31:50.575108+00:00,travelpayouts,round_trip,month-matrix,0
YTO,Toronto,NYC,New York,2026-10-19 00:00:00+00:00,2026-10-31 00:00:00+00:00,,,286,USD,0,,2026-10-04 04:31:50.575108+00:00,travelpayouts,round_trip,month-matrix,0
YTO,Toronto,NYC,New York,2026-10-26 11:00:00+00:00,2026-10-27 21:25:00+00:00,PD,151,192,USD,1,,2026-10-04 04:31:51.105935+00:00,travelpayouts,round_trip,prices_for_dates,583
YTO,Toronto,NYC,New York,2026-10-22 14:00:00+00:00,2026-10-27 21:25:00+00:00,PD,2463,192,USD,1,,2026-10-04 04:31:51.105935+00:00,travelpayouts,round_trip,prices_for_dates,688
YTO,Toronto,NYC,New York,2026-10-28 14:35:00+00:00,2026-10-31 21:25:00+00:00,P3,2217,192,USD,1,,2026-10-04 04:31:51.105935+00:00,travelpayouts,round_trip,prices_for_dates,643
YTO,Toronto,NYC,New York,2026-10-29 11:00:00+00:00,2026-10-31 15:55:00+00:00,PD,2205,197,USD,1,,2026-10-04 04:31:51.105935+00:00,travelpayouts,round_trip,prices_for_dates,408
YTO,Toronto,NYC,New York,2026-10-23 14:00:00+00:00,2026-10-27 21:25:00+00:00,PD,2463,202,USD,1,,2026-10-04 04:31:51.105935+00:00,travelpayouts,round_trip,prices_for_dates,688
YTO,Toronto,NYC,New York,2026-10-23 16:25:00+00:00,2026-10-25 16:50:00+00:00,PD,2133,206,USD,0,,2026-10-04 04:31:51.105935+00:00,travelpayouts,round_trip,prices_for_dates,428
YTO,Toronto,NYC,New York,2026-10-25 00:55:00+00:00,2026-10-31 22:55:00+00:00,AC,1512,210,USD,0,,2026-10-04 04:31:51.105935+00:00,travelpayouts,round_trip,prices_for_dates,206
YTO,Toronto,NYC,New York,2026-10-29 11:00:00+00:00,2026-11-01 13:00:00+00:00,P3,2205,212,USD,1,,2026-10-04 04:31:51.105935+00:00,travelpayouts,round_trip,prices_for_dates,408
YTO,Toronto,NYC,New York,2026-10-31 14:35:00+00:00,2026-11-07 17:50:00+00:00,PD,2217,221,USD,1,,2026-10-04 04:31:51.105935+00:00,travelpayouts,round_trip,prices_for_dates,745
YTO,Toronto,NYC,New York,2026-10-28 16:15:00+00:00,2026-11-01 13:00:00+00:00,PD,2259,230,USD,1,,2026-10-04 04:31:51.105935+00:00,travelpayouts,round_trip,prices_for_dates,368
YTO,Toronto,NYC,New York,2026-10-08 20:35:00+00:00,2026-10-22 18:35:00+00:00,AC,716,242,USD,0,,2026-10-04 04:31:51.105935+00:00,travelpayouts,round_trip,prices_for_dates,195
YTO,Toronto,NYC,New York,2026-10-17 15:55:00+00:00,2026-10-25 16:50:00+00:00,PD,2221,252,USD,1,,2026-10-04 04:31:51.105935+00:00,travelpayouts,round_trip,prices_for_dates,568
YTO,Toronto,NYC,New York,2026-10-23 10:25:00+00:00,2026-10-26 10:55:00+00:00,AC,1500,256,USD,0,,2026-10-04 04:31:51.105935+00:00,travelpayouts,round_trip,prices_for_dates,385
YTO,Toronto,NYC,New York,2026-10-07 19:20:00+00:00,2026-10-13 13:55:00+00:00,PD,605,269,USD,0,,2026-10-04 04:31:51.105935+00:00,travelpayouts,round_trip,prices_for_dates,190
YTO,Toronto,NYC,New York,2026-10-08 11:20:00+00:00,2026-10-13 13:55:00+00:00,PD,603,269,USD,0,,2026-10-04 04:31:51.105935+00:00,travelpayouts,round_trip,prices_for_dates,190
YTO,Toronto,NYC,New York,2026-10-20 01:00:00+00:00,2026-10-23 13:00:00+00:00,AC,724,286,USD,0,,2026-10-04 04:31:51.105935+00:00,travelpayouts,round_trip,prices_for_dates,196
YTO,Toronto,NYC,New York,2026-10-19 10:00:00+00:00,2026-11-22 11:55:00+00:00,AC,700,287,USD,0,,2026-10-04 04:31:51.105935+00:00,travelpayouts,round_trip,prices_for_dates,447
YTO,Toronto,NYC,New York,2026-10-08 11:20:00+00:00,2026-10-21 13:55:00+00:00,PD,603,288,USD,0,,2026-10-04 04:31:51.105935+00:00,travelpayouts,round_trip,prices_for_dates,190
YTO,Toronto,NYC,New York,2026-10-21 11:20:00+00:00,2026-10-24 13:55:00+00:00,PD,603,301,USD,0,,2026-10-04 04:31:51.105935+00:00,travelpayouts,round_trip,prices_for_dates,190
YTO,Toronto,NYC,New York,2026-10-09 10:00:00+00:00,2026-10-13 14:00:00+00:00,AC,700,305,USD,0,,2026-10-04 04:31:51.105935+00:00,travelpayouts,round_trip,prices_for_dates,197
YTO,Toronto,NYC,New York,2026-10-20 17:00:00+00:00,2026-10-24 00:28:00+00:00,AC,412,307,USD,1,,2026-10-04 04:31:51.105935+00:00,travelpayouts,round_trip,prices_for_dates,346
YTO,Toronto,NYC,New York,2026-10-15 11:20:00+00:00,2026-10-21 00:30:00+00:00,PD,603,308,USD,0,,2026-10-04 04:31:51.105935+00:00,travelpayouts,round_trip,prices_for_dates,190
YTO,Toronto,NYC,New York,2026-10-22 10:00:00+00:00,2026-10-25 11:21:00+00:00,AC,700,309,USD,0,,2026-10-04 04:31:51.105935+00:00,travelpayouts,round_trip,prices_for_dates,209
YTO,Toronto,NYC,New York,2026-10-16 19:20:00+00:00,2026-10-21 00:30:00+00:00,PD,605,311,USD,0,,2026-10-04 04:31:51.105935+00:00,travelpayouts,round_trip,prices_for_dates,190
YTO,Toronto,NYC,New York,2026-10-11 00:55:00+00:00,2026-10-14 10:30:00+00:00,AC,1512,318,USD,0,,2026-10-04 04:31:51.105935+00:00,travelpayouts,round_trip,prices_for_dates,195
YTO,Toronto,NYC,New York,2026-10-12 11:20:00+00:00,2026-11-03 14:40:00+00:00,PD,603,318,USD,0,,2026-10-04 04:31:51.105935+00:00,travelpayouts,round_trip,prices_for_dates,197
YTO,Toronto,NYC,New York,2026-10-16 21:50:00+00:00,2026-10-19 13:55:00+00:00,PD,607,319,USD,0,,2026-10-04 04:31:51.105935+00:00,travelpayouts,round_trip,prices_for_dates,190
YTO,Toronto,NYC,New York,2026-10-12 11:20:00+00:00,2026-11-05 14:40:00+00:00,PD,603,335,USD,0,,2026-10-04 04:31:51.105935+00:00,travelpayouts,round_trip,prices_for_dates,197
YTO,Toronto,NYC,New York,2026-10-18 01:00:00+00:00,2026-10-20 10:30:00+00:00,AC,724,371,USD,0,,2026-10-04 04:31:51.105935+00:00,travelpayouts,round_trip,prices_for_dates,399
YTO,Toronto,NYC,New York,2026-10-19 20:35:00+00:00,2026-10-22 10:30:00+00:00,AC,716,371,USD,0,,2026-10-04 04:31:51.105935+00:00,travelpayouts,round_trip,prices_for_dates,398
YTO,Toronto,NYC,New York,2026-10-09 10:00:00+00:00,2026-10-12 10:30:00+00:00,UA,8572,373,USD,0,,2026-10-04 04:31:51.105935+00:00,travelpayouts,round_trip,prices_for_dates,187
YTO,Toronto,NYC,New York,2026-10-10 23:20:00+00:00,2026-10-12 10:30:00+00:00,AC,8474,393,USD,0,,2026-10-04 04:31:51.105935+00:00,travelpayouts,round_trip,prices_for_dates,402
YTO,Toronto,NYC,New York,2026-10-18 11:25:00+00:00,2026-10-21 10:30:00+00:00,AC,8530,393,USD,0,,2026-10-04 04:31:51.105935+00:00,travelpayouts,round_trip,prices_for_dates,181
YTO,Toronto,NYC,New York,2026-10-19 00:00:00+00:00,2026-11-01 00:00:00+00:00,,,286,USD,0,,2026-10-04 04:31:51.602721+00:00,travelpayouts,round_trip,latest,0
YTO,Toronto,NYC,New York,2026-10-19 00:00:00+00:00,2026-11-02 00:00:00+00:00,,,286,USD,0,,2026-10-04 04:31:51.602721+00:00,travelpayouts,round_trip,latest,0
YTO,Toronto,NYC,New York,2026-10-19 00:00:00+00:00,2026-11-03 00:00:00+00:00,,,286,USD,0,,2026-10-04 04:31:51.602721+00:00,travelpayouts,round_trip,latest,0
YTO,Toronto,NYC,New York,2026-10-19 00:00:00+00:00,2026-11-04 00:00:00+00:00,,,286,USD,0,,2026-10-04 04:31:51.602721+00:00,travelpayouts,round_trip,latest,0
YTO,Toronto,NYC,New York,2026-10-19 00:00:00+00:00,2026-11-05 00:00:00+00:00,,,286,USD,0,,2026-10-04 04:31:51.602721+00:00,travelpayouts,round_trip,latest,0
YTO,Toronto,NYC,New York,2026-10-19 00:00:00+00:00,2026-11-06 00:00:00+00:00,,,286,USD,0,,2026-10-04 04:31:51.602721+00:00,travelpayouts,round_trip,latest,0
YTO,Toronto,NYC,New York,2026-10-19 00:00:00+00:00,2026-11-07 00:00:00+00:00,,,286,USD,0,,2026-10-04 04:31:51.602721+00:00,travelpayouts,round_trip,latest,0
YTO,Toronto,NYC,New York,2026-10-19 00:00:00+00:00,2026-11-08 00:00:00+00:00,,,286,USD,0,,2026-10-04 04:31:51.602721+00:00,travelpayouts,round_trip,latest,0
YTO,Toronto,NYC,New York,2026-10-19 00:00:00+00:00,2026-11-09 00:00:00+00:00,,,286,USD,0,,2026-10-04 04:31:51.602721+00:00,travelpayouts,round_trip,latest,0
YTO,Toronto,NYC,New York,2026-10-19 00:00:00+00:00,2026-11-10 00:00:00+00:00,,,286,USD,0,,2026-10-04 04:31:51.602721+00:00,travelpayouts,round_trip,latest,0
YTO,Toronto,NYC,New York,2026-10-19 00:00:00+00:00,2026-11-11 00:00:00+00:00,,,286,USD,0,,2026-10-04 04:31:51.602721+00:00,travelpayouts,round_trip,latest,0
YTO,Toronto,NYC,New York,2026-10-19 00:00:00+00:00,2026-11-12 00:00:00+00:00,,,286,USD,0,,2026-10-04 04:31:51.602721+00:00,travelpayouts,round_trip,latest,0
YTO,Toronto,NYC,New York,2026-10-19 00:00:00+00:00,2026-11-13 00:00:00+00:00,,,286,USD,0,,2026-10-04 04:31:51.602721+00:00,travelpayouts,round_trip,latest,0
YTO,Toronto,NYC,New York,2026-10-19 00:00:00+00:00,2026-11-14 00:00:00+00:00,,,286,USD,0,,2026-10-04 04:31:51.602721+00:00,travelpayouts,round_trip,latest,0
YTO,Toronto,NYC,New York,2026-10-19 00:00:00+00:00,2026-11-15 00:00:00+00:00,,,286,USD,0,,2026-10-04 04:31:51.602721+00:00,travelpayouts,round_trip,latest,0
YTO,Toronto,NYC,New York,2026-10-19 00:00:00+00:00,2026-11-16 00:00:00+00:00,,,286,USD,0,,2026-10-04 04:31:51.602721+00:00,travelpayouts,round_trip,latest,0
YTO,Toronto,NYC,New York,2026-10-19 00:00:00+00:00,2026-11-17 00:00:00+00:00,,,286,USD,0,,2026-10-04 04:31:51.602721+00:00,travelpayouts,round_trip,latest,0
YTO,Toronto,NYC,New York,2026-10-19 00:00:00+00:00,2026-11-18 00:00:00+00:00,,,286,USD,0,,2026-10-04 04:31:51.602721+00:00,travelpayouts,round_trip,latest,0
YTO,Toronto,NYC,New York,2026-10-19 00:00:00+00:00,2026-11-19 00:00:00+00:00,,,286,USD,0,,2026-10-04 04:31:51.602721+00:00,travelpayouts,round_trip,latest,0
YTO,Toronto,NYC,New York,2026-10-19 00:00:00+00:00,2026-11-20 00:00:00+00:00,,,286,USD,0,,2026-10-04 04:31:51.602721+00:00,travelpayouts,round_trip,latest,0
YTO,Toronto,NYC,New York,2026-10-19 00:00:00+00:00,2026-11-22 00:00:00+00:00,,,287,USD,1,,2026-10-04 04:31:51.602721+00:00,travelpayouts,round_trip,latest,447
YTO,Toronto,NYC,New York,2026-10-08 00:00:00+00:00,2026-10-21 00:00:00+00:00,,,288,USD,0,,2026-10-04 04:31:51.602721+00:00,travelpayouts,round_trip,latest,190
YTO,Toronto,NYC,New York,2026-10-21 00:00:00+00:00,2026-10-24 00:00:00+00:00,,,301,USD,0,,2026-10-04 04:31:51.602721+00:00,travelpayouts,round_trip,latest,190
YTO,Toronto,NYC,New York,2026-10-09 00:00:00+00:00,2026-10-13 00:00:00+00:00,,,305,USD,0,,2026-10-04 04:31:51.602721+00:00,travelpayouts,round_trip,latest,197
YTO,Toronto,NYC,New York,2026-10-20 00:00:00+00:00,2026-10-23 00:00:00+00:00,,,307,USD,1,,2026-10-04 04:31:51.602721+00:00,travelpayouts,round_trip,latest,346
YTO,Toronto,NYC,New York,2026-10-15 00:00:00+00:00,2026-10-20 00:00:00+00:00,,,308,USD,0,,2026-10-04 04:31:51.602721+00:00,travelpayouts,round_trip,latest,190
YTO,Toronto,NYC,New York,2026-10-22 00:00:00+00:00,2026-10-25 00:00:00+00:00,,,309,USD,0,,2026-10-04 04:31:51.602721+00:00,travelpayouts,round_trip,latest,209
YTO,Toronto,NYC,New York,2026-10-16 00:00:00+00:00,2026-10-20 00:00:00+00:00,,,311,USD,0,,2026-10-04 04:31:51.602721+00:00,travelpayouts,round_trip,latest,190
YTO,Toronto,NYC,New York,2026-10-17 00:00:00+00:00,2026-10-21 00:00:00+00:00,,,312,USD,0,,2026-10-04 04:31:51.602721+00:00,travelpayouts,round_trip,latest,0
YTO,Toronto,NYC,New York,2026-10-17 00:00:00+00:00,2026-10-22 00:00:00+00:00,,,312,USD,0,,2026-10-04 04:31:51.602721+00:00,travelpayouts,round_trip,latest,0
YTO,Toronto,NYC,New York,2026-10-17 00:00:00+00:00,2026-10-23 00:00:00+00:00,,,312,USD,0,,2026-10-04 04:31:51.602721+00:00,travelpayouts,round_trip,latest,0
YTO,Toronto,NYC,New York,2026-10-17 00:00:00+00:00,2026-10-24 00:00:00+00:00,,,312,USD,0,,2026-10-04 04:31:51.602721+00:00,travelpayouts,round_trip,latest,0
YTO,Toronto,NYC,New York,2026-10-10 00:00:00+00:00,2026-10-14 00:00:00+00:00,,,318,USD,0,,2026-10-04 04:31:51.602721+00:00,travelpayouts,round_trip,latest,195
YTO,Toronto,NYC,New York,2026-10-12 00:00:00+00:00,2026-11-03 00:00:00+00:00,,,318,USD,0,,2026-10-04 04:31:51.602721+00:00,travelpayouts,round_trip,latest,197
YTO,Toronto,NYC,New York,2026-10-16 00:00:00+00:00,2026-10-19 00:00:00+00:00,,,319,USD,0,,2026-10-04 04:31:51.602721+00:00,travelpayouts,round_trip,latest,190
YTO,Toronto,NYC,New York,2026-10-12 00:00:00+00:00,2026-11-04 00:00:00+00:00,,,327,USD,0,,2026-10-04 04:31:51.602721+00:00,travelpayouts,round_trip,latest,0
YTO,Toronto,NYC,New York,2026-10-12 00:00:00+00:00,2026-11-05 00:00:00+00:00,,,335,USD,0,,2026-10-04 04:31:51.602721+00:00,travelpayouts,round_trip,latest,197
YTO,Toronto,NYC,New York,2026-10-10 00:00:00+00:00,2026-10-13 00:00:00+00:00,,,355,USD,0,,2026-10-04 04:31:51.602721+00:00,travelpayouts,round_trip,latest,0
YTO,Toronto,NYC,New York,2026-10-17 00:00:00+00:00,2026-10-20 00:00:00+00:00,,,371,USD,1,,2026-10-04 04:31:51.602721+00:00,travelpayouts,round_trip,latest,399
YTO,Toronto,NYC,New York,2026-10-19 00:00:00+00:00,2026-10-22 00:00:00+00:00,,,371,USD,1,,2026-10-04 04:31:51.602721+00:00,travelpayouts,round_trip,latest,398
YTO,Toronto,NYC,New York,2026-10-10 00:00:00+00:00,2026-10-12 00:00:00+00:00,,,393,USD,1,,2026-10-04 04:31:51.602721+00:00,travelpayouts,round_trip,latest,402
YTO,Toronto,NYC,New York,2026-10-18 00:00:00+00:00,2026-10-21 00:00:00+00:00,,,393,USD,0,,2026-10-04 04:31:51.602721+00:00,travelpayouts,round_trip,latest,181
YTO,Toronto,NYC,New York,2026-10-09 00:00:00+00:00,2026-10-12 00:00:00+00:00,,,429,USD,1,,2026-10-04 04:31:51.602721+00:00,travelpayouts,round_trip,latest,410
YTO,Toronto,NYC,New York,2026-11-16 00:00:00+00:00,,,,155,USD,1,,2026-10-04 04:31:52.121712+00:00,travelpayouts,one_way,month-matrix,310
YTO,Toronto,NYC,New York,2026-11-17 00:00:00+00:00,,,,155,USD,0,,2026-10-04 04:31:52.121712+00:00,travelpayouts,one_way,month-matrix,0
YTO,Toronto,NYC,New York,2026-11-18 00:00:00+00:00,,,,155,USD,0,,2026-10-04 04:31:52.121712+00:00,travelpayouts,one_way,month-matrix,0
YTO,Toronto,NYC,New York,2026-11-19 00:00:00+00:00,,,,155,USD,0,,2026-10-04 04:31:52.121712+00:00,travelpayouts,one_way,month-matrix,0
YTO,Toronto,NYC,New York,2026-11-20 00:00:00+00:00,,,,155,USD,0,,2026-10-04 04:31:52.121712+00:00,travelpayouts,one_way,month-matrix,0
YTO,Toronto,NYC,New York,2026-11-21 00:00:00+00:00,,,,155,USD,0,,2026-10-04 04:31:52.121712+00:00,travelpayouts,one_way,month-matrix,0
YTO,Toronto,NYC,New York,2026-11-22 00:00:00+00:00,,,,155,USD,0,,2026-10-04 04:31:52.121712+00:00,travelpayouts,one_way,month-matrix,0
YTO,Toronto,NYC,New York,2026-11-23 00:00:00+00:00,,,,155,USD,0,,2026-10-04 04:31:52.121712+00:00,travelpayouts,one_way,month-matrix,0
YTO,Toronto,NYC,New York,2026-11-24 00:00:00+00:00,,,,155,USD,0,,2026-10-04 04:31:52.121712+00:00,travelpayouts,one_way,month-matrix,0
YTO,Toronto,NYC,New York,2026-11-25 00:00:00+00:00,,,,155,USD,1,,2026-10-04 04:31:52.121712+00:00,travelpayouts,one_way,month-matrix,310
YTO,Toronto,NYC,New York,2026-11-16 12:00:00+00:00,,PD,2205,155,USD,1,,2026-10-04 04:31:52.642541+00:00,travelpayouts,one_way,prices_for_dates,310
YTO,Toronto,NYC,New York,2026-11-25 12:00:00+00:00,,PD,2205,155,USD,1,,2026-10-04 04:31:52.642541+00:00,travelpayouts,one_way,prices_for_dates,310
YTO,Toronto,NYC,New York,2026-11-05 00:00:00+00:00,2026-11-10 00:00:00+00:00,,,219,USD,1,,2026-10-04 04:31:53.679027+00:00,travelpayouts,round_trip,month-matrix,648
YTO,Toronto,NYC,New York,2026-11-12 00:00:00+00:00,2026-11-16 00:00:00+00:00,,,227,USD,1,,2026-10-04 04:31:53.679027+00:00,travelpayouts,round_trip,month-matrix,408
YTO,Toronto,NYC,New York,2026-11-05 12:00:00+00:00,2026-11-10 17:50:00+00:00,PD,151,219,USD,1,,2026-10-04 04:31:54.194653+00:00,travelpayouts,round_trip,prices_for_dates,648
YTO,Toronto,NYC,New York,2026-11-12 12:00:00+00:00,2026-11-16 16:55:00+00:00,PD,2205,227,USD,1,,2026-10-04 04:31:54.194653+00:00,travelpayouts,round_trip,prices_for_dates,408
YTO,Toronto,NYC,New York,2026-12-19 00:00:00+00:00,,,,161,USD,0,,2026-10-04 04:31:55.242613+00:00,travelpayouts,one_way,month-matrix,100
YTO,Toronto,NYC,New York,2026-12-04 00:00:00+00:00,,,,168,USD,0,,2026-10-04 04:31:55.242613+00:00,travelpayouts,one_way,month-matrix,100
YTO,Toronto,NYC,New York,2026-12-20 00:00:00+00:00,,,,170,USD,0,,2026-10-04 04:31:55.242613+00:00,travelpayouts,one_way,month-matrix,0
YTO,Toronto,NYC,New York,2026-12-02 00:00:00+00:00,,,,171,USD,0,,2026-10-04 04:31:55.242613+00:00,travelpayouts,one_way,month-matrix,0
YTO,Toronto,NYC,New York,2026-12-03 00:00:00+00:00,,,,171,USD,0,,2026-10-04 04:31:55.242613+00:00,travelpayouts,one_way,month-matrix,0
YTO,Toronto,NYC,New York,2026-12-28 00:00:00+00:00,,,,174,USD,0,,2026-10-04 04:31:55.242613+00:00,travelpayouts,one_way,month-matrix,98
YTO,Toronto,NYC,New York,2026-12-01 00:00:00+00:00,,,,174,USD,0,,2026-10-04 04:31:55.242613+00:00,travelpayouts,one_way,month-matrix,94
YTO,Toronto,NYC,New York,2026-12-22 00:00:00+00:00,,,,177,USD,0,,2026-10-04 04:31:55.242613+00:00,travelpayouts,one_way,month-matrix,0
YTO,Toronto,NYC,New York,2026-12-23 00:00:00+00:00,,,,177,USD,0,,2026-10-04 04:31:55.242613+00:00,travelpayouts,one_way,month-matrix,0
YTO,Toronto,NYC,New York,2026-12-24 00:00:00+00:00,,,,177,USD,0,,2026-10-04 04:31:55.242613+00:00,travelpayouts,one_way,month-matrix,0
YTO,Toronto,NYC,New York,2026-12-25 00:00:00+00:00,,,,177,USD,0,,2026-10-04 04:31:55.242613+00:00,travelpayouts,one_way,month-matrix,0
YTO,Toronto,NYC,New York,2026-12-26 00:00:00+00:00,,,,177,USD,0,,2026-10-04 04:31:55.242613+00:00,travelpayouts,one_way,month-matrix,0
YTO,Toronto,NYC,New York,2026-12-27 00:00:00+00:00,,,,177,USD,0,,2026-10-04 04:31:55.242613+00:00,travelpayouts,one_way,month-matrix,0
YTO,Toronto,NYC,New York,2026-12-21 00:00:00+00:00,,,,179,USD,0,,2026-10-04 04:31:55.242613+00:00,travelpayouts,one_way,month-matrix,100
YTO,Toronto,NYC,New York,2026-12-18 00:00:00+00:00,,,,184,USD,0,,2026-10-04 04:31:55.242613+00:00,travelpayouts,one_way,month-matrix,0
YTO,Toronto,NYC,New York,2026-12-05 00:00:00+00:00,,,,188,USD,0,,2026-10-04 04:31:55.242613+00:00,travelpayouts,one_way,month-matrix,0
YTO,Toronto,NYC,New York,2026-12-06 00:00:00+00:00,,,,188,USD,0,,2026-10-04 04:31:55.242613+00:00,travelpayouts,one_way,month-matrix,0
YTO,Toronto,NYC,New York,2026-12-07 00:00:00+00:00,,,,188,USD,0,,2026-10-04 04:31:55.242613+00:00,travelpayouts,one_way,month-matrix,0
YTO,Toronto,NYC,New York,2026-12-08 00:00:00+00:00,,,,188,USD,0,,2026-10-04 04:31:55.242613+00:00,travelpayouts,one_way,month-matrix,0
YTO,Toronto,NYC,New York,2026-12-09 00:00:00+00:00,,,,188,USD,0,,2026-10-04 04:31:55.242613+00:00,travelpayouts,one_way,month-matrix,0
YTO,Toronto,NYC,New York,2026-12-10 00:00:00+00:00,,,,188,USD,0,,2026-10-04 04:31:55.242613+00:00,travelpayouts,one_way,month-matrix,0
YTO,Toronto,NYC,New York,2026-12-11 00:00:00+00:00,,,,188,USD,0,,2026-10-04 04:31:55.242613+00:00,travelpayouts,one_way,month-matrix,0
YTO,Toronto,NYC,New York,2026-12-12 00:00:00+00:00,,,,188,USD,0,,2026-10-04 04:31:55.242613+00:00,travelpayouts,one_way,month-matrix,0
YTO,Toronto,NYC,New York,2026-12-13 00:00:00+00:00,,,,188,USD,0,,2026-10-04 04:31:55.242613+00:00,travelpayouts,one_way,month-matrix,0
YTO,Toronto,NYC,New York,2026-12-14 00:00:00+00:00,,,,188,USD,0,,2026-10-04 04:31:55.242613+00:00,travelpayouts,one_way,month-matrix,0
YTO,Toronto,NYC,New York,2026-12-15 00:00:00+00:00,,,,188,USD,0,,2026-10-04 04:31:55.242613+00:00,travelpayouts,one_way,month-matrix,0
YTO,Toronto,NYC,New York,2026-12-16 00:00:00+00:00,,,,188,USD,0,,2026-10-04 04:31:55.242613+00:00,travelpayouts,one_way,month-matrix,0
YTO,Toronto,NYC,New York,2026-12-29 00:00:00+00:00,,,,190,USD,0,,2026-10-04 04:31:55.242613+00:00,travelpayouts,one_way,month-matrix,100
YTO,Toronto,NYC,New York,2026-12-17 00:00:00+00:00,,,,208,USD,0,,2026-10-04 04:31:55.242613+00:00,travelpayouts,one_way,month-matrix,98
YTO,Toronto,NYC,New York,2026-12-19 23:20:00+00:00,,PD,607,161,USD,0,,2026-10-04 04:31:55.788902+00:00,travelpayouts,one_way,prices_for_dates,100
YTO,Toronto,NYC,New York,2026-12-04 23:20:00+00:00,,PD,607,168,USD,0,,2026-10-04 04:31:55.788902+00:00,travelpayouts,one_way,prices_for_dates,100
YTO,Toronto,NYC,New York,2026-12-28 22:25:00+00:00,,AC,720,174,USD,0,,2026-10-04 04:31:55.788902+00:00,travelpayouts,one_way,prices_for_dates,98
YTO,Toronto,NYC,New York,2026-12-01 20:25:00+00:00,,PD,605,174,USD,0,,2026-10-04 04:31:55.788902+00:00,travelpayouts,one_way,prices_for_dates,94
YTO,Toronto,NYC,New York,2026-12-21 12:00:00+00:00,,PD,603,179,USD,0,,2026-10-04 04:31:55.788902+00:00,travelpayouts,one_way,prices_for_dates,100
YTO,Toronto,NYC,New York,2026-12-29 12:00:00+00:00,,PD,603,190,USD,0,,2026-10-04 04:31:55.788902+00:00,travelpayouts,one_way,prices_for_dates,100
YTO,Toronto,NYC,New York,2026-12-17 19:00:00+00:00,,AC,8464,208,USD,0,,2026-10-04 04:31:55.788902+00:00,travelpayouts,one_way,prices_for_dates,98
YTO,Toronto,NYC,New York,2026-12-01 00:00:00+00:00,,,,165,USD,0,,2026-10-04 04:31:56.314031+00:00,travelpayouts,one_way,latest,100
YTO,Toronto,NYC,New York,2026-12-02 00:00:00+00:00,,,,166,USD,0,,2026-10-04 04:31:56.314031+00:00,travelpayouts,one_way,latest,0
YTO,Toronto,NYC,New York,2026-12-03 00:00:00+00:00,,,,166,USD,0,,2026-10-04 04:31:56.314031+00:00,travelpayouts,one_way,latest,0
YTO,Toronto,NYC,New York,2026-12-22 00:00:00+00:00,,,,176,USD,0,,2026-10-04 04:31:56.314031+00:00,travelpayouts,one_way,latest,0
YTO,Toronto,NYC,New York,2026-12-23 00:00:00+00:00,,,,176,USD,0,,2026-10-04 04:31:56.314031+00:00,travelpayouts,one_way,latest,0
YTO,Toronto,NYC,New York,2026-12-24 00:00:00+00:00,,,,176,USD,0,,2026-10-04 04:31:56.314031+00:00,travelpayouts,one_way,latest,0
YTO,Toronto,NYC,New York,2026-12-25 00:00:00+00:00,,,,176,USD,0,,2026-10-04 04:31:56.314031+00:00,travelpayouts,one_way,latest,0
YTO,Toronto,NYC,New York,2026-12-26 00:00:00+00:00,,,,176,USD,0,,2026-10-04 04:31:56.314031+00:00,travelpayouts,one_way,latest,0
YTO,Toronto,NYC,New York,2026-12-27 00:00:00+00:00,,,,176,USD,0,,2026-10-04 04:31:56.314031+00:00,travelpayouts,one_way,latest,0
YTO,Toronto,NYC,New York,2026-12-12 00:00:00+00:00,2026-12-16 00:00:00+00:00,,,273,USD,1,,2026-10-04 04:31:56.851323+00:00,travelpayouts,round_trip,month-matrix,395
YTO,Toronto,NYC,New York,2026-12-11 00:00:00+00:00,2026-12-13 00:00:00+00:00,,,300,USD,0,,2026-10-04 04:31:56.851323+00:00,travelpayouts,round_trip,month-matrix,203
YTO,Toronto,NYC,New York,2026-12-03 00:00:00+00:00,2026-12-13 00:00:00+00:00,,,334,USD,0,,2026-10-04 04:31:56.851323+00:00,travelpayouts,round_trip,month-matrix,202
YTO,Toronto,NYC,New York,2026-12-18 00:00:00+00:00,2026-12-22 00:00:00+00:00,,,337,USD,1,,2026-10-04 04:31:56.851323+00:00,travelpayouts,round_trip,month-matrix,332
YTO,Toronto,NYC,New York,2026-12-20 00:00:00+00:00,2026-12-23 00:00:00+00:00,,,346,USD,0,,2026-10-04 04:31:56.851323+00:00,travelpayouts,round_trip,month-matrix,202
YTO,Toronto,NYC,New York,2026-12-19 00:00:00+00:00,2026-12-23 00:00:00+00:00,,,366,USD,1,,2026-10-04 04:31:56.851323+00:00,travelpayouts,round_trip,month-matrix,481
YTO,Toronto,NYC,New York,2026-12-12 14:45:00+00:00,2026-12-16 18:00:00+00:00,AC,7956,273,USD,1,,2026-10-04 04:31:57.349156+00:00,travelpayouts,round_trip,prices_for_dates,395
YTO,Toronto,NYC,New York,2026-12-12 02:05:00+00:00,2026-12-13 18:00:00+00:00,AC,724,300,USD,0,,2026-10-04 04:31:57.349156+00:00,travelpayouts,round_trip,prices_for_dates,203
YTO,Toronto,NYC,New York,2026-12-03 12:00:00+00:00,2026-12-14 02:00:00+00:00,PD,603,334,USD,0,,2026-10-04 04:31:57.349156+00:00,travelpayouts,round_trip,prices_for_dates,202
YTO,Toronto,NYC,New York,2026-12-18 15:45:00+00:00,2026-12-22 11:00:00+00:00,AC,7958,337,USD,1,,2026-10-04 04:31:57.349156+00:00,travelpayouts,round_trip,prices_for_dates,332
YTO,Toronto,NYC,New York,2026-12-20 23:20:00+00:00,2026-12-23 14:40:00+00:00,PD,607,346,USD,0,,2026-10-04 04:31:57.349156+00:00,travelpayouts,round_trip,prices_for_dates,202
YTO,Toronto,NYC,New York,2026-12-19 20:20:00+00:00,2026-12-24 01:30:00+00:00,AC,7972,366,USD,1,,2026-10-04 04:31:57.349156+00:00,travelpayouts,round_trip,prices_for_dates,481
YTO,Toronto,NYC,New York,2027-01-29 00:00:00+00:00,,,,178,USD,0,,2026-10-04 04:31:58.387340+00:00,travelpayouts,one_way,month-matrix,109
YTO,Toronto,NYC,New York,2027-01-22 00:00:00+00:00,,,,181,USD,0,,2026-10-04 04:31:58.387340+00:00,travelpayouts,one_way,month-matrix,0
YTO,Toronto,NYC,New York,2027-01-23 00:00:00+00:00,,,,181,USD,0,,2026-10-04 04:31:58.387340+00:00,travelpayouts,one_way,month-matrix,0
YTO,Toronto,NYC,New York,2027-01-24 00:00:00+00:00,,,,181,USD,0,,2026-10-04 04:31:58.387340+00:00,travelpayouts,one_way,month-matrix,0
YTO,Toronto,NYC,New York,2027-01-25 00:00:00+00:00,,,,181,USD,0,,2026-10-04 04:31:58.387340+00:00,travelpayouts,one_way,month-matrix,0
YTO,Toronto,NYC,New York,2027-01-26 00:00:00+00:00,,,,181,USD,0,,2026-10-04 04:31:58.387340+00:00,travelpayouts,one_way,month-matrix,0
YTO,Toronto,NYC,New York,2027-01-27 00:00:00+00:00,,,,181,USD,0,,2026-10-04 04:31:58.387340+00:00,travelpayouts,one_way,month-matrix,0
YTO,Toronto,NYC,New York,2027-01-28 00:00:00+00:00,,,,181,USD,0,,2026-10-04 04:31:58.387340+00:00,travelpayouts,one_way,month-matrix,0
YTO,Toronto,NYC,New York,2027-01-21 00:00:00+00:00,,,,184,USD,0,,2026-10-04 04:31:58.387340+00:00,travelpayouts,one_way,month-matrix,109
YTO,Toronto,NYC,New York,2027-01-29 20:10:00+00:00,,TS,7324,178,USD,0,,2026-10-04 04:31:58.915368+00:00,travelpayouts,one_way,prices_for_dates,109
YTO,Toronto,NYC,New York,2027-01-21 20:10:00+00:00,,P3,2605,184,USD,0,,2026-10-04 04:31:58.915368+00:00,travelpayouts,one_way,prices_for_dates,109
YTO,Toronto,NYC,New York,2027-01-07 00:00:00+00:00,2027-01-14 00:00:00+00:00,,,315,USD,0,,2026-10-04 04:31:59.980557+00:00,travelpayouts,round_trip,month-matrix,212
YTO,Toronto,NYC,New York,2027-01-07 12:00:00+00:00,2027-01-15 02:00:00+00:00,PD,603,315,USD,0,,2026-10-04 04:32:00.516956+00:00,travelpayouts,round_trip,prices_for_dates,212
YTO,Toronto,LAX,Los Angeles,2026-10-27 00:00:00+00:00,,,,245,USD,0,,2026-10-04 04:32:01.635974+00:00,travelpayouts,one_way,month-matrix,339
YTO,Toronto,LAX,Los Angeles,2026-10-16 00:00:00+00:00,,,,277,USD,0,,2026-10-04 04:32:01.635974+00:00,travelpayouts,one_way,month-matrix,0
YTO,Toronto,LAX,Los Angeles,2026-10-17 00:00:00+00:00,,,,277,USD,0,,2026-10-04 04:32:01.635974+00:00,travelpayouts,one_way,month-matrix,0
YTO,Toronto,LAX,Los Angeles,2026-10-18 00:00:00+00:00,,,,277,USD,0,,2026-10-04 04:32:01.635974+00:00,travelpayouts,one_way,month-matrix,0
YTO,Toronto,LAX,Los Angeles,2026-10-19 00:00:00+00:00,,,,277,USD,0,,2026-10-04 04:32:01.635974+00:00,travelpayouts,one_way,month-matrix,0
YTO,Toronto,LAX,Los Angeles,2026-10-20 00:00:00+00:00,,,,277,USD,0,,2026-10-04 04:32:01.635974+00:00,travelpayouts,one_way,month-matrix,0
YTO,Toronto,LAX,Los Angeles,2026-10-21 00:00:00+00:00,,,,277,USD,0,,2026-10-04 04:32:01.635974+00:00,travelpayouts,one_way,month-matrix,0
YTO,Toronto,LAX,Los Angeles,2026-10-22 00:00:00+00:00,,,,277,USD,0,,2026-10-04 04:32:01.635974+00:00,travelpayouts,one_way,month-matrix,0
YTO,Toronto,LAX,Los Angeles,2026-10-23 00:00:00+00:00,,,,277,USD,0,,2026-10-04 04:32:01.635974+00:00,travelpayouts,one_way,month-matrix,0
YTO,Toronto,LAX,Los Angeles,2026-10-24 00:00:00+00:00,,,,277,USD,0,,2026-10-04 04:32:01.635974+00:00,travelpayouts,one_way,month-matrix,0
YTO,Toronto,LAX,Los Angeles,2026-10-25 00:00:00+00:00,,,,277,USD,0,,2026-10-04 04:32:01.635974+00:00,travelpayouts,one_way,month-matrix,0
YTO,Toronto,LAX,Los Angeles,2026-10-26 00:00:00+00:00,,,,277,USD,0,,2026-10-04 04:32:01.635974+00:00,travelpayouts,one_way,month-matrix,0
YTO,Toronto,LAX,Los Angeles,2026-10-15 00:00:00+00:00,,,,309,USD,1,,2026-10-04 04:32:01.635974+00:00,travelpayouts,one_way,month-matrix,603
YTO,Toronto,LAX,Los Angeles,2026-10-10 00:00:00+00:00,,,,313,USD,1,,2026-10-04 04:32:01.635974+00:00,travelpayouts,one_way,month-matrix,497
YTO,Toronto,LAX,Los Angeles,2026-10-07 00:00:00+00:00,,,,333,USD,1,,2026-10-04 04:32:01.635974+00:00,travelpayouts,one_way,month-matrix,530
YTO,Toronto,LAX,Los Angeles,2026-10-13 00:00:00+00:00,,,,345,USD,1,,2026-10-04 04:32:01.635974+00:00,travelpayouts,one_way,month-matrix,539
YTO,Toronto,LAX,Los Angeles,2026-10-05 00:00:00+00:00,,,,351,USD,0,,2026-10-04 04:32:01.635974+00:00,travelpayouts,one_way,month-matrix,0
YTO,Toronto,LAX,Los Angeles,2026-10-06 00:00:00+00:00,,,,351,USD,0,,2026-10-04 04:32:01.635974+00:00,travelpayouts,one_way,month-matrix,0
YTO,Toronto,LAX,Los Angeles,2026-10-04 00:00:00+00:00,,,,370,USD,2,,2026-10-04 04:32:01.635974+00:00,travelpayouts,one_way,month-matrix,678
YTO,Toronto,LAX,Los Angeles,2026-10-14 00:00:00+00:00,,,,392,USD,1,,2026-10-04 04:32:01.635974+00:00,travelpayouts,one_way,month-matrix,555
YTO,Toronto,LAX,Los Angeles,2026-10-27 13:55:00+00:00,,PD,663,245,USD,0,,2026-10-04 04:32:02.134747+00:00,travelpayouts,one_way,prices_for_dates,339
YTO,Toronto,LAX,Los Angeles,2026-10-15 20:55:00+00:00,,AS,391,309,USD,1,,2026-10-04 04:32:02.134747+00:00,travelpayouts,one_way,prices_for_dates,603
YTO,Toronto,LAX,Los Angeles,2026-10-10 18:59:00+00:00,,AA,1993,313,USD,1,,2026-10-04 04:32:02.134747+00:00,travelpayouts,one_way,prices_for_dates,497
YTO,Toronto,LAX,Los Angeles,2026-10-07 10:46:00+00:00,,AA,1169,333,USD,1,,2026-10-04 04:32:02.134747+00:00,travelpayouts,one_way,prices_for_dates,530
YTO,Toronto,LAX,Los Angeles,2026-10-13 19:14:00+00:00,,AA,3608,345,USD,1,,2026-10-04 04:32:02.134747+00:00,travelpayouts,one_way,prices_for_dates,539
YTO,Toronto,LAX,Los Angeles,2026-10-04 11:00:00+00:00,,UA,1612,370,USD,2,,2026-10-04 04:32:02.134747+00:00,travelpayouts,one_way,prices_for_dates,678
YTO,Toronto,LAX,Los Angeles,2026-10-14 19:50:00+00:00,,WS,645,392,USD,1,,2026-10-04 04:32:02.134747+00:00,travelpayouts,one_way,prices_for_dates,555
YTO,Toronto,LAX,Los Angeles,2026-10-13 00:00:00+00:00,,,,332,USD,1,,2026-10-04 04:32:02.626373+00:00,travelpayouts,one_way,latest,603
YTO,Toronto,LAX,Los Angeles,2026-10-10 00:00:00+00:00,,,,341,USD,1,,2026-10-04 04:32:02.626373+00:00,travelpayouts,one_way,latest,497
YTO,Toronto,LAX,Los Angeles,2026-10-30 00:00:00+00:00,2026-11-05 00:00:00+00:00,,,327,USD,1,,2026-10-04 04:32:03.109840+00:00,travelpayouts,round_trip,month-matrix,892
YTO,Toronto,LAX,Los Angeles,2026-10-27 00:00:00+00:00,2026-11-01 00:00:00+00:00,,,468,USD,0,,2026-10-04 04:32:03.109840+00:00,travelpayouts,round_trip,month-matrix,622
YTO,Toronto,LAX,Los Angeles,2026-10-27 00:00:00+00:00,2026-10-31 00:00:00+00:00,,,474,USD,2,,2026-10-04 04:32:03.109840+00:00,travelpayouts,round_trip,month-matrix,1179
YTO,Toronto,LAX,Los Angeles,2026-10-24 00:00:00+00:00,2026-11-02 00:00:00+00:00,,,480,USD,1,,2026-10-04 04:32:03.109840+00:00,travelpayouts,round_trip,month-matrix,978
YTO,Toronto,LAX,Los Angeles,2026-10-16 00:00:00+00:00,2026-10-19 00:00:00+00:00,,,526,USD,1,,2026-10-04 04:32:03.109840+00:00,travelpayouts,round_trip,month-matrix,750
YTO,Toronto,LAX,Los Angeles,2026-10-30 10:45:00+00:00,2026-11-05 14:00:00+00:00,AC,5141,327,USD,1,,2026-10-04 04:32:03.662000+00:00,travelpayouts,round_trip,prices_for_dates,892
YTO,Toronto,LAX,Los Angeles,2026-10-27 13:55:00+00:00,2026-11-01 21:35:00+00:00,PD,663,468,USD,0,,2026-10-04 04:32:03.662000+00:00,travelpayouts,round_trip,prices_for_dates,622
YTO,Toronto,LAX,Los Angeles,2026-10-27 10:46:00+00:00,2026-10-31 19:01:00+00:00,AA,1169,474,USD,2,,2026-10-04 04:32:03.662000+00:00,travelpayouts,round_trip,prices_for_dates,1179
YTO,Toronto,LAX,Los Angeles,2026-10-24 11:00:00+00:00,2026-11-03 01:35:00+00:00,UA,1612,480,USD,1,,2026-10-04 04:32:03.662000+00:00,travelpayouts,round_trip,prices_for_dates,978
YTO,Toronto,LAX,Los Angeles,2026-10-16 15:05:00+00:00,2026-10-19 14:30:00+00:00,PD,663,535,USD,0,,2026-10-04 04:32:03.662000+00:00,travelpayouts,round_trip,prices_for_dates,1190
YTO,Toronto,LAX,Los Angeles,2026-11-26 00:00:00+00:00,,,,234,USD,0,,2026-10-04 04:32:04.699989+00:00,travelpayouts,one_way,month-matrix,339
YTO,Toronto,LAX,Los Angeles,2026-11-16 00:00:00+00:00,,,,236,USD,0,,2026-10-04 04:32:04.699989+00:00,travelpayouts,one_way,month-matrix,0
YTO,Toronto,LAX,Los Angeles,2026-11-17 00:00:00+00:00,,,,236,USD,0,,2026-10-04 04:32:04.699989+00:00,travelpayouts,one_way,month-matrix,0
YTO,Toronto,LAX,Los Angeles,2026-11-18 00:00:00+00:00,,,,236,USD,0,,2026-10-04 04:32:04.699989+00:00,travelpayouts,one_way,month-matrix,0
YTO,Toronto,LAX,Los Angeles,2026-11-19 00:00:00+00:00,,,,236,USD,0,,2026-10-04 04:32:04.699989+00:00,travelpayouts,one_way,month-matrix,0
YTO,Toronto,LAX,Los Angeles,2026-11-20 00:00:00+00:00,,,,236,USD,0,,2026-10-04 04:32:04.699989+00:00,travelpayouts,one_way,month-matrix,0
YTO,Toronto,LAX,Los Angeles,2026-11-21 00:00:00+00:00,,,,236,USD,0,,2026-10-04 04:32:04.699989+00:00,travelpayouts,one_way,month-matrix,0
YTO,Toronto,LAX,Los Angeles,2026-11-22 00:00:00+00:00,,,,236,USD,0,,2026-10-04 04:32:04.699989+00:00,travelpayouts,one_way,month-matrix,0
YTO,Toronto,LAX,Los Angeles,2026-11-23 00:00:00+00:00,,,,236,USD,0,,2026-10-04 04:32:04.699989+00:00,travelpayouts,one_way,month-matrix,0
YTO,Toronto,LAX,Los Angeles,2026-11-24 00:00:00+00:00,,,,236,USD,0,,2026-10-04 04:32:04.699989+00:00,travelpayouts,one_way,month-matrix,0
YTO,Toronto,LAX,Los Angeles,2026-11-25 00:00:00+00:00,,,,236,USD,0,,2026-10-04 04:32:04.699989+00:00,travelpayouts,one_way,month-matrix,0
YTO,Toronto,LAX,Los Angeles,2026-11-15 00:00:00+00:00,,,,239,USD,0,,2026-10-04 04:32:04.699989+00:00,travelpayouts,one_way,month-matrix,339
YTO,Toronto,LAX,Los Angeles,2026-11-26 14:55:00+00:00,,PD,663,234,USD,0,,2026-10-04 04:32:05.229089+00:00,travelpayouts,one_way,prices_for_dates,339
YTO,Toronto,LAX,Los Angeles,2026-11-15 14:55:00+00:00,,PD,663,239,USD,0,,2026-10-04 04:32:05.229089+00:00,travelpayouts,one_way,prices_for_dates,339
YTO,Toronto,LAX,Los Angeles,2026-11-14 00:00:00+00:00,2026-11-16 00:00:00+00:00,,,407,USD,0,,2026-10-04 04:32:06.281233+00:00,travelpayouts,round_trip,month-matrix,620
YTO,Toronto,LAX,Los Angeles,2026-11-14 19:05:00+00:00,2026-11-17 01:35:00+00:00,AC,789,407,USD,0,,2026-10-04 04:32:06.803955+00:00,travelpayouts,round_trip,prices_for_dates,620
YTO,Toronto,LAX,Los Angeles,2026-12-19 00:00:00+00:00,,,,290,USD,1,,2026-10-04 04:32:07.830196+00:00,travelpayouts,one_way,month-matrix,514
YTO,Toronto,LAX,Los Angeles,2026-12-19 21:35:00+00:00,,P3,2705,290,USD,1,,2026-10-04 04:32:08.372482+00:00,travelpayouts,one_way,prices_for_dates,514
YTO,Toronto,LAX,Los Angeles,2026-12-15 00:00:00+00:00,2026-12-19 00:00:00+00:00,,,467,USD,2,,2026-10-04 04:32:09.417200+00:00,travelpayouts,round_trip,month-matrix,1625
YTO,Toronto,LAX,Los Angeles,2026-12-15 12:00:00+00:00,2026-12-20 01:00:00+00:00,WS,433,467,USD,2,,2026-10-04 04:32:09.949802+00:00,travelpayouts,round_trip,prices_for_dates,1625
YTO,Toronto,LAX,Los Angeles,2027-01-12 00:00:00+00:00,,,,174,USD,1,,2026-10-04 04:32:11.000547+00:00,travelpayouts,one_way,month-matrix,484
YTO,Toronto,LAX,Los Angeles,2027-01-12 21:10:00+00:00,,UA,1810,174,USD,1,,2026-10-04 04:32:11.522517+00:00,travelpayouts,one_way,prices_for_dates,484
YTO,Toronto,LAX,Los Angeles,2027-01-12 00:00:00+00:00,2027-01-26 00:00:00+00:00,,,299,USD,1,,2026-10-04 04:32:12.718995+00:00,travelpayouts,round_trip,month-matrix,923
YTO,Toronto,LAX,Los Angeles,2027-01-19 00:00:00+00:00,2027-02-02 00:00:00+00:00,,,409,USD,2,,2026-10-04 04:32:12.718995+00:00,travelpayouts,round_trip,month-matrix,1219
YTO,Toronto,LAX,Los Angeles,2027-01-20 00:00:00+00:00,2027-01-28 00:00:00+00:00,,,436,USD,1,,2026-10-04 04:32:12.718995+00:00,travelpayouts,round_trip,month-matrix,1135
YTO,Toronto,LAX,Los Angeles,2027-01-12 22:55:00+00:00,2027-01-26 14:00:00+00:00,UA,2807,299,USD,1,,2026-10-04 04:32:13.177685+00:00,travelpayouts,round_trip,prices_for_dates,923
YTO,Toronto,LAX,Los Angeles,2027-01-19 20:20:00+00:00,2027-02-02 17:35:00+00:00,AA,3608,409,USD,1,,2026-10-04 04:32:13.177685+00:00,travelpayouts,round_trip,prices_for_dates,1219
YTO,Toronto,LAX,Los Angeles,2027-01-20 14:35:00+00:00,2027-01-28 15:00:00+00:00,WS,655,436,USD,1,,2026-10-04 04:32:13.177685+00:00,travelpayouts,round_trip,prices_for_dates,1135
YTO,Toronto,PAR,Paris,2026-10-04 00:00:00+00:00,,,,224,USD,1,,2026-10-04 04:32:14.161992+00:00,travelpayouts,one_way,month-matrix,2375
YTO,Toronto,PAR,Paris,2026-10-18 00:00:00+00:00,,,,244,USD,1,,2026-10-04 04:32:14.161992+00:00,travelpayouts,one_way,month-matrix,1690
YTO,Toronto,PAR,Paris,2026-10-11 00:00:00+00:00,,,,249,USD,1,,2026-10-04 04:32:14.161992+00:00,travelpayouts,one_way,month-matrix,1665
YTO,Toronto,PAR,Paris,2026-10-12 00:00:00+00:00,,,,249,USD,0,,2026-10-04 04:32:14.161992+00:00,travelpayouts,one_way,month-matrix,0
YTO,Toronto,PAR,Paris,2026-10-13 00:00:00+00:00,,,,249,USD,0,,2026-10-04 04:32:14.161992+00:00,travelpayouts,one_way,month-matrix,0
YTO,Toronto,PAR,Paris,2026-10-14 00:00:00+00:00,,,,249,USD,0,,2026-10-04 04:32:14.161992+00:00,travelpayouts,one_way,month-matrix,0
YTO,Toronto,PAR,Paris,2026-10-15 00:00:00+00:00,,,,250,USD,1,,2026-10-04 04:32:14.161992+00:00,travelpayouts,one_way,month-matrix,2360
YTO,Toronto,PAR,Paris,2026-10-16 00:00:00+00:00,,,,252,USD,1,,2026-10-04 04:32:14.161992+00:00,travelpayouts,one_way,month-matrix,730
YTO,Toronto,PAR,Paris,2026-10-10 00:00:00+00:00,,,,255,USD,1,,2026-10-04 04:32:14.161992+00:00,travelpayouts,one_way,month-matrix,595
YTO,Toronto,PAR,Paris,2026-10-05 00:00:00+00:00,,,,257,USD,0,,2026-10-04 04:32:14.161992+00:00,travelpayouts,one_way,month-matrix,445
YTO,Toronto,PAR,Paris,2026-10-21 00:00:00+00:00,,,,261,USD,1,,2026-10-04 04:32:14.161992+00:00,travelpayouts,one_way,month-matrix,1055
YTO,Toronto,PAR,Paris,2026-10-27 00:00:00+00:00,,,,261,USD,0,,2026-10-04 04:32:14.161992+00:00,travelpayouts,one_way,month-matrix,445
YTO,Toronto,PAR,Paris,2026-10-19 00:00:00+00:00,,,,261,USD,1,,2026-10-04 04:32:14.161992+00:00,travelpayouts,one_way,month-matrix,945
YTO,Toronto,PAR,Paris,2026-10-22 00:00:00+00:00,,,,263,USD,1,,2026-10-04 04:32:14.161992+00:00,travelpayouts,one_way,month-matrix,1280
YTO,Toronto,PAR,Paris,2026-10-20 00:00:00+00:00,,,,283,USD,1,,2026-10-04 04:32:14.161992+00:00,travelpayouts,one_way,month-matrix,1790
YTO,Toronto,PAR,Paris,2026-10-06 00:00:00+00:00,,,,285,USD,1,,2026-10-04 04:32:14.161992+00:00,travelpayouts,one_way,month-matrix,960
YTO,Toronto,PAR,Paris,2026-10-28 00:00:00+00:00,,,,306,USD,0,,2026-10-04 04:32:14.161992+00:00,travelpayouts,one_way,month-matrix,0
YTO,Toronto,PAR,Paris,2026-10-29 00:00:00+00:00,,,,306,USD,0,,2026-10-04 04:32:14.161992+00:00,travelpayouts,one_way,month-matrix,0
YTO,Toronto,PAR,Paris,2026-10-26 00:00:00+00:00,,,,335,USD,0,,2026-10-04 04:32:14.161992+00:00,travelpayouts,one_way,month-matrix,430
YTO,Toronto,PAR,Paris,2026-10-07 00:00:00+00:00,,,,346,USD,2,,2026-10-04 04:32:14.161992+00:00,travelpayouts,one_way,month-matrix,1290
YTO,Toronto,PAR,Paris,2026-10-30 00:00:00+00:00,,,,350,USD,1,,2026-10-04 04:32:14.161992+00:00,travelpayouts,one_way,month-matrix,1930
YTO,Toronto,PAR,Paris,2026-10-31 00:00:00+00:00,,,,350,USD,1,,2026-10-04 04:32:14.161992+00:00,travelpayouts,one_way,month-matrix,1380
YTO,Toronto,PAR,Paris,2026-10-24 00:00:00+00:00,,,,361,USD,0,,2026-10-04 04:32:14.161992+00:00,travelpayouts,one_way,month-matrix,0
YTO,Toronto,PAR,Paris,2026-10-25 00:00:00+00:00,,,,361,USD,0,,2026-10-04 04:32:14.161992+00:00,travelpayouts,one_way,month-matrix,0
YTO,Toronto,PAR,Paris,2026-10-23 00:00:00+00:00,,,,387,USD,1,,2026-10-04 04:32:14.161992+00:00,travelpayouts,one_way,month-matrix,1000
YTO,Toronto,PAR,Paris,2026-10-08 00:00:00+00:00,,,,407,USD,2,,2026-10-04 04:32:14.161992+00:00,travelpayouts,one_way,month-matrix,1130
YTO,Toronto,PAR,Paris,2026-10-09 00:00:00+00:00,,,,411,USD,1,,2026-10-04 04:32:14.161992+00:00,travelpayouts,one_way,month-matrix,1145
YTO,Toronto,PAR,Paris,2026-10-17 00:00:00+00:00,,,,413,USD,2,,2026-10-04 04:32:14.161992+00:00,travelpayouts,one_way,month-matrix,2440
YTO,Toronto,PAR,Paris,2026-10-05 03:55:00+00:00,,TS,230,224,USD,1,,2026-10-04 04:32:14.643604+00:00,travelpayouts,one_way,prices_for_dates,2375
YTO,Toronto,PAR,Paris,2026-10-19 03:55:00+00:00,,TS,230,244,USD,1,,2026-10-04 04:32:14.643604+00:00,travelpayouts,one_way,prices_for_dates,1690
YTO,Toronto,PAR,Paris,2026-10-12 03:55:00+00:00,,TS,230,249,USD,1,,2026-10-04 04:32:14.643604+00:00,travelpayouts,one_way,prices_for_dates,1665
YTO,Toronto,PAR,Paris,2026-10-16 03:55:00+00:00,,TS,230,250,USD,1,,2026-10-04 04:32:14.643604+00:00,travelpayouts,one_way,prices_for_dates,2360
YTO,Toronto,PAR,Paris,2026-10-16 20:15:00+00:00,,WS,808,252,USD,1,,2026-10-04 04:32:14.643604+00:00,travelpayouts,one_way,prices_for_dates,730
YTO,Toronto,PAR,Paris,2026-10-10 22:20:00+00:00,,WS,780,255,USD,1,,2026-10-04 04:32:14.643604+00:00,travelpayouts,one_way,prices_for_dates,595
YTO,Toronto,PAR,Paris,2026-10-06 01:05:00+00:00,,TS,188,257,USD,0,,2026-10-04 04:32:14.643604+00:00,travelpayouts,one_way,prices_for_dates,445
YTO,Toronto,PAR,Paris,2026-10-21 16:50:00+00:00,,PD,7759,261,USD,1,,2026-10-04 04:32:14.643604+00:00,travelpayouts,one_way,prices_for_dates,1055
YTO,Toronto,PAR,Paris,2026-10-28 01:15:00+00:00,,TS,188,261,USD,0,,2026-10-04 04:32:14.643604+00:00,travelpayouts,one_way,prices_for_dates,445
YTO,Toronto,PAR,Paris,2026-10-19 14:00:00+00:00,,P3,2463,261,USD,1,,2026-10-04 04:32:14.643604+00:00,travelpayouts,one_way,prices_for_dates,945
YTO,Toronto,PAR,Paris,2026-10-22 11:00:00+00:00,,PD,7326,263,USD,1,,2026-10-04 04:32:14.643604+00:00,travelpayouts,one_way,prices_for_dates,1280
YTO,Toronto,PAR,Paris,2026-10-20 23:55:00+00:00,,PD,2485,283,USD,1,,2026-10-04 04:32:14.643604+00:00,travelpayouts,one_way,prices_for_dates,1790
YTO,Toronto,PAR,Paris,2026-10-07 03:55:00+00:00,,TS,230,285,USD,1,,2026-10-04 04:32:14.643604+00:00,travelpayouts,one_way,prices_for_dates,960
YTO,Toronto,PAR,Paris,2026-10-27 01:10:00+00:00,,AC,872,333,USD,0,,2026-10-04 04:32:14.643604+00:00,travelpayouts,one_way,prices_for_dates,430
YTO,Toronto,PAR,Paris,2026-10-07 22:20:00+00:00,,WS,780,346,USD,2,,2026-10-04 04:32:14.643604+00:00,travelpayouts,one_way,prices_for_dates,1290
YTO,Toronto,PAR,Paris,2026-10-31 02:20:00+00:00,,WS,659,350,USD,1,,2026-10-04 04:32:14.643604+00:00,travelpayouts,one_way,prices_for_dates,1930
YTO,Toronto,PAR,Paris,2026-10-31 11:30:00+00:00,,WS,629,350,USD,1,,2026-10-04 04:32:14.643604+00:00,travelpayouts,one_way,prices_for_dates,1380
YTO,Toronto,PAR,Paris,2026-10-24 02:55:00+00:00,,TP,262,387,USD,1,,2026-10-04 04:32:14.643604+00:00,travelpayouts,one_way,prices_for_dates,1000
YTO,Toronto,PAR,Paris,2026-10-08 22:20:00+00:00,,WS,780,407,USD,2,,2026-10-04 04:32:14.643604+00:00,travelpayouts,one_way,prices_for_dates,1130
YTO,Toronto,PAR,Paris,2026-10-10 01:40:00+00:00,,TS,308,411,USD,1,,2026-10-04 04:32:14.643604+00:00,travelpayouts,one_way,prices_for_dates,1145
YTO,Toronto,PAR,Paris,2026-10-18 03:15:00+00:00,,PD,7805,413,USD,2,,2026-10-04 04:32:14.643604+00:00,travelpayouts,one_way,prices_for_dates,2440
YTO,Toronto,PAR,Paris,2026-10-05 00:00:00+00:00,,,,282,USD,1,,2026-10-04 04:32:15.193233+00:00,travelpayouts,one_way,latest,610
YTO,Toronto,PAR,Paris,2026-10-07 00:00:00+00:00,,,,296,USD,0,,2026-10-04 04:32:15.193233+00:00,travelpayouts,one_way,latest,445
YTO,Toronto,PAR,Paris,2026-10-15 00:00:00+00:00,2026-10-21 00:00:00+00:00,,,446,USD,1,,2026-10-04 04:32:15.906819+00:00,travelpayouts,round_trip,month-matrix,2560
YTO,Toronto,PAR,Paris,2026-10-22 00:00:00+00:00,2026-11-02 00:00:00+00:00,,,449,USD,0,,2026-10-04 04:32:15.906819+00:00,travelpayouts,round_trip,month-matrix,980
YTO,Toronto,PAR,Paris,2026-10-24 00:00:00+00:00,2026-11-07 00:00:00+00:00,,,494,USD,1,,2026-10-04 04:32:15.906819+00:00,travelpayouts,round_trip,month-matrix,3150
YTO,Toronto,PAR,Paris,2026-10-27 00:00:00+00:00,2026-11-05 00:00:00+00:00,,,499,USD,1,,2026-10-04 04:32:15.906819+00:00,travelpayouts,round_trip,month-matrix,1200
YTO,Toronto,PAR,Paris,2026-10-22 00:00:00+00:00,2026-10-31 00:00:00+00:00,,,503,USD,0,,2026-10-04 04:32:15.906819+00:00,travelpayouts,round_trip,month-matrix,0
YTO,Toronto,PAR,Paris,2026-10-22 00:00:00+00:00,2026-11-01 00:00:00+00:00,,,503,USD,0,,2026-10-04 04:32:15.906819+00:00,travelpayouts,round_trip,month-matrix,0
YTO,Toronto,PAR,Paris,2026-10-27 00:00:00+00:00,2026-11-06 00:00:00+00:00,,,514,USD,1,,2026-10-04 04:32:15.906819+00:00,travelpayouts,round_trip,month-matrix,1170
YTO,Toronto,PAR,Paris,2026-10-15 00:00:00+00:00,2026-10-22 00:00:00+00:00,,,528,USD,0,,2026-10-04 04:32:15.906819+00:00,travelpayouts,round_trip,month-matrix,0
YTO,Toronto,PAR,Paris,2026-10-15 00:00:00+00:00,2026-10-23 00:00:00+00:00,,,528,USD,0,,2026-10-04 04:32:15.906819+00:00,travelpayouts,round_trip,month-matrix,0
YTO,Toronto,PAR,Paris,2026-10-28 00:00:00+00:00,2026-11-06 00:00:00+00:00,,,538,USD,1,,2026-10-04 04:32:15.906819+00:00,travelpayouts,round_trip,month-matrix,1700
YTO,Toronto,PAR,Paris,2026-10-28 00:00:00+00:00,2026-11-05 00:00:00+00:00,,,546,USD,1,,2026-10-04 04:32:15.906819+00:00,travelpayouts,round_trip,month-matrix,2325
YTO,Toronto,PAR,Paris,2026-10-22 00:00:00+00:00,2026-10-30 00:00:00+00:00,,,556,USD,1,,2026-10-04 04:32:15.906819+00:00,travelpayouts,round_trip,month-matrix,1480
YTO,Toronto,PAR,Paris,2026-10-23 00:00:00+00:00,2026-11-02 00:00:00+00:00,,,580,USD,1,,2026-10-04 04:32:15.906819+00:00,travelpayouts,round_trip,month-matrix,1265
YTO,Toronto,PAR,Paris,2026-10-07 00:00:00+00:00,2026-10-11 00:00:00+00:00,,,585,USD,1,,2026-10-04 04:32:15.906819+00:00,travelpayouts,round_trip,month-matrix,1944
YTO,Toronto,PAR,Paris,2026-10-20 00:00:00+00:00,2026-10-30 00:00:00+00:00,,,586,USD,1,,2026-10-04 04:32:15.906819+00:00,travelpayouts,round_trip,month-matrix,1605
YTO,Toronto,PAR,Paris,2026-10-15 00:00:00+00:00,2026-10-25 00:00:00+00:00,,,598,USD,1,,2026-10-04 04:32:15.906819+00:00,travelpayouts,round_trip,month-matrix,1575
YTO,Toronto,PAR,Paris,2026-10-17 00:00:00+00:00,2026-10-25 00:00:00+00:00,,,598,USD,1,,2026-10-04 04:32:15.906819+00:00,travelpayouts,round_trip,month-matrix,1575
YTO,Toronto,PAR,Paris,2026-10-15 00:00:00+00:00,2026-10-24 00:00:00+00:00,,,611,USD,1,,2026-10-04 04:32:15.906819+00:00,travelpayouts,round_trip,month-matrix,1915
YTO,Toronto,PAR,Paris,2026-10-16 00:00:00+00:00,2026-10-24 00:00:00+00:00,,,611,USD,1,,2026-10-04 04:32:15.906819+00:00,travelpayouts,round_trip,month-matrix,1880
YTO,Toronto,PAR,Paris,2026-10-17 00:00:00+00:00,2026-10-24 00:00:00+00:00,,,611,USD,1,,2026-10-04 04:32:15.906819+00:00,travelpayouts,round_trip,month-matrix,1880
YTO,Toronto,PAR,Paris,2026-10-12 00:00:00+00:00,2026-10-19 00:00:00+00:00,,,626,USD,1,,2026-10-04 04:32:15.906819+00:00,travelpayouts,round_trip,month-matrix,1920
YTO,Toronto,PAR,Paris,2026-10-18 00:00:00+00:00,2026-10-26 00:00:00+00:00,,,628,USD,1,,2026-10-04 04:32:15.906819+00:00,travelpayouts,round_trip,month-matrix,1575
YTO,Toronto,PAR,Paris,2026-10-30 00:00:00+00:00,2026-11-20 00:00:00+00:00,,,668,USD,1,,2026-10-04 04:32:15.906819+00:00,travelpayouts,round_trip,month-matrix,1505
YTO,Toronto,PAR,Paris,2026-10-16 03:10:00+00:00,2026-10-21 15:15:00+00:00,FI,604,446,USD,1,,2026-10-04 04:32:16.393721+00:00,travelpayouts,round_trip,prices_for_dates,2560
YTO,Toronto,PAR,Paris,2026-10-23 01:05:00+00:00,2026-11-02 10:10:00+00:00,TS,188,449,USD,0,,2026-10-04 04:32:16.393721+00:00,travelpayouts,round_trip,prices_for_dates,980
YTO,Toronto,PAR,Paris,2026-10-25 03:10:00+00:00,2026-11-07 18:55:00+00:00,AC,432,494,USD,1,,2026-10-04 04:32:16.393721+00:00,travelpayouts,round_trip,prices_for_dates,3150
YTO,Toronto,PAR,Paris,2026-10-28 01:15:00+00:00,2026-11-05 08:15:00+00:00,TS,188,499,USD,0,,2026-10-04 04:32:16.393721+00:00,travelpayouts,round_trip,prices_for_dates,1200
YTO,Toronto,PAR,Paris,2026-10-28 01:10:00+00:00,2026-11-06 08:55:00+00:00,AC,872,514,USD,0,,2026-10-04 04:32:16.393721+00:00,travelpayouts,round_trip,prices_for_dates,1170
YTO,Toronto,PAR,Paris,2026-10-28 19:35:00+00:00,2026-11-06 06:15:00+00:00,UA,3500,538,USD,1,,2026-10-04 04:32:16.393721+00:00,travelpayouts,round_trip,prices_for_dates,1700
YTO,Toronto,PAR,Paris,2026-10-28 20:30:00+00:00,2026-11-05 18:55:00+00:00,UA,8287,546,USD,1,,2026-10-04 04:32:16.393721+00:00,travelpayouts,round_trip,prices_for_dates,2325
YTO,Toronto,PAR,Paris,2026-10-22 14:00:00+00:00,2026-10-30 10:10:00+00:00,PD,2463,556,USD,1,,2026-10-04 04:32:16.393721+00:00,travelpayouts,round_trip,prices_for_dates,1480
YTO,Toronto,PAR,Paris,2026-10-23 20:15:00+00:00,2026-11-02 10:10:00+00:00,WS,808,580,USD,1,,2026-10-04 04:32:16.393721+00:00,travelpayouts,round_trip,prices_for_dates,1265
YTO,Toronto,PAR,Paris,2026-10-08 00:20:00+00:00,2026-10-11 10:25:00+00:00,AC,9614,585,USD,1,,2026-10-04 04:32:16.393721+00:00,travelpayouts,round_trip,prices_for_dates,1944
YTO,Toronto,PAR,Paris,2026-10-20 10:50:00+00:00,2026-10-30 10:05:00+00:00,AC,7952,586,USD,1,,2026-10-04 04:32:16.393721+00:00,travelpayouts,round_trip,prices_for_dates,1605
YTO,Toronto,PAR,Paris,2026-10-15 23:55:00+00:00,2026-10-25 06:30:00+00:00,DE,2403,598,USD,1,,2026-10-04 04:32:16.393721+00:00,travelpayouts,round_trip,prices_for_dates,1575
YTO,Toronto,PAR,Paris,2026-10-17 23:55:00+00:00,2026-10-25 06:30:00+00:00,DE,2403,598,USD,1,,2026-10-04 04:32:16.393721+00:00,travelpayouts,round_trip,prices_for_dates,1575
YTO,Toronto,PAR,Paris,2026-10-16 02:55:00+00:00,2026-10-24 05:30:00+00:00,VS,148,611,USD,1,,2026-10-04 04:32:16.393721+00:00,travelpayouts,round_trip,prices_for_dates,1915
YTO,Toronto,PAR,Paris,2026-10-17 02:55:00+00:00,2026-10-24 05:30:00+00:00,VS,148,611,USD,1,,2026-10-04 04:32:16.393721+00:00,travelpayouts,round_trip,prices_for_dates,1880
YTO,Toronto,PAR,Paris,2026-10-18 02:55:00+00:00,2026-10-24 05:30:00+00:00,VS,148,611,USD,1,,2026-10-04 04:32:16.393721+00:00,travelpayouts,round_trip,prices_for_dates,1880
YTO,Toronto,PAR,Paris,2026-10-13 02:55:00+00:00,2026-10-19 05:30:00+00:00,VS,148,626,USD,1,,2026-10-04 04:32:16.393721+00:00,travelpayouts,round_trip,prices_for_dates,1920
YTO,Toronto,PAR,Paris,2026-10-18 23:55:00+00:00,2026-10-26 06:30:00+00:00,DE,2403,628,USD,1,,2026-10-04 04:32:16.393721+00:00,travelpayouts,round_trip,prices_for_dates,1575
YTO,Toronto,PAR,Paris,2026-10-30 21:00:00+00:00,2026-11-20 06:30:00+00:00,DE,2403,668,USD,1,,2026-10-04 04:32:16.393721+00:00,travelpayouts,round_trip,prices_for_dates,1505
YTO,Toronto,PAR,Paris,2026-11-23 00:00:00+00:00,,,,231,USD,1,,2026-10-04 04:32:17.345665+00:00,travelpayouts,one_way,month-matrix,745
YTO,Toronto,PAR,Paris,2026-11-22 00:00:00+00:00,,,,240,USD,0,,2026-10-04 04:32:17.345665+00:00,travelpayouts,one_way,month-matrix,0
YTO,Toronto,PAR,Paris,2026-11-21 00:00:00+00:00,,,,250,USD,1,,2026-10-04 04:32:17.345665+00:00,travelpayouts,one_way,month-matrix,745
YTO,Toronto,PAR,Paris,2026-11-11 00:00:00+00:00,,,,260,USD,1,,2026-10-04 04:32:17.345665+00:00,travelpayouts,one_way,month-matrix,830
YTO,Toronto,PAR,Paris,2026-11-15 00:00:00+00:00,,,,263,USD,1,,2026-10-04 04:32:17.345665+00:00,travelpayouts,one_way,month-matrix,1815
YTO,Toronto,PAR,Paris,2026-11-10 00:00:00+00:00,,,,264,USD,1,,2026-10-04 04:32:17.345665+00:00,travelpayouts,one_way,month-matrix,1815
YTO,Toronto,PAR,Paris,2026-11-09 00:00:00+00:00,,,,264,USD,0,,2026-10-04 04:32:17.345665+00:00,travelpayouts,one_way,month-matrix,0
YTO,Toronto,PAR,Paris,2026-11-08 00:00:00+00:00,,,,265,USD,1,,2026-10-04 04:32:17.345665+00:00,travelpayouts,one_way,month-matrix,1815
YTO,Toronto,PAR,Paris,2026-11-16 00:00:00+00:00,,,,267,USD,0,,2026-10-04 04:32:17.345665+00:00,travelpayouts,one_way,month-matrix,0
YTO,Toronto,PAR,Paris,2026-11-17 00:00:00+00:00,,,,267,USD,0,,2026-10-04 04:32:17.345665+00:00,travelpayouts,one_way,month-matrix,0
YTO,Toronto,PAR,Paris,2026-11-18 00:00:00+00:00,,,,267,USD,0,,2026-10-04 04:32:17.345665+00:00,travelpayouts,one_way,month-matrix,0
YTO,Toronto,PAR,Paris,2026-11-19 00:00:00+00:00,,,,267,USD,0,,2026-10-04 04:32:17.345665+00:00,travelpayouts,one_way,month-matrix,0
YTO,Toronto,PAR,Paris,2026-11-20 00:00:00+00:00,,,,271,USD,1,,2026-10-04 04:32:17.345665+00:00,travelpayouts,one_way,month-matrix,745
YTO,Toronto,PAR,Paris,2026-11-14 00:00:00+00:00,,,,282,USD,1,,2026-10-04 04:32:17.345665+00:00,travelpayouts,one_way,month-matrix,1680
YTO,Toronto,PAR,Paris,2026-11-13 00:00:00+00:00,,,,307,USD,0,,2026-10-04 04:32:17.345665+00:00,travelpayouts,one_way,month-matrix,0
YTO,Toronto,PAR,Paris,2026-11-04 00:00:00+00:00,,,,319,USD,0,,2026-10-04 04:32:17.345665+00:00,travelpayouts,one_way,month-matrix,0
YTO,Toronto,PAR,Paris,2026-11-05 00:00:00+00:00,,,,319,USD,0,,2026-10-04 04:32:17.345665+00:00,travelpayouts,one_way,month-matrix,0
YTO,Toronto,PAR,Paris,2026-11-06 00:00:00+00:00,,,,319,USD,0,,2026-10-04 04:32:17.345665+00:00,travelpayouts,one_way,month-matrix,0
YTO,Toronto,PAR,Paris,2026-11-07 00:00:00+00:00,,,,319,USD,0,,2026-10-04 04:32:17.345665+00:00,travelpayouts,one_way,month-matrix,0
YTO,Toronto,PAR,Paris,2026-11-12 00:00:00+00:00,,,,331,USD,2,,2026-10-04 04:32:17.345665+00:00,travelpayouts,one_way,month-matrix,1845
YTO,Toronto,PAR,Paris,2026-11-03 00:00:00+00:00,,,,372,USD,3,,2026-10-04 04:32:17.345665+00:00,travelpayouts,one_way,month-matrix,1350
YTO,Toronto,PAR,Paris,2026-11-23 19:45:00+00:00,,PD,2471,231,USD,1,,2026-10-04 04:32:17.844238+00:00,travelpayouts,one_way,prices_for_dates,745
YTO,Toronto,PAR,Paris,2026-11-21 19:45:00+00:00,,TS,7036,250,USD,1,,2026-10-04 04:32:17.844238+00:00,travelpayouts,one_way,prices_for_dates,745
YTO,Toronto,PAR,Paris,2026-11-11 16:40:00+00:00,,PD,2513,260,USD,1,,2026-10-04 04:32:17.844238+00:00,travelpayouts,one_way,prices_for_dates,830
YTO,Toronto,PAR,Paris,2026-11-16 01:55:00+00:00,,PD,2487,263,USD,1,,2026-10-04 04:32:17.844238+00:00,travelpayouts,one_way,prices_for_dates,1815
YTO,Toronto,PAR,Paris,2026-11-11 01:55:00+00:00,,PD,2487,264,USD,1,,2026-10-04 04:32:17.844238+00:00,travelpayouts,one_way,prices_for_dates,1815
YTO,Toronto,PAR,Paris,2026-11-09 01:55:00+00:00,,PD,2487,265,USD,1,,2026-10-04 04:32:17.844238+00:00,travelpayouts,one_way,prices_for_dates,1815
YTO,Toronto,PAR,Paris,2026-11-20 19:45:00+00:00,,PD,2471,271,USD,1,,2026-10-04 04:32:17.844238+00:00,travelpayouts,one_way,prices_for_dates,745
YTO,Toronto,PAR,Paris,2026-11-15 04:10:00+00:00,,PD,113,282,USD,1,,2026-10-04 04:32:17.844238+00:00,travelpayouts,one_way,prices_for_dates,1680
YTO,Toronto,PAR,Paris,2026-11-13 03:45:00+00:00,,WS,573,331,USD,2,,2026-10-04 04:32:17.844238+00:00,travelpayouts,one_way,prices_for_dates,1845
YTO,Toronto,PAR,Paris,2026-11-03 12:00:00+00:00,,WS,433,372,USD,3,,2026-10-04 04:32:17.844238+00:00,travelpayouts,one_way,prices_for_dates,1350
YTO,Toronto,PAR,Paris,2026-11-04 00:00:00+00:00,,,,318,USD,0,,2026-10-04 04:32:18.422661+00:00,travelpayouts,one_way,latest,0
YTO,Toronto,PAR,Paris,2026-11-05 00:00:00+00:00,,,,318,USD,0,,2026-10-04 04:32:18.422661+00:00,travelpayouts,one_way,latest,0
YTO,Toronto,PAR,Paris,2026-11-06 00:00:00+00:00,,,,318,USD,0,,2026-10-04 04:32:18.422661+00:00,travelpayouts,one_way,latest,0
YTO,Toronto,PAR,Paris,2026-11-07 00:00:00+00:00,,,,318,USD,0,,2026-10-04 04:32:18.422661+00:00,travelpayouts,one_way,latest,0
YTO,Toronto,PAR,Paris,2026-11-19 00:00:00+00:00,2026-11-29 00:00:00+00:00,,,491,USD,1,,2026-10-04 04:32:18.872215+00:00,travelpayouts,round_trip,month-matrix,2610
YTO,Toronto,PAR,Paris,2026-11-20 00:00:00+00:00,2026-11-29 00:00:00+00:00,,,491,USD,1,,2026-10-04 04:32:18.872215+00:00,travelpayouts,round_trip,month-matrix,2610
YTO,Toronto,PAR,Paris,2026-11-21 00:00:00+00:00,2026-11-28 00:00:00+00:00,,,499,USD,1,,2026-10-04 04:32:18.872215+00:00,travelpayouts,round_trip,month-matrix,1540
YTO,Toronto,PAR,Paris,2026-11-20 00:00:00+00:00,2026-11-28 00:00:00+00:00,,,501,USD,0,,2026-10-04 04:32:18.872215+00:00,travelpayouts,round_trip,month-matrix,0
YTO,Toronto,PAR,Paris,2026-11-20 00:00:00+00:00,2026-11-27 00:00:00+00:00,,,511,USD,1,,2026-10-04 04:32:18.872215+00:00,travelpayouts,round_trip,month-matrix,2610
YTO,Toronto,PAR,Paris,2026-11-09 00:00:00+00:00,2026-11-16 00:00:00+00:00,,,518,USD,1,,2026-10-04 04:32:18.872215+00:00,travelpayouts,round_trip,month-matrix,1280
YTO,Toronto,PAR,Paris,2026-11-14 00:00:00+00:00,2026-11-28 00:00:00+00:00,,,549,USD,1,,2026-10-04 04:32:18.872215+00:00,travelpayouts,round_trip,month-matrix,2475
YTO,Toronto,PAR,Paris,2026-11-14 00:00:00+00:00,2026-11-29 00:00:00+00:00,,,549,USD,1,,2026-10-04 04:32:18.872215+00:00,travelpayouts,round_trip,month-matrix,2340
YTO,Toronto,PAR,Paris,2026-11-04 00:00:00+00:00,2026-11-20 00:00:00+00:00,,,566,USD,0,,2026-10-04 04:32:18.872215+00:00,travelpayouts,round_trip,month-matrix,940
YTO,Toronto,PAR,Paris,2026-11-01 00:00:00+00:00,2026-11-07 00:00:00+00:00,,,632,USD,1,,2026-10-04 04:32:18.872215+00:00,travelpayouts,round_trip,month-matrix,3331
YTO,Toronto,PAR,Paris,2026-11-20 01:55:00+00:00,2026-11-29 09:50:00+00:00,PD,2487,491,USD,1,,2026-10-04 04:32:19.405300+00:00,travelpayouts,round_trip,prices_for_dates,2610
YTO,Toronto,PAR,Paris,2026-11-21 01:55:00+00:00,2026-11-29 09:50:00+00:00,PD,2487,491,USD,1,,2026-10-04 04:32:19.405300+00:00,travelpayouts,round_trip,prices_for_dates,2610
YTO,Toronto,PAR,Paris,2026-11-21 19:45:00+00:00,2026-11-28 09:50:00+00:00,PD,2471,499,USD,1,,2026-10-04 04:32:19.405300+00:00,travelpayouts,round_trip,prices_for_dates,1540
YTO,Toronto,PAR,Paris,2026-11-21 01:55:00+00:00,2026-11-27 09:50:00+00:00,PD,2487,511,USD,1,,2026-10-04 04:32:19.405300+00:00,travelpayouts,round_trip,prices_for_dates,2610
YTO,Toronto,PAR,Paris,2026-11-09 19:45:00+00:00,2026-11-16 10:10:00+00:00,PD,2471,518,USD,1,,2026-10-04 04:32:19.405300+00:00,travelpayouts,round_trip,prices_for_dates,1280
YTO,Toronto,PAR,Paris,2026-11-15 04:10:00+00:00,2026-11-28 09:50:00+00:00,PD,113,549,USD,1,,2026-10-04 04:32:19.405300+00:00,travelpayouts,round_trip,prices_for_dates,2475
YTO,Toronto,PAR,Paris,2026-11-15 04:10:00+00:00,2026-11-29 09:50:00+00:00,PD,113,549,USD,1,,2026-10-04 04:32:19.405300+00:00,travelpayouts,round_trip,prices_for_dates,2340
YTO,Toronto,PAR,Paris,2026-11-05 02:10:00+00:00,2026-11-20 11:05:00+00:00,AC,872,566,USD,0,,2026-10-04 04:32:19.405300+00:00,travelpayouts,round_trip,prices_for_dates,940
YTO,Toronto,PAR,Paris,2026-11-02 00:44:00+00:00,2026-11-07 18:55:00+00:00,UA,3466,632,USD,1,,2026-10-04 04:32:19.405300+00:00,travelpayouts,round_trip,prices_for_dates,3331
YTO,Toronto,PAR,Paris,2026-12-23 00:00:00+00:00,,,,467,USD,1,,2026-10-04 04:32:20.416475+00:00,travelpayouts,one_way,month-matrix,1815
YTO,Toronto,PAR,Paris,2026-12-18 00:00:00+00:00,,,,505,USD,1,,2026-10-04 04:32:20.416475+00:00,travelpayouts,one_way,month-matrix,1260
YTO,Toronto,PAR,Paris,2026-12-22 00:00:00+00:00,,,,572,USD,2,,2026-10-04 04:32:20.416475+00:00,travelpayouts,one_way,month-matrix,1035
YTO,Toronto,PAR,Paris,2026-12-21 00:00:00+00:00,,,,598,USD,1,,2026-10-04 04:32:20.416475+00:00,travelpayouts,one_way,month-matrix,829
YTO,Toronto,PAR,Paris,2026-12-20 00:00:00+00:00,,,,644,USD,2,,2026-10-04 04:32:20.416475+00:00,travelpayouts,one_way,month-matrix,985
YTO,Toronto,PAR,Paris,2026-12-19 00:00:00+00:00,,,,748,USD,3,,2026-10-04 04:32:20.416475+00:00,travelpayouts,one_way,month-matrix,1385
YTO,Toronto,PAR,Paris,2026-12-24 01:55:00+00:00,,PD,2487,467,USD,1,,2026-10-04 04:32:20.954372+00:00,travelpayouts,one_way,prices_for_dates,1815
YTO,Toronto,PAR,Paris,2026-12-19 00:25:00+00:00,,TS,232,505,USD,1,,2026-10-04 04:32:20.954372+00:00,travelpayouts,one_way,prices_for_dates,1260
YTO,Toronto,PAR,Paris,2026-12-23 00:40:00+00:00,,FI,602,572,USD,2,,2026-10-04 04:32:20.954372+00:00,travelpayouts,one_way,prices_for_dates,1035
YTO,Toronto,PAR,Paris,2026-12-21 15:46:00+00:00,,AA,4347,598,USD,1,,2026-10-04 04:32:20.954372+00:00,travelpayouts,one_way,prices_for_dates,829
YTO,Toronto,PAR,Paris,2026-12-20 22:55:00+00:00,,KL,692,644,USD,2,,2026-10-04 04:32:20.954372+00:00,travelpayouts,one_way,prices_for_dates,985
YTO,Toronto,PAR,Paris,2026-12-19 21:00:00+00:00,,AC,8552,748,USD,3,,2026-10-04 04:32:20.954372+00:00,travelpayouts,one_way,prices_for_dates,1385
YTO,Toronto,PAR,Paris,2026-12-24 00:00:00+00:00,2027-01-09 00:00:00+00:00,,,620,USD,1,,2026-10-04 04:32:22.036240+00:00,travelpayouts,round_trip,month-matrix,1510
YTO,Toronto,PAR,Paris,2026-12-30 00:00:00+00:00,2027-01-08 00:00:00+00:00,,,671,USD,1,,2026-10-04 04:32:22.036240+00:00,travelpayouts,round_trip,month-matrix,1635
YTO,Toronto,PAR,Paris,2026-12-19 00:00:00+00:00,2027-01-08 00:00:00+00:00,,,693,USD,1,,2026-10-04 04:32:22.036240+00:00,travelpayouts,round_trip,month-matrix,2775
YTO,Toronto,PAR,Paris,2026-12-21 00:00:00+00:00,2027-01-08 00:00:00+00:00,,,693,USD,1,,2026-10-04 04:32:22.036240+00:00,travelpayouts,round_trip,month-matrix,2775
YTO,Toronto,PAR,Paris,2026-12-22 00:00:00+00:00,2026-12-29 00:00:00+00:00,,,706,USD,1,,2026-10-04 04:32:22.036240+00:00,travelpayouts,round_trip,month-matrix,1305
YTO,Toronto,PAR,Paris,2026-12-24 00:00:00+00:00,2027-01-08 00:00:00+00:00,,,746,USD,1,,2026-10-04 04:32:22.036240+00:00,travelpayouts,round_trip,month-matrix,2535
YTO,Toronto,PAR,Paris,2026-12-23 00:00:00+00:00,2027-01-09 00:00:00+00:00,,,749,USD,1,,2026-10-04 04:32:22.036240+00:00,travelpayouts,round_trip,month-matrix,1320
YTO,Toronto,PAR,Paris,2026-12-23 00:00:00+00:00,2027-01-08 00:00:00+00:00,,,765,USD,1,,2026-10-04 04:32:22.036240+00:00,travelpayouts,round_trip,month-matrix,1310
YTO,Toronto,PAR,Paris,2026-12-22 00:00:00+00:00,2027-01-09 00:00:00+00:00,,,770,USD,1,,2026-10-04 04:32:22.036240+00:00,travelpayouts,round_trip,month-matrix,1320
YTO,Toronto,PAR,Paris,2026-12-22 00:00:00+00:00,2026-12-30 00:00:00+00:00,,,813,USD,0,,2026-10-04 04:32:22.036240+00:00,travelpayouts,round_trip,month-matrix,0
YTO,Toronto,PAR,Paris,2026-12-22 00:00:00+00:00,2026-12-31 00:00:00+00:00,,,813,USD,0,,2026-10-04 04:32:22.036240+00:00,travelpayouts,round_trip,month-matrix,0
YTO,Toronto,PAR,Paris,2026-12-22 00:00:00+00:00,2027-01-01 00:00:00+00:00,,,813,USD,0,,2026-10-04 04:32:22.036240+00:00,travelpayouts,round_trip,month-matrix,0
YTO,Toronto,PAR,Paris,2026-12-22 00:00:00+00:00,2027-01-02 00:00:00+00:00,,,813,USD,0,,2026-10-04 04:32:22.036240+00:00,travelpayouts,round_trip,month-matrix,0
YTO,Toronto,PAR,Paris,2026-12-22 00:00:00+00:00,2027-01-03 00:00:00+00:00,,,813,USD,0,,2026-10-04 04:32:22.036240+00:00,travelpayouts,round_trip,month-matrix,0
YTO,Toronto,PAR,Paris,2026-12-22 00:00:00+00:00,2027-01-04 00:00:00+00:00,,,813,USD,0,,2026-10-04 04:32:22.036240+00:00,travelpayouts,round_trip,month-matrix,0
YTO,Toronto,PAR,Paris,2026-12-22 00:00:00+00:00,2027-01-05 00:00:00+00:00,,,813,USD,0,,2026-10-04 04:32:22.036240+00:00,travelpayouts,round_trip,month-matrix,0
YTO,Toronto,PAR,Paris,2026-12-22 00:00:00+00:00,2027-01-06 00:00:00+00:00,,,813,USD,0,,2026-10-04 04:32:22.036240+00:00,travelpayouts,round_trip,month-matrix,0
YTO,Toronto,PAR,Paris,2026-12-22 00:00:00+00:00,2027-01-07 00:00:00+00:00,,,813,USD,0,,2026-10-04 04:32:22.036240+00:00,travelpayouts,round_trip,month-matrix,0
YTO,Toronto,PAR,Paris,2026-12-21 00:00:00+00:00,2027-01-09 00:00:00+00:00,,,887,USD,1,,2026-10-04 04:32:22.036240+00:00,travelpayouts,round_trip,month-matrix,2710
YTO,Toronto,PAR,Paris,2026-12-22 00:00:00+00:00,2027-01-08 00:00:00+00:00,,,920,USD,1,,2026-10-04 04:32:22.036240+00:00,travelpayouts,round_trip,month-matrix,1310
YTO,Toronto,PAR,Paris,2026-12-20 00:00:00+00:00,2027-01-09 00:00:00+00:00,,,1072,USD,1,,2026-10-04 04:32:22.036240+00:00,travelpayouts,round_trip,month-matrix,1840
YTO,Toronto,PAR,Paris,2026-12-19 00:00:00+00:00,2027-01-09 00:00:00+00:00,,,1113,USD,1,,2026-10-04 04:32:22.036240+00:00,travelpayouts,round_trip,month-matrix,1875
YTO,Toronto,PAR,Paris,2026-12-25 02:45:00+00:00,2027-01-09 12:15:00+00:00,VS,148,620,USD,1,,2026-10-04 04:32:22.514921+00:00,travelpayouts,round_trip,prices_for_dates,1510
YTO,Toronto,PAR,Paris,2026-12-30 20:35:00+00:00,2027-01-08 05:00:00+00:00,UA,3500,671,USD,1,,2026-10-04 04:32:22.514921+00:00,travelpayouts,round_trip,prices_for_dates,1635
YTO,Toronto,PAR,Paris,2026-12-20 02:45:00+00:00,2027-01-08 17:00:00+00:00,VS,148,693,USD,1,,2026-10-04 04:32:22.514921+00:00,travelpayouts,round_trip,prices_for_dates,2775
YTO,Toronto,PAR,Paris,2026-12-22 02:45:00+00:00,2027-01-08 17:00:00+00:00,VS,148,693,USD,1,,2026-10-04 04:32:22.514921+00:00,travelpayouts,round_trip,prices_for_dates,2775
YTO,Toronto,PAR,Paris,2026-12-23 00:15:00+00:00,2026-12-29 12:00:00+00:00,FI,604,706,USD,1,,2026-10-04 04:32:22.514921+00:00,travelpayouts,round_trip,prices_for_dates,1305
YTO,Toronto,PAR,Paris,2026-12-25 03:00:00+00:00,2027-01-08 05:00:00+00:00,AC,430,746,USD,1,,2026-10-04 04:32:22.514921+00:00,travelpayouts,round_trip,prices_for_dates,2535
YTO,Toronto,PAR,Paris,2026-12-24 00:15:00+00:00,2027-01-09 12:00:00+00:00,FI,604,749,USD,1,,2026-10-04 04:32:22.514921+00:00,travelpayouts,round_trip,prices_for_dates,1320
YTO,Toronto,PAR,Paris,2026-12-24 00:15:00+00:00,2027-01-08 12:10:00+00:00,FI,604,765,USD,1,,2026-10-04 04:32:22.514921+00:00,travelpayouts,round_trip,prices_for_dates,1310
YTO,Toronto,PAR,Paris,2026-12-23 00:15:00+00:00,2027-01-09 12:00:00+00:00,FI,604,770,USD,1,,2026-10-04 04:32:22.514921+00:00,travelpayouts,round_trip,prices_for_dates,1320
YTO,Toronto,PAR,Paris,2026-12-22 00:15:00+00:00,2027-01-09 13:45:00+00:00,FI,604,887,USD,1,,2026-10-04 04:32:22.514921+00:00,travelpayouts,round_trip,prices_for_dates,2710
YTO,Toronto,PAR,Paris,2026-12-23 00:15:00+00:00,2027-01-08 12:10:00+00:00,FI,604,920,USD,1,,2026-10-04 04:32:22.514921+00:00,travelpayouts,round_trip,prices_for_dates,1310
YTO,Toronto,PAR,Paris,2026-12-20 22:55:00+00:00,2027-01-09 09:00:00+00:00,KL,692,1072,USD,1,,2026-10-04 04:32:22.514921+00:00,travelpayouts,round_trip,prices_for_dates,1840
YTO,Toronto,PAR,Paris,2026-12-20 02:45:00+00:00,2027-01-09 09:00:00+00:00,VS,148,1113,USD,1,,2026-10-04 04:32:22.514921+00:00,travelpayouts,round_trip,prices_for_dates,1875
YTO,Toronto,PAR,Paris,2027-01-09 00:00:00+00:00,,,,330,USD,2,,2026-10-04 04:32:23.585932+00:00,travelpayouts,one_way,month-matrix,1845
YTO,Toronto,PAR,Paris,2027-01-10 00:00:00+00:00,,,,339,USD,0,,2026-10-04 04:32:23.585932+00:00,travelpayouts,one_way,month-matrix,0
YTO,Toronto,PAR,Paris,2027-01-11 00:00:00+00:00,,,,339,USD,0,,2026-10-04 04:32:23.585932+00:00,travelpayouts,one_way,month-matrix,0
YTO,Toronto,PAR,Paris,2027-01-05 00:00:00+00:00,,,,341,USD,0,,2026-10-04 04:32:23.585932+00:00,travelpayouts,one_way,month-matrix,0
YTO,Toronto,PAR,Paris,2027-01-06 00:00:00+00:00,,,,341,USD,0,,2026-10-04 04:32:23.585932+00:00,travelpayouts,one_way,month-matrix,0
YTO,Toronto,PAR,Paris,2027-01-07 00:00:00+00:00,,,,341,USD,0,,2026-10-04 04:32:23.585932+00:00,travelpayouts,one_way,month-matrix,0
YTO,Toronto,PAR,Paris,2027-01-08 00:00:00+00:00,,,,341,USD,0,,2026-10-04 04:32:23.585932+00:00,travelpayouts,one_way,month-matrix,0
YTO,Toronto,PAR,Paris,2027-01-12 00:00:00+00:00,,,,348,USD,2,,2026-10-04 04:32:23.585932+00:00,travelpayouts,one_way,month-matrix,1845
YTO,Toronto,PAR,Paris,2027-01-04 00:00:00+00:00,,,,352,USD,1,,2026-10-04 04:32:23.585932+00:00,travelpayouts,one_way,month-matrix,630
YTO,Toronto,PAR,Paris,2027-01-03 00:00:00+00:00,,,,371,USD,1,,2026-10-04 04:32:23.585932+00:00,travelpayouts,one_way,month-matrix,1700
YTO,Toronto,PAR,Paris,2027-01-10 03:45:00+00:00,,WS,573,330,USD,2,,2026-10-04 04:32:24.108396+00:00,travelpayouts,one_way,prices_for_dates,1845
YTO,Toronto,PAR,Paris,2027-01-13 03:45:00+00:00,,WS,755,348,USD,2,,2026-10-04 04:32:24.108396+00:00,travelpayouts,one_way,prices_for_dates,1845
YTO,Toronto,PAR,Paris,2027-01-04 19:45:00+00:00,,TS,7036,352,USD,1,,2026-10-04 04:32:24.108396+00:00,travelpayouts,one_way,prices_for_dates,630
YTO,Toronto,PAR,Paris,2027-01-04 01:55:00+00:00,,TS,7041,371,USD,1,,2026-10-04 04:32:24.108396+00:00,travelpayouts,one_way,prices_for_dates,1700
YTO,Toronto,PAR,Paris,2027-01-13 00:00:00+00:00,2027-01-22 00:00:00+00:00,,,408,USD,1,,2026-10-04 04:32:25.156023+00:00,travelpayouts,round_trip,month-matrix,1285
YTO,Toronto,PAR,Paris,2027-01-14 00:00:00+00:00,2027-01-22 00:00:00+00:00,,,414,USD,1,,2026-10-04 04:32:25.156023+00:00,travelpayouts,round_trip,month-matrix,1285
YTO,Toronto,PAR,Paris,2027-01-10 00:00:00+00:00,2027-01-22 00:00:00+00:00,,,494,USD,1,,2026-10-04 04:32:25.156023+00:00,travelpayouts,round_trip,month-matrix,2650
YTO,Toronto,PAR,Paris,2027-01-01 00:00:00+00:00,2027-01-09 00:00:00+00:00,,,849,USD,1,,2026-10-04 04:32:25.156023+00:00,travelpayouts,round_trip,month-matrix,1950
YTO,Toronto,PAR,Paris,2027-01-14 00:40:00+00:00,2027-01-22 12:10:00+00:00,FI,602,408,USD,1,,2026-10-04 04:32:25.655503+00:00,travelpayouts,round_trip,prices_for_dates,1285
YTO,Toronto,PAR,Paris,2027-01-15 00:40:00+00:00,2027-01-22 12:10:00+00:00,FI,602,414,USD,1,,2026-10-04 04:32:25.655503+00:00,travelpayouts,round_trip,prices_for_dates,1285
YTO,Toronto,PAR,Paris,2027-01-10 16:40:00+00:00,2027-01-22 09:50:00+00:00,PD,7759,494,USD,1,,2026-10-04 04:32:25.655503+00:00,travelpayouts,round_trip,prices_for_dates,2650
YTO,Toronto,PAR,Paris,2027-01-01 23:30:00+00:00,2027-01-09 19:35:00+00:00,AF,357,849,USD,0,,2026-10-04 04:32:25.655503+00:00,travelpayouts,round_trip,prices_for_dates,1950
YTO,Toronto,AMS,Amsterdam,2026-10-11 00:00:00+00:00,,,,235,USD,1,,2026-10-04 04:32:26.749005+00:00,travelpayouts,one_way,month-matrix,1670
YTO,Toronto,AMS,Amsterdam,2026-10-12 00:00:00+00:00,,,,266,USD,0,,2026-10-04 04:32:26.749005+00:00,travelpayouts,one_way,month-matrix,0
YTO,Toronto,AMS,Amsterdam,2026-10-13 00:00:00+00:00,,,,266,USD,0,,2026-10-04 04:32:26.749005+00:00,travelpayouts,one_way,month-matrix,0
YTO,Toronto,AMS,Amsterdam,2026-10-14 00:00:00+00:00,,,,297,USD,0,,2026-10-04 04:32:26.749005+00:00,travelpayouts,one_way,month-matrix,445
YTO,Toronto,AMS,Amsterdam,2026-10-10 00:00:00+00:00,,,,312,USD,0,,2026-10-04 04:32:26.749005+00:00,travelpayouts,one_way,month-matrix,0
YTO,Toronto,AMS,Amsterdam,2026-10-04 00:00:00+00:00,,,,321,USD,0,,2026-10-04 04:32:26.749005+00:00,travelpayouts,one_way,month-matrix,445
YTO,Toronto,AMS,Amsterdam,2026-10-15 00:00:00+00:00,,,,348,USD,0,,2026-10-04 04:32:26.749005+00:00,travelpayouts,one_way,month-matrix,0
YTO,Toronto,AMS,Amsterdam,2026-10-16 00:00:00+00:00,,,,348,USD,0,,2026-10-04 04:32:26.749005+00:00,travelpayouts,one_way,month-matrix,0
YTO,Toronto,AMS,Amsterdam,2026-10-17 00:00:00+00:00,,,,348,USD,0,,2026-10-04 04:32:26.749005+00:00,travelpayouts,one_way,month-matrix,0
YTO,Toronto,AMS,Amsterdam,2026-10-18 00:00:00+00:00,,,,348,USD,0,,2026-10-04 04:32:26.749005+00:00,travelpayouts,one_way,month-matrix,0
YTO,Toronto,AMS,Amsterdam,2026-10-19 00:00:00+00:00,,,,348,USD,0,,2026-10-04 04:32:26.749005+00:00,travelpayouts,one_way,month-matrix,0
YTO,Toronto,AMS,Amsterdam,2026-10-20 00:00:00+00:00,,,,348,USD,0,,2026-10-04 04:32:26.749005+00:00,travelpayouts,one_way,month-matrix,0
YTO,Toronto,AMS,Amsterdam,2026-10-21 00:00:00+00:00,,,,348,USD,0,,2026-10-04 04:32:26.749005+00:00,travelpayouts,one_way,month-matrix,0
YTO,Toronto,AMS,Amsterdam,2026-10-22 00:00:00+00:00,,,,348,USD,0,,2026-10-04 04:32:26.749005+00:00,travelpayouts,one_way,month-matrix,0
YTO,Toronto,AMS,Amsterdam,2026-10-23 00:00:00+00:00,,,,348,USD,0,,2026-10-04 04:32:26.749005+00:00,travelpayouts,one_way,month-matrix,0
YTO,Toronto,AMS,Amsterdam,2026-10-24 00:00:00+00:00,,,,348,USD,0,,2026-10-04 04:32:26.749005+00:00,travelpayouts,one_way,month-matrix,0
YTO,Toronto,AMS,Amsterdam,2026-10-25 00:00:00+00:00,,,,348,USD,0,,2026-10-04 04:32:26.749005+00:00,travelpayouts,one_way,month-matrix,0
YTO,Toronto,AMS,Amsterdam,2026-10-05 00:00:00+00:00,,,,349,USD,0,,2026-10-04 04:32:26.749005+00:00,travelpayouts,one_way,month-matrix,0
YTO,Toronto,AMS,Amsterdam,2026-10-06 00:00:00+00:00,,,,378,USD,2,,2026-10-04 04:32:26.749005+00:00,travelpayouts,one_way,month-matrix,1070
YTO,Toronto,AMS,Amsterdam,2026-10-07 00:00:00+00:00,,,,383,USD,0,,2026-10-04 04:32:26.749005+00:00,travelpayouts,one_way,month-matrix,0
YTO,Toronto,AMS,Amsterdam,2026-10-08 00:00:00+00:00,,,,383,USD,0,,2026-10-04 04:32:26.749005+00:00,travelpayouts,one_way,month-matrix,0
YTO,Toronto,AMS,Amsterdam,2026-10-09 00:00:00+00:00,,,,388,USD,3,,2026-10-04 04:32:26.749005+00:00,travelpayouts,one_way,month-matrix,1215
YTO,Toronto,AMS,Amsterdam,2026-10-26 00:00:00+00:00,,,,400,USD,1,,2026-10-04 04:32:26.749005+00:00,travelpayouts,one_way,month-matrix,1035
YTO,Toronto,AMS,Amsterdam,2026-10-12 03:55:00+00:00,,TS,230,235,USD,1,,2026-10-04 04:32:27.227812+00:00,travelpayouts,one_way,prices_for_dates,1670
YTO,Toronto,AMS,Amsterdam,2026-10-15 03:45:00+00:00,,TS,376,297,USD,0,,2026-10-04 04:32:27.227812+00:00,travelpayouts,one_way,prices_for_dates,445
YTO,Toronto,AMS,Amsterdam,2026-10-05 03:45:00+00:00,,TS,376,321,USD,0,,2026-10-04 04:32:27.227812+00:00,travelpayouts,one_way,prices_for_dates,445
YTO,Toronto,AMS,Amsterdam,2026-10-06 22:15:00+00:00,,WS,806,378,USD,2,,2026-10-04 04:32:27.227812+00:00,travelpayouts,one_way,prices_for_dates,1070
YTO,Toronto,AMS,Amsterdam,2026-10-09 22:20:00+00:00,,WS,780,388,USD,3,,2026-10-04 04:32:27.227812+00:00,travelpayouts,one_way,prices_for_dates,1215
YTO,Toronto,AMS,Amsterdam,2026-10-27 02:35:00+00:00,,TS,122,400,USD,1,,2026-10-04 04:32:27.227812+00:00,travelpayouts,one_way,prices_for_dates,1035
YTO,Toronto,AMS,Amsterdam,2026-10-30 00:00:00+00:00,2026-11-16 00:00:00+00:00,,,536,USD,2,,2026-10-04 04:32:28.275128+00:00,travelpayouts,round_trip,month-matrix,1615
YTO,Toronto,AMS,Amsterdam,2026-10-29 00:00:00+00:00,2026-11-15 00:00:00+00:00,,,553,USD,2,,2026-10-04 04:32:28.275128+00:00,travelpayouts,round_trip,month-matrix,2040
YTO,Toronto,AMS,Amsterdam,2026-10-30 00:00:00+00:00,2026-11-15 00:00:00+00:00,,,553,USD,2,,2026-10-04 04:32:28.275128+00:00,travelpayouts,round_trip,month-matrix,2040
YTO,Toronto,AMS,Amsterdam,2026-10-12 00:00:00+00:00,2026-10-16 00:00:00+00:00,,,566,USD,1,,2026-10-04 04:32:28.275128+00:00,travelpayouts,round_trip,month-matrix,1085
YTO,Toronto,AMS,Amsterdam,2026-10-10 00:00:00+00:00,2026-10-17 00:00:00+00:00,,,589,USD,2,,2026-10-04 04:32:28.275128+00:00,travelpayouts,round_trip,month-matrix,3245
YTO,Toronto,AMS,Amsterdam,2026-10-30 12:20:00+00:00,2026-11-16 11:05:00+00:00,AC,7862,536,USD,2,,2026-10-04 04:32:28.965234+00:00,travelpayouts,round_trip,prices_for_dates,1615
YTO,Toronto,AMS,Amsterdam,2026-10-29 12:20:00+00:00,2026-11-15 06:00:00+00:00,AC,7862,553,USD,2,,2026-10-04 04:32:28.965234+00:00,travelpayouts,round_trip,prices_for_dates,2040
YTO,Toronto,AMS,Amsterdam,2026-10-30 12:20:00+00:00,2026-11-15 06:00:00+00:00,AC,7862,553,USD,2,,2026-10-04 04:32:28.965234+00:00,travelpayouts,round_trip,prices_for_dates,2040
YTO,Toronto,AMS,Amsterdam,2026-10-13 01:55:00+00:00,2026-10-16 14:00:00+00:00,KL,696,566,USD,0,,2026-10-04 04:32:28.965234+00:00,travelpayouts,round_trip,prices_for_dates,1085
YTO,Toronto,AMS,Amsterdam,2026-10-11 01:00:00+00:00,2026-10-17 16:30:00+00:00,AC,428,589,USD,1,,2026-10-04 04:32:28.965234+00:00,travelpayouts,round_trip,prices_for_dates,3245
YTO,Toronto,AMS,Amsterdam,2026-11-25 00:00:00+00:00,,,,335,USD,3,,2026-10-04 04:32:29.897175+00:00,travelpayouts,one_way,month-matrix,1630
YTO,Toronto,AMS,Amsterdam,2026-11-26 00:00:00+00:00,,,,345,USD,0,,2026-10-04 04:32:29.897175+00:00,travelpayouts,one_way,month-matrix,0
YTO,Toronto,AMS,Amsterdam,2026-11-27 00:00:00+00:00,,,,345,USD,0,,2026-10-04 04:32:29.897175+00:00,travelpayouts,one_way,month-matrix,0
YTO,Toronto,AMS,Amsterdam,2026-11-28 00:00:00+00:00,,,,345,USD,0,,2026-10-04 04:32:29.897175+00:00,travelpayouts,one_way,month-matrix,0
YTO,Toronto,AMS,Amsterdam,2026-11-29 00:00:00+00:00,,,,355,USD,2,,2026-10-04 04:32:29.897175+00:00,travelpayouts,one_way,month-matrix,1630
YTO,Toronto,AMS,Amsterdam,2026-11-25 19:45:00+00:00,,PD,2471,335,USD,3,,2026-10-04 04:32:30.397459+00:00,travelpayouts,one_way,prices_for_dates,1630
YTO,Toronto,AMS,Amsterdam,2026-11-29 19:45:00+00:00,,PD,2471,355,USD,2,,2026-10-04 04:32:30.397459+00:00,travelpayouts,one_way,prices_for_dates,1630
YTO,Toronto,AMS,Amsterdam,2026-11-23 00:00:00+00:00,2026-12-05 00:00:00+00:00,,,423,USD,1,,2026-10-04 04:32:31.451061+00:00,travelpayouts,round_trip,month-matrix,1295
YTO,Toronto,AMS,Amsterdam,2026-11-24 00:00:00+00:00,2026-12-05 00:00:00+00:00,,,427,USD,1,,2026-10-04 04:32:31.451061+00:00,travelpayouts,round_trip,month-matrix,1740
YTO,Toronto,AMS,Amsterdam,2026-11-22 00:00:00+00:00,2026-12-05 00:00:00+00:00,,,430,USD,1,,2026-10-04 04:32:31.451061+00:00,travelpayouts,round_trip,month-matrix,1295
YTO,Toronto,AMS,Amsterdam,2026-11-07 00:00:00+00:00,2026-11-14 00:00:00+00:00,,,518,USD,0,,2026-10-04 04:32:31.451061+00:00,travelpayouts,round_trip,month-matrix,935
YTO,Toronto,AMS,Amsterdam,2026-11-24 00:40:00+00:00,2026-12-05 11:55:00+00:00,FI,602,423,USD,1,,2026-10-04 04:32:31.954420+00:00,travelpayouts,round_trip,prices_for_dates,1295
YTO,Toronto,AMS,Amsterdam,2026-11-25 00:40:00+00:00,2026-12-05 11:55:00+00:00,FI,602,427,USD,1,,2026-10-04 04:32:31.954420+00:00,travelpayouts,round_trip,prices_for_dates,1740
YTO,Toronto,AMS,Amsterdam,2026-11-23 00:40:00+00:00,2026-12-05 11:55:00+00:00,FI,602,430,USD,1,,2026-10-04 04:32:31.954420+00:00,travelpayouts,round_trip,prices_for_dates,1295
YTO,Toronto,AMS,Amsterdam,2026-11-08 01:50:00+00:00,2026-11-14 11:05:00+00:00,AC,808,518,USD,0,,2026-10-04 04:32:31.954420+00:00,travelpayouts,round_trip,prices_for_dates,935
YTO,Toronto,AMS,Amsterdam,2026-12-24 00:00:00+00:00,,,,583,USD,1,,2026-10-04 04:32:33.013636+00:00,travelpayouts,one_way,month-matrix,800
YTO,Toronto,AMS,Amsterdam,2026-12-23 00:00:00+00:00,,,,590,USD,1,,2026-10-04 04:32:33.013636+00:00,travelpayouts,one_way,month-matrix,575
YTO,Toronto,AMS,Amsterdam,2026-12-22 00:00:00+00:00,,,,613,USD,2,,2026-10-04 04:32:33.013636+00:00,travelpayouts,one_way,month-matrix,2130
YTO,Toronto,AMS,Amsterdam,2026-12-24 22:30:00+00:00,,TP,258,583,USD,1,,2026-10-04 04:32:33.540032+00:00,travelpayouts,one_way,prices_for_dates,800
YTO,Toronto,AMS,Amsterdam,2026-12-23 22:20:00+00:00,,EI,126,590,USD,1,,2026-10-04 04:32:33.540032+00:00,travelpayouts,one_way,prices_for_dates,575
YTO,Toronto,AMS,Amsterdam,2026-12-22 22:10:00+00:00,,AA,4308,613,USD,2,,2026-10-04 04:32:33.540032+00:00,travelpayouts,one_way,prices_for_dates,2130
YTO,Toronto,AMS,Amsterdam,2026-12-05 00:00:00+00:00,2026-12-19 00:00:00+00:00,,,667,USD,1,,2026-10-04 04:32:34.613931+00:00,travelpayouts,round_trip,month-matrix,1740
YTO,Toronto,AMS,Amsterdam,2026-12-25 00:00:00+00:00,2027-01-10 00:00:00+00:00,,,718,USD,1,,2026-10-04 04:32:34.613931+00:00,travelpayouts,round_trip,month-matrix,1985
YTO,Toronto,AMS,Amsterdam,2026-12-24 00:00:00+00:00,2027-01-07 00:00:00+00:00,,,724,USD,1,,2026-10-04 04:32:34.613931+00:00,travelpayouts,round_trip,month-matrix,1690
YTO,Toronto,AMS,Amsterdam,2026-12-24 00:00:00+00:00,2027-01-08 00:00:00+00:00,,,748,USD,0,,2026-10-04 04:32:34.613931+00:00,travelpayouts,round_trip,month-matrix,0
YTO,Toronto,AMS,Amsterdam,2026-12-24 00:00:00+00:00,2027-01-09 00:00:00+00:00,,,772,USD,1,,2026-10-04 04:32:34.613931+00:00,travelpayouts,round_trip,month-matrix,3140
YTO,Toronto,AMS,Amsterdam,2026-12-23 00:00:00+00:00,2027-01-10 00:00:00+00:00,,,790,USD,1,,2026-10-04 04:32:34.613931+00:00,travelpayouts,round_trip,month-matrix,2290
YTO,Toronto,AMS,Amsterdam,2026-12-23 00:00:00+00:00,2027-01-11 00:00:00+00:00,,,796,USD,2,,2026-10-04 04:32:34.613931+00:00,travelpayouts,round_trip,month-matrix,2255
YTO,Toronto,AMS,Amsterdam,2026-12-23 00:00:00+00:00,2027-01-08 00:00:00+00:00,,,820,USD,1,,2026-10-04 04:32:34.613931+00:00,travelpayouts,round_trip,month-matrix,2680
YTO,Toronto,AMS,Amsterdam,2026-12-23 00:00:00+00:00,2027-01-09 00:00:00+00:00,,,859,USD,1,,2026-10-04 04:32:34.613931+00:00,travelpayouts,round_trip,month-matrix,2570
YTO,Toronto,AMS,Amsterdam,2026-12-22 00:00:00+00:00,2027-01-08 00:00:00+00:00,,,877,USD,1,,2026-10-04 04:32:34.613931+00:00,travelpayouts,round_trip,month-matrix,1295
YTO,Toronto,AMS,Amsterdam,2026-12-22 00:00:00+00:00,2027-01-09 00:00:00+00:00,,,952,USD,1,,2026-10-04 04:32:34.613931+00:00,travelpayouts,round_trip,month-matrix,1295
YTO,Toronto,AMS,Amsterdam,2026-12-06 00:40:00+00:00,2026-12-19 11:55:00+00:00,FI,602,667,USD,1,,2026-10-04 04:32:35.121089+00:00,travelpayouts,round_trip,prices_for_dates,1740
YTO,Toronto,AMS,Amsterdam,2026-12-26 00:50:00+00:00,2027-01-10 07:55:00+00:00,AC,836,718,USD,1,,2026-10-04 04:32:35.121089+00:00,travelpayouts,round_trip,prices_for_dates,1985
YTO,Toronto,AMS,Amsterdam,2026-12-25 02:45:00+00:00,2027-01-07 12:30:00+00:00,VS,148,724,USD,1,,2026-10-04 04:32:35.121089+00:00,travelpayouts,round_trip,prices_for_dates,1690
YTO,Toronto,AMS,Amsterdam,2026-12-25 00:50:00+00:00,2027-01-09 12:40:00+00:00,AC,836,772,USD,1,,2026-10-04 04:32:35.121089+00:00,travelpayouts,round_trip,prices_for_dates,3140
YTO,Toronto,AMS,Amsterdam,2026-12-24 00:40:00+00:00,2027-01-10 19:20:00+00:00,FI,602,790,USD,1,,2026-10-04 04:32:35.121089+00:00,travelpayouts,round_trip,prices_for_dates,2290
YTO,Toronto,AMS,Amsterdam,2026-12-24 01:40:00+00:00,2027-01-11 11:05:00+00:00,AC,466,796,USD,2,,2026-10-04 04:32:35.121089+00:00,travelpayouts,round_trip,prices_for_dates,2255
YTO,Toronto,AMS,Amsterdam,2026-12-23 23:55:00+00:00,2027-01-08 07:55:00+00:00,AC,511,820,USD,1,,2026-10-04 04:32:35.121089+00:00,travelpayouts,round_trip,prices_for_dates,2680
YTO,Toronto,AMS,Amsterdam,2026-12-23 23:15:00+00:00,2027-01-09 12:05:00+00:00,AA,5886,859,USD,1,,2026-10-04 04:32:35.121089+00:00,travelpayouts,round_trip,prices_for_dates,2570
YTO,Toronto,AMS,Amsterdam,2026-12-23 00:40:00+00:00,2027-01-08 11:55:00+00:00,FI,602,877,USD,1,,2026-10-04 04:32:35.121089+00:00,travelpayouts,round_trip,prices_for_dates,1295
YTO,Toronto,AMS,Amsterdam,2026-12-23 00:40:00+00:00,2027-01-09 11:55:00+00:00,FI,602,952,USD,1,,2026-10-04 04:32:35.121089+00:00,travelpayouts,round_trip,prices_for_dates,1295
YTO,Toronto,LON,London,2026-10-04 00:00:00+00:00,,,,206,USD,1,,2026-10-04 04:32:41.936931+00:00,travelpayouts,one_way,month-matrix,1110
YTO,Toronto,LON,London,2026-10-21 00:00:00+00:00,,,,244,USD,1,,2026-10-04 04:32:41.936931+00:00,travelpayouts,one_way,month-matrix,1180
YTO,Toronto,LON,London,2026-10-17 00:00:00+00:00,,,,251,USD,1,,2026-10-04 04:32:41.936931+00:00,travelpayouts,one_way,month-matrix,1765
YTO,Toronto,LON,London,2026-10-14 00:00:00+00:00,,,,252,USD,1,,2026-10-04 04:32:41.936931+00:00,travelpayouts,one_way,month-matrix,1180
YTO,Toronto,LON,London,2026-10-11 00:00:00+00:00,,,,258,USD,1,,2026-10-04 04:32:41.936931+00:00,travelpayouts,one_way,month-matrix,605
YTO,Toronto,LON,London,2026-10-16 00:00:00+00:00,,,,262,USD,0,,2026-10-04 04:32:41.936931+00:00,travelpayouts,one_way,month-matrix,0
YTO,Toronto,LON,London,2026-10-12 00:00:00+00:00,,,,266,USD,0,,2026-10-04 04:32:41.936931+00:00,travelpayouts,one_way,month-matrix,0
YTO,Toronto,LON,London,2026-10-20 00:00:00+00:00,,,,268,USD,1,,2026-10-04 04:32:41.936931+00:00,travelpayouts,one_way,month-matrix,605
YTO,Toronto,LON,London,2026-10-08 00:00:00+00:00,,,,271,USD,1,,2026-10-04 04:32:41.936931+00:00,travelpayouts,one_way,month-matrix,605
YTO,Toronto,LON,London,2026-10-10 00:00:00+00:00,,,,272,USD,0,,2026-10-04 04:32:41.936931+00:00,travelpayouts,one_way,month-matrix,0
YTO,Toronto,LON,London,2026-10-15 00:00:00+00:00,,,,273,USD,1,,2026-10-04 04:32:41.936931+00:00,travelpayouts,one_way,month-matrix,2345
YTO,Toronto,LON,London,2026-10-13 00:00:00+00:00,,,,273,USD,1,,2026-10-04 04:32:41.936931+00:00,travelpayouts,one_way,month-matrix,605
YTO,Toronto,LON,London,2026-10-18 00:00:00+00:00,,,,273,USD,0,,2026-10-04 04:32:41.936931+00:00,travelpayouts,one_way,month-matrix,0
YTO,Toronto,LON,London,2026-10-09 00:00:00+00:00,,,,286,USD,1,,2026-10-04 04:32:41.936931+00:00,travelpayouts,one_way,month-matrix,1116
YTO,Toronto,LON,London,2026-10-05 00:00:00+00:00,,,,288,USD,1,,2026-10-04 04:32:41.936931+00:00,travelpayouts,one_way,month-matrix,695
YTO,Toronto,LON,London,2026-10-19 00:00:00+00:00,,,,296,USD,0,,2026-10-04 04:32:41.936931+00:00,travelpayouts,one_way,month-matrix,420
YTO,Toronto,LON,London,2026-10-06 00:00:00+00:00,,,,300,USD,0,,2026-10-04 04:32:41.936931+00:00,travelpayouts,one_way,month-matrix,420
YTO,Toronto,LON,London,2026-10-07 00:00:00+00:00,,,,310,USD,1,,2026-10-04 04:32:41.936931+00:00,travelpayouts,one_way,month-matrix,925
YTO,Toronto,LON,London,2026-10-22 00:00:00+00:00,,,,319,USD,0,,2026-10-04 04:32:41.936931+00:00,travelpayouts,one_way,month-matrix,0
YTO,Toronto,LON,London,2026-10-23 00:00:00+00:00,,,,319,USD,0,,2026-10-04 04:32:41.936931+00:00,travelpayouts,one_way,month-matrix,0
YTO,Toronto,LON,London,2026-10-24 00:00:00+00:00,,,,319,USD,0,,2026-10-04 04:32:41.936931+00:00,travelpayouts,one_way,month-matrix,0
YTO,Toronto,LON,London,2026-10-25 00:00:00+00:00,,,,319,USD,0,,2026-10-04 04:32:41.936931+00:00,travelpayouts,one_way,month-matrix,0
YTO,Toronto,LON,London,2026-10-26 00:00:00+00:00,,,,319,USD,0,,2026-10-04 04:32:41.936931+00:00,travelpayouts,one_way,month-matrix,0
YTO,Toronto,LON,London,2026-10-27 00:00:00+00:00,,,,319,USD,0,,2026-10-04 04:32:41.936931+00:00,travelpayouts,one_way,month-matrix,0
YTO,Toronto,LON,London,2026-10-28 00:00:00+00:00,,,,319,USD,0,,2026-10-04 04:32:41.936931+00:00,travelpayouts,one_way,month-matrix,0
YTO,Toronto,LON,London,2026-10-29 00:00:00+00:00,,,,319,USD,0,,2026-10-04 04:32:41.936931+00:00,travelpayouts,one_way,month-matrix,0
YTO,Toronto,LON,London,2026-10-30 00:00:00+00:00,,,,394,USD,2,,2026-10-04 04:32:41.936931+00:00,travelpayouts,one_way,month-matrix,2375
YTO,Toronto,LON,London,2026-10-05 03:55:00+00:00,,TS,230,206,USD,1,,2026-10-04 04:32:42.460810+00:00,travelpayouts,one_way,prices_for_dates,1110
YTO,Toronto,LON,London,2026-10-22 02:15:00+00:00,,WS,36,244,USD,1,,2026-10-04 04:32:42.460810+00:00,travelpayouts,one_way,prices_for_dates,1180
YTO,Toronto,LON,London,2026-10-18 03:55:00+00:00,,TS,230,251,USD,1,,2026-10-04 04:32:42.460810+00:00,travelpayouts,one_way,prices_for_dates,1765
YTO,Toronto,LON,London,2026-10-15 02:15:00+00:00,,WS,36,252,USD,1,,2026-10-04 04:32:42.460810+00:00,travelpayouts,one_way,prices_for_dates,1180
YTO,Toronto,LON,London,2026-10-12 03:55:00+00:00,,TS,230,258,USD,1,,2026-10-04 04:32:42.460810+00:00,travelpayouts,one_way,prices_for_dates,605
YTO,Toronto,LON,London,2026-10-21 03:55:00+00:00,,TS,230,268,USD,1,,2026-10-04 04:32:42.460810+00:00,travelpayouts,one_way,prices_for_dates,605
YTO,Toronto,LON,London,2026-10-08 22:20:00+00:00,,WS,780,271,USD,1,,2026-10-04 04:32:42.460810+00:00,travelpayouts,one_way,prices_for_dates,605
YTO,Toronto,LON,London,2026-10-16 03:55:00+00:00,,TS,230,273,USD,1,,2026-10-04 04:32:42.460810+00:00,travelpayouts,one_way,prices_for_dates,2345
YTO,Toronto,LON,London,2026-10-14 03:55:00+00:00,,TS,230,273,USD,1,,2026-10-04 04:32:42.460810+00:00,travelpayouts,one_way,prices_for_dates,605
YTO,Toronto,LON,London,2026-10-09 12:19:00+00:00,,TS,7404,286,USD,1,,2026-10-04 04:32:42.460810+00:00,travelpayouts,one_way,prices_for_dates,1116
YTO,Toronto,LON,London,2026-10-05 21:45:00+00:00,,TP,258,288,USD,1,,2026-10-04 04:32:42.460810+00:00,travelpayouts,one_way,prices_for_dates,695
YTO,Toronto,LON,London,2026-10-20 02:45:00+00:00,,TS,122,296,USD,0,,2026-10-04 04:32:42.460810+00:00,travelpayouts,one_way,prices_for_dates,420
YTO,Toronto,LON,London,2026-10-07 02:45:00+00:00,,TS,122,300,USD,0,,2026-10-04 04:32:42.460810+00:00,travelpayouts,one_way,prices_for_dates,420
YTO,Toronto,LON,London,2026-10-07 21:35:00+00:00,,TP,258,310,USD,1,,2026-10-04 04:32:42.460810+00:00,travelpayouts,one_way,prices_for_dates,925
YTO,Toronto,LON,London,2026-10-30 21:15:00+00:00,,P3,2265,394,USD,2,,2026-10-04 04:32:42.460810+00:00,travelpayouts,one_way,prices_for_dates,2375
YTO,Toronto,LON,London,2026-10-08 00:00:00+00:00,,,,292,USD,1,,2026-10-04 04:32:42.954386+00:00,travelpayouts,one_way,latest,1810
YTO,Toronto,LON,London,2026-10-05 00:00:00+00:00,,,,311,USD,1,,2026-10-04 04:32:42.954386+00:00,travelpayouts,one_way,latest,695
YTO,Toronto,LON,London,2026-10-04 00:00:00+00:00,,,,426,USD,2,,2026-10-04 04:32:42.954386+00:00,travelpayouts,one_way,latest,2895
YTO,Toronto,LON,London,2026-10-14 00:00:00+00:00,2026-10-20 00:00:00+00:00,,,492,USD,1,,2026-10-04 04:32:43.514474+00:00,travelpayouts,round_trip,month-matrix,2215
YTO,Toronto,LON,London,2026-10-15 00:00:00+00:00,2026-10-21 00:00:00+00:00,,,493,USD,1,,2026-10-04 04:32:43.514474+00:00,travelpayouts,round_trip,month-matrix,2215
YTO,Toronto,LON,London,2026-10-15 00:00:00+00:00,2026-10-23 00:00:00+00:00,,,512,USD,1,,2026-10-04 04:32:43.514474+00:00,travelpayouts,round_trip,month-matrix,1135
YTO,Toronto,LON,London,2026-10-24 00:00:00+00:00,2026-10-30 00:00:00+00:00,,,536,USD,0,,2026-10-04 04:32:43.514474+00:00,travelpayouts,round_trip,month-matrix,930
YTO,Toronto,LON,London,2026-10-24 00:00:00+00:00,2026-10-31 00:00:00+00:00,,,580,USD,0,,2026-10-04 04:32:43.514474+00:00,travelpayouts,round_trip,month-matrix,0
YTO,Toronto,LON,London,2026-10-08 00:00:00+00:00,2026-10-11 00:00:00+00:00,,,584,USD,1,,2026-10-04 04:32:43.514474+00:00,travelpayouts,round_trip,month-matrix,2520
YTO,Toronto,LON,London,2026-10-06 00:00:00+00:00,2026-10-11 00:00:00+00:00,,,587,USD,1,,2026-10-04 04:32:43.514474+00:00,travelpayouts,round_trip,month-matrix,3170
YTO,Toronto,LON,London,2026-10-17 00:00:00+00:00,2026-10-25 00:00:00+00:00,,,605,USD,1,,2026-10-04 04:32:43.514474+00:00,travelpayouts,round_trip,month-matrix,2269
YTO,Toronto,LON,London,2026-10-24 00:00:00+00:00,2026-11-01 00:00:00+00:00,,,624,USD,1,,2026-10-04 04:32:43.514474+00:00,travelpayouts,round_trip,month-matrix,1911
YTO,Toronto,LON,London,2026-10-16 00:00:00+00:00,2026-10-23 00:00:00+00:00,,,626,USD,1,,2026-10-04 04:32:43.514474+00:00,travelpayouts,round_trip,month-matrix,1455
YTO,Toronto,LON,London,2026-10-07 00:00:00+00:00,2026-10-13 00:00:00+00:00,,,643,USD,1,,2026-10-04 04:32:43.514474+00:00,travelpayouts,round_trip,month-matrix,1373
YTO,Toronto,LON,London,2026-10-13 00:00:00+00:00,2026-10-20 00:00:00+00:00,,,680,USD,0,,2026-10-04 04:32:43.514474+00:00,travelpayouts,round_trip,month-matrix,890
YTO,Toronto,LON,London,2026-10-15 00:00:00+00:00,2026-10-22 00:00:00+00:00,,,694,USD,1,,2026-10-04 04:32:43.514474+00:00,travelpayouts,round_trip,month-matrix,1590
YTO,Toronto,LON,London,2026-10-14 00:00:00+00:00,2026-10-21 00:00:00+00:00,,,723,USD,1,,2026-10-04 04:32:43.514474+00:00,travelpayouts,round_trip,month-matrix,1145
YTO,Toronto,LON,London,2026-10-19 00:00:00+00:00,2026-10-26 00:00:00+00:00,,,737,USD,0,,2026-10-04 04:32:43.514474+00:00,travelpayouts,round_trip,month-matrix,910
YTO,Toronto,LON,London,2026-10-16 00:00:00+00:00,2026-10-24 00:00:00+00:00,,,754,USD,2,,2026-10-04 04:32:43.514474+00:00,travelpayouts,round_trip,month-matrix,2315
YTO,Toronto,LON,London,2026-10-18 00:00:00+00:00,2026-10-25 00:00:00+00:00,,,831,USD,2,,2026-10-04 04:32:43.514474+00:00,travelpayouts,round_trip,month-matrix,1888
YTO,Toronto,LON,London,2026-10-17 00:00:00+00:00,2026-10-24 00:00:00+00:00,,,891,USD,1,,2026-10-04 04:32:43.514474+00:00,travelpayouts,round_trip,month-matrix,1290
YTO,Toronto,LON,London,2026-10-15 00:45:00+00:00,2026-10-20 20:25:00+00:00,FI,602,492,USD,1,,2026-10-04 04:32:44.049974+00:00,travelpayouts,round_trip,prices_for_dates,2215
YTO,Toronto,LON,London,2026-10-16 00:45:00+00:00,2026-10-21 20:25:00+00:00,FI,602,493,USD,1,,2026-10-04 04:32:44.049974+00:00,travelpayouts,round_trip,prices_for_dates,2215
YTO,Toronto,LON,London,2026-10-15 23:50:00+00:00,2026-10-23 08:40:00+00:00,TS,282,512,USD,0,,2026-10-04 04:32:44.049974+00:00,travelpayouts,round_trip,prices_for_dates,1135
YTO,Toronto,LON,London,2026-10-25 02:35:00+00:00,2026-10-30 11:40:00+00:00,TS,122,536,USD,0,,2026-10-04 04:32:44.049974+00:00,travelpayouts,round_trip,prices_for_dates,930
YTO,Toronto,LON,London,2026-10-09 00:45:00+00:00,2026-10-11 08:40:00+00:00,TS,7267,584,USD,1,,2026-10-04 04:32:44.049974+00:00,travelpayouts,round_trip,prices_for_dates,2520
YTO,Toronto,LON,London,2026-10-06 11:00:00+00:00,2026-10-11 08:40:00+00:00,PD,7326,587,USD,1,,2026-10-04 04:32:44.049974+00:00,travelpayouts,round_trip,prices_for_dates,3170
YTO,Toronto,LON,London,2026-10-17 19:35:00+00:00,2026-10-25 09:00:00+00:00,AC,7870,605,USD,1,,2026-10-04 04:32:44.049974+00:00,travelpayouts,round_trip,prices_for_dates,2269
YTO,Toronto,LON,London,2026-10-25 02:45:00+00:00,2026-11-01 13:00:00+00:00,AC,2064,624,USD,1,,2026-10-04 04:32:44.049974+00:00,travelpayouts,round_trip,prices_for_dates,1911
YTO,Toronto,LON,London,2026-10-16 20:55:00+00:00,2026-10-23 08:40:00+00:00,PD,2265,626,USD,1,,2026-10-04 04:32:44.049974+00:00,travelpayouts,round_trip,prices_for_dates,1455
YTO,Toronto,LON,London,2026-10-07 19:35:00+00:00,2026-10-13 08:30:00+00:00,AC,7870,643,USD,1,,2026-10-04 04:32:44.049974+00:00,travelpayouts,round_trip,prices_for_dates,1373
YTO,Toronto,LON,London,2026-10-13 22:35:00+00:00,2026-10-20 16:40:00+00:00,AC,854,680,USD,0,,2026-10-04 04:32:44.049974+00:00,travelpayouts,round_trip,prices_for_dates,890
YTO,Toronto,LON,London,2026-10-15 19:35:00+00:00,2026-10-22 05:55:00+00:00,AC,7870,694,USD,1,,2026-10-04 04:32:44.049974+00:00,travelpayouts,round_trip,prices_for_dates,1590
YTO,Toronto,LON,London,2026-10-15 02:55:00+00:00,2026-10-21 05:30:00+00:00,VS,148,723,USD,0,,2026-10-04 04:32:44.049974+00:00,travelpayouts,round_trip,prices_for_dates,1145
YTO,Toronto,LON,London,2026-10-20 02:55:00+00:00,2026-10-26 16:10:00+00:00,VS,148,737,USD,0,,2026-10-04 04:32:44.049974+00:00,travelpayouts,round_trip,prices_for_dates,910
YTO,Toronto,LON,London,2026-10-17 02:15:00+00:00,2026-10-24 19:20:00+00:00,WS,36,754,USD,2,,2026-10-04 04:32:44.049974+00:00,travelpayouts,round_trip,prices_for_dates,2315
YTO,Toronto,LON,London,2026-10-18 22:10:00+00:00,2026-10-25 14:10:00+00:00,BA,92,831,USD,0,,2026-10-04 04:32:44.049974+00:00,travelpayouts,round_trip,prices_for_dates,1888
YTO,Toronto,LON,London,2026-10-17 21:35:00+00:00,2026-10-24 07:50:00+00:00,EI,126,891,USD,1,,2026-10-04 04:32:44.049974+00:00,travelpayouts,round_trip,prices_for_dates,1290
YTO,Toronto,LON,London,2026-10-07 00:00:00+00:00,2026-10-13 00:00:00+00:00,,,644,USD,1,,2026-10-04 04:32:44.555043+00:00,travelpayouts,round_trip,latest,1373
YTO,Toronto,LON,London,2026-11-26 00:00:00+00:00,,,,298,USD,3,,2026-10-04 04:32:45.077058+00:00,travelpayouts,one_way,month-matrix,1655
YTO,Toronto,LON,London,2026-11-08 00:00:00+00:00,,,,310,USD,0,,2026-10-04 04:32:45.077058+00:00,travelpayouts,one_way,month-matrix,0
YTO,Toronto,LON,London,2026-11-09 00:00:00+00:00,,,,310,USD,0,,2026-10-04 04:32:45.077058+00:00,travelpayouts,one_way,month-matrix,0
YTO,Toronto,LON,London,2026-11-10 00:00:00+00:00,,,,310,USD,0,,2026-10-04 04:32:45.077058+00:00,travelpayouts,one_way,month-matrix,0
YTO,Toronto,LON,London,2026-11-11 00:00:00+00:00,,,,310,USD,0,,2026-10-04 04:32:45.077058+00:00,travelpayouts,one_way,month-matrix,0
YTO,Toronto,LON,London,2026-11-12 00:00:00+00:00,,,,310,USD,0,,2026-10-04 04:32:45.077058+00:00,travelpayouts,one_way,month-matrix,0
YTO,Toronto,LON,London,2026-11-13 00:00:00+00:00,,,,310,USD,0,,2026-10-04 04:32:45.077058+00:00,travelpayouts,one_way,month-matrix,0
YTO,Toronto,LON,London,2026-11-14 00:00:00+00:00,,,,310,USD,0,,2026-10-04 04:32:45.077058+00:00,travelpayouts,one_way,month-matrix,0
YTO,Toronto,LON,London,2026-11-15 00:00:00+00:00,,,,310,USD,0,,2026-10-04 04:32:45.077058+00:00,travelpayouts,one_way,month-matrix,0
YTO,Toronto,LON,London,2026-11-16 00:00:00+00:00,,,,310,USD,0,,2026-10-04 04:32:45.077058+00:00,travelpayouts,one_way,month-matrix,0
YTO,Toronto,LON,London,2026-11-17 00:00:00+00:00,,,,310,USD,0,,2026-10-04 04:32:45.077058+00:00,travelpayouts,one_way,month-matrix,0
YTO,Toronto,LON,London,2026-11-18 00:00:00+00:00,,,,310,USD,0,,2026-10-04 04:32:45.077058+00:00,travelpayouts,one_way,month-matrix,0
YTO,Toronto,LON,London,2026-11-19 00:00:00+00:00,,,,310,USD,0,,2026-10-04 04:32:45.077058+00:00,travelpayouts,one_way,month-matrix,0
YTO,Toronto,LON,London,2026-11-20 00:00:00+00:00,,,,310,USD,0,,2026-10-04 04:32:45.077058+00:00,travelpayouts,one_way,month-matrix,0
YTO,Toronto,LON,London,2026-11-21 00:00:00+00:00,,,,310,USD,0,,2026-10-04 04:32:45.077058+00:00,travelpayouts,one_way,month-matrix,0
YTO,Toronto,LON,London,2026-11-22 00:00:00+00:00,,,,310,USD,0,,2026-10-04 04:32:45.077058+00:00,travelpayouts,one_way,month-matrix,0
YTO,Toronto,LON,London,2026-11-23 00:00:00+00:00,,,,310,USD,0,,2026-10-04 04:32:45.077058+00:00,travelpayouts,one_way,month-matrix,0
YTO,Toronto,LON,London,2026-11-24 00:00:00+00:00,,,,310,USD,0,,2026-10-04 04:32:45.077058+00:00,travelpayouts,one_way,month-matrix,0
YTO,Toronto,LON,London,2026-11-25 00:00:00+00:00,,,,310,USD,0,,2026-10-04 04:32:45.077058+00:00,travelpayouts,one_way,month-matrix,0
YTO,Toronto,LON,London,2026-11-01 00:00:00+00:00,,,,317,USD,2,,2026-10-04 04:32:45.077058+00:00,travelpayouts,one_way,month-matrix,2450
YTO,Toronto,LON,London,2026-11-02 00:00:00+00:00,,,,320,USD,0,,2026-10-04 04:32:45.077058+00:00,travelpayouts,one_way,month-matrix,0
YTO,Toronto,LON,London,2026-11-03 00:00:00+00:00,,,,320,USD,0,,2026-10-04 04:32:45.077058+00:00,travelpayouts,one_way,month-matrix,0
YTO,Toronto,LON,London,2026-11-04 00:00:00+00:00,,,,320,USD,0,,2026-10-04 04:32:45.077058+00:00,travelpayouts,one_way,month-matrix,0
YTO,Toronto,LON,London,2026-11-05 00:00:00+00:00,,,,320,USD,0,,2026-10-04 04:32:45.077058+00:00,travelpayouts,one_way,month-matrix,0
YTO,Toronto,LON,London,2026-11-06 00:00:00+00:00,,,,320,USD,0,,2026-10-04 04:32:45.077058+00:00,travelpayouts,one_way,month-matrix,0
YTO,Toronto,LON,London,2026-11-07 00:00:00+00:00,,,,323,USD,0,,2026-10-04 04:32:45.077058+00:00,travelpayouts,one_way,month-matrix,430
YTO,Toronto,LON,London,2026-11-26 19:45:00+00:00,,PD,2471,298,USD,3,,2026-10-04 04:32:45.597210+00:00,travelpayouts,one_way,prices_for_dates,1655
YTO,Toronto,LON,London,2026-11-02 03:45:00+00:00,,TP,262,317,USD,2,,2026-10-04 04:32:45.597210+00:00,travelpayouts,one_way,prices_for_dates,2450
YTO,Toronto,LON,London,2026-11-08 02:35:00+00:00,,TS,122,323,USD,0,,2026-10-04 04:32:45.597210+00:00,travelpayouts,one_way,prices_for_dates,430
YTO,Toronto,LON,London,2026-11-08 00:00:00+00:00,,,,309,USD,0,,2026-10-04 04:32:46.123124+00:00,travelpayouts,one_way,latest,0
YTO,Toronto,LON,London,2026-11-09 00:00:00+00:00,,,,309,USD,0,,2026-10-04 04:32:46.123124+00:00,travelpayouts,one_way,latest,0
YTO,Toronto,LON,London,2026-11-10 00:00:00+00:00,,,,309,USD,0,,2026-10-04 04:32:46.123124+00:00,travelpayouts,one_way,latest,0
YTO,Toronto,LON,London,2026-11-11 00:00:00+00:00,,,,309,USD,0,,2026-10-04 04:32:46.123124+00:00,travelpayouts,one_way,latest,0
YTO,Toronto,LON,London,2026-11-12 00:00:00+00:00,,,,309,USD,0,,2026-10-04 04:32:46.123124+00:00,travelpayouts,one_way,latest,0
YTO,Toronto,LON,London,2026-11-13 00:00:00+00:00,,,,309,USD,0,,2026-10-04 04:32:46.123124+00:00,travelpayouts,one_way,latest,0
YTO,Toronto,LON,London,2026-11-14 00:00:00+00:00,,,,309,USD,0,,2026-10-04 04:32:46.123124+00:00,travelpayouts,one_way,latest,0
YTO,Toronto,LON,London,2026-11-15 00:00:00+00:00,,,,309,USD,0,,2026-10-04 04:32:46.123124+00:00,travelpayouts,one_way,latest,0
YTO,Toronto,LON,London,2026-11-16 00:00:00+00:00,,,,309,USD,0,,2026-10-04 04:32:46.123124+00:00,travelpayouts,one_way,latest,0
YTO,Toronto,LON,London,2026-11-17 00:00:00+00:00,,,,309,USD,0,,2026-10-04 04:32:46.123124+00:00,travelpayouts,one_way,latest,0
YTO,Toronto,LON,London,2026-11-18 00:00:00+00:00,,,,309,USD,0,,2026-10-04 04:32:46.123124+00:00,travelpayouts,one_way,latest,0
YTO,Toronto,LON,London,2026-11-19 00:00:00+00:00,,,,309,USD,0,,2026-10-04 04:32:46.123124+00:00,travelpayouts,one_way,latest,0
YTO,Toronto,LON,London,2026-11-20 00:00:00+00:00,,,,309,USD,0,,2026-10-04 04:32:46.123124+00:00,travelpayouts,one_way,latest,0
YTO,Toronto,LON,London,2026-11-21 00:00:00+00:00,,,,309,USD,0,,2026-10-04 04:32:46.123124+00:00,travelpayouts,one_way,latest,0
YTO,Toronto,LON,London,2026-11-22 00:00:00+00:00,,,,309,USD,0,,2026-10-04 04:32:46.123124+00:00,travelpayouts,one_way,latest,0
YTO,Toronto,LON,London,2026-11-23 00:00:00+00:00,,,,309,USD,0,,2026-10-04 04:32:46.123124+00:00,travelpayouts,one_way,latest,0
YTO,Toronto,LON,London,2026-11-24 00:00:00+00:00,,,,309,USD,0,,2026-10-04 04:32:46.123124+00:00,travelpayouts,one_way,latest,0
YTO,Toronto,LON,London,2026-11-25 00:00:00+00:00,,,,309,USD,0,,2026-10-04 04:32:46.123124+00:00,travelpayouts,one_way,latest,0
YTO,Toronto,LON,London,2026-11-02 00:00:00+00:00,,,,319,USD,0,,2026-10-04 04:32:46.123124+00:00,travelpayouts,one_way,latest,0
YTO,Toronto,LON,London,2026-11-03 00:00:00+00:00,,,,319,USD,0,,2026-10-04 04:32:46.123124+00:00,travelpayouts,one_way,latest,0
YTO,Toronto,LON,London,2026-11-04 00:00:00+00:00,,,,319,USD,0,,2026-10-04 04:32:46.123124+00:00,travelpayouts,one_way,latest,0
YTO,Toronto,LON,London,2026-11-05 00:00:00+00:00,,,,319,USD,0,,2026-10-04 04:32:46.123124+00:00,travelpayouts,one_way,latest,0
YTO,Toronto,LON,London,2026-11-06 00:00:00+00:00,,,,319,USD,0,,2026-10-04 04:32:46.123124+00:00,travelpayouts,one_way,latest,0
YTO,Toronto,LON,London,2026-11-07 00:00:00+00:00,,,,321,USD,0,,2026-10-04 04:32:46.123124+00:00,travelpayouts,one_way,latest,430
YTO,Toronto,LON,London,2026-11-27 00:00:00+00:00,2026-12-06 00:00:00+00:00,,,496,USD,1,,2026-10-04 04:32:46.630522+00:00,travelpayouts,round_trip,month-matrix,2730
YTO,Toronto,LON,London,2026-11-12 00:00:00+00:00,2026-11-18 00:00:00+00:00,,,516,USD,1,,2026-10-04 04:32:46.630522+00:00,travelpayouts,round_trip,month-matrix,1810
YTO,Toronto,LON,London,2026-11-28 00:40:00+00:00,2026-12-06 20:35:00+00:00,FI,602,496,USD,1,,2026-10-04 04:32:47.179289+00:00,travelpayouts,round_trip,prices_for_dates,2730
YTO,Toronto,LON,London,2026-11-13 00:40:00+00:00,2026-11-18 11:55:00+00:00,FI,602,516,USD,1,,2026-10-04 04:32:47.179289+00:00,travelpayouts,round_trip,prices_for_dates,1810
YTO,Toronto,LON,London,2026-11-27 00:00:00+00:00,2026-12-06 00:00:00+00:00,,,523,USD,0,,2026-10-04 04:32:47.704251+00:00,travelpayouts,round_trip,latest,930
YTO,Toronto,LON,London,2026-12-24 00:00:00+00:00,,,,403,USD,1,,2026-10-04 04:32:48.265018+00:00,travelpayouts,one_way,month-matrix,2155
YTO,Toronto,LON,London,2026-12-15 00:00:00+00:00,,,,445,USD,1,,2026-10-04 04:32:48.265018+00:00,travelpayouts,one_way,month-matrix,1035
YTO,Toronto,LON,London,2026-12-20 00:00:00+00:00,,,,491,USD,0,,2026-10-04 04:32:48.265018+00:00,travelpayouts,one_way,month-matrix,0
YTO,Toronto,LON,London,2026-12-21 00:00:00+00:00,,,,491,USD,0,,2026-10-04 04:32:48.265018+00:00,travelpayouts,one_way,month-matrix,0
YTO,Toronto,LON,London,2026-12-22 00:00:00+00:00,,,,491,USD,0,,2026-10-04 04:32:48.265018+00:00,travelpayouts,one_way,month-matrix,0
YTO,Toronto,LON,London,2026-12-23 00:00:00+00:00,,,,491,USD,0,,2026-10-04 04:32:48.265018+00:00,travelpayouts,one_way,month-matrix,0
YTO,Toronto,LON,London,2026-12-16 00:00:00+00:00,,,,520,USD,1,,2026-10-04 04:32:48.265018+00:00,travelpayouts,one_way,month-matrix,785
YTO,Toronto,LON,London,2026-12-17 00:00:00+00:00,,,,550,USD,0,,2026-10-04 04:32:48.265018+00:00,travelpayouts,one_way,month-matrix,0
YTO,Toronto,LON,London,2026-12-18 00:00:00+00:00,,,,550,USD,0,,2026-10-04 04:32:48.265018+00:00,travelpayouts,one_way,month-matrix,0
YTO,Toronto,LON,London,2026-12-19 00:00:00+00:00,,,,579,USD,0,,2026-10-04 04:32:48.265018+00:00,travelpayouts,one_way,month-matrix,425
YTO,Toronto,LON,London,2026-12-25 00:55:00+00:00,,PD,365,403,USD,1,,2026-10-04 04:32:48.743092+00:00,travelpayouts,one_way,prices_for_dates,2155
YTO,Toronto,LON,London,2026-12-15 22:30:00+00:00,,TP,258,445,USD,1,,2026-10-04 04:32:48.743092+00:00,travelpayouts,one_way,prices_for_dates,1035
YTO,Toronto,LON,London,2026-12-16 22:20:00+00:00,,EI,126,520,USD,1,,2026-10-04 04:32:48.743092+00:00,travelpayouts,one_way,prices_for_dates,785
YTO,Toronto,LON,London,2026-12-20 02:45:00+00:00,,VS,148,579,USD,0,,2026-10-04 04:32:48.743092+00:00,travelpayouts,one_way,prices_for_dates,425
YTO,Toronto,LON,London,2026-12-11 00:00:00+00:00,2026-12-18 00:00:00+00:00,,,624,USD,2,,2026-10-04 04:32:49.803734+00:00,travelpayouts,round_trip,month-matrix,3295
YTO,Toronto,LON,London,2026-12-28 00:00:00+00:00,2027-01-09 00:00:00+00:00,,,716,USD,1,,2026-10-04 04:32:49.803734+00:00,travelpayouts,round_trip,month-matrix,2235
YTO,Toronto,LON,London,2026-12-28 00:00:00+00:00,2027-01-10 00:00:00+00:00,,,716,USD,0,,2026-10-04 04:32:49.803734+00:00,travelpayouts,round_trip,month-matrix,0
YTO,Toronto,LON,London,2026-12-28 00:00:00+00:00,2027-01-11 00:00:00+00:00,,,716,USD,1,,2026-10-04 04:32:49.803734+00:00,travelpayouts,round_trip,month-matrix,2235
YTO,Toronto,LON,London,2026-12-29 00:00:00+00:00,2027-01-09 00:00:00+00:00,,,719,USD,1,,2026-10-04 04:32:49.803734+00:00,travelpayouts,round_trip,month-matrix,2240
YTO,Toronto,LON,London,2026-12-28 00:00:00+00:00,2027-01-08 00:00:00+00:00,,,732,USD,1,,2026-10-04 04:32:49.803734+00:00,travelpayouts,round_trip,month-matrix,1270
YTO,Toronto,LON,London,2026-12-21 00:00:00+00:00,2026-12-30 00:00:00+00:00,,,808,USD,1,,2026-10-04 04:32:49.803734+00:00,travelpayouts,round_trip,month-matrix,1300
YTO,Toronto,LON,London,2026-12-23 00:00:00+00:00,2027-01-01 00:00:00+00:00,,,968,USD,1,,2026-10-04 04:32:49.803734+00:00,travelpayouts,round_trip,month-matrix,1815
YTO,Toronto,LON,London,2026-12-24 00:00:00+00:00,2027-01-02 00:00:00+00:00,,,1140,USD,1,,2026-10-04 04:32:49.803734+00:00,travelpayouts,round_trip,month-matrix,3074
YTO,Toronto,LON,London,2026-12-11 22:50:00+00:00,2026-12-18 12:30:00+00:00,PD,2477,624,USD,2,,2026-10-04 04:32:50.313205+00:00,travelpayouts,round_trip,prices_for_dates,3295
YTO,Toronto,LON,London,2026-12-29 00:15:00+00:00,2027-01-09 20:35:00+00:00,FI,604,716,USD,1,,2026-10-04 04:32:50.313205+00:00,travelpayouts,round_trip,prices_for_dates,2235
YTO,Toronto,LON,London,2026-12-29 00:15:00+00:00,2027-01-11 20:35:00+00:00,FI,604,716,USD,1,,2026-10-04 04:32:50.313205+00:00,travelpayouts,round_trip,prices_for_dates,2235
YTO,Toronto,LON,London,2026-12-30 00:15:00+00:00,2027-01-09 20:35:00+00:00,FI,604,719,USD,1,,2026-10-04 04:32:50.313205+00:00,travelpayouts,round_trip,prices_for_dates,2240
YTO,Toronto,LON,London,2026-12-29 00:40:00+00:00,2027-01-08 12:15:00+00:00,FI,602,732,USD,1,,2026-10-04 04:32:50.313205+00:00,travelpayouts,round_trip,prices_for_dates,1270
YTO,Toronto,LON,London,2026-12-22 00:15:00+00:00,2026-12-30 12:15:00+00:00,FI,604,808,USD,1,,2026-10-04 04:32:50.313205+00:00,travelpayouts,round_trip,prices_for_dates,1300
YTO,Toronto,LON,London,2026-12-24 00:15:00+00:00,2027-01-01 12:15:00+00:00,FI,604,968,USD,1,,2026-10-04 04:32:50.313205+00:00,travelpayouts,round_trip,prices_for_dates,1815
YTO,Toronto,LON,London,2026-12-24 21:30:00+00:00,2027-01-02 19:20:00+00:00,AA,4556,1140,USD,1,,2026-10-04 04:32:50.313205+00:00,travelpayouts,round_trip,prices_for_dates,3074
YTO,Toronto,LON,London,2027-01-31 00:00:00+00:00,,,,294,USD,1,,2026-10-04 04:32:51.356399+00:00,travelpayouts,one_way,month-matrix,720
YTO,Toronto,LON,London,2027-01-19 00:00:00+00:00,,,,300,USD,0,,2026-10-04 04:32:51.356399+00:00,travelpayouts,one_way,month-matrix,0
YTO,Toronto,LON,London,2027-01-20 00:00:00+00:00,,,,300,USD,0,,2026-10-04 04:32:51.356399+00:00,travelpayouts,one_way,month-matrix,0
YTO,Toronto,LON,London,2027-01-21 00:00:00+00:00,,,,300,USD,0,,2026-10-04 04:32:51.356399+00:00,travelpayouts,one_way,month-matrix,0
YTO,Toronto,LON,London,2027-01-22 00:00:00+00:00,,,,300,USD,0,,2026-10-04 04:32:51.356399+00:00,travelpayouts,one_way,month-matrix,0
YTO,Toronto,LON,London,2027-01-23 00:00:00+00:00,,,,300,USD,0,,2026-10-04 04:32:51.356399+00:00,travelpayouts,one_way,month-matrix,0
YTO,Toronto,LON,London,2027-01-24 00:00:00+00:00,,,,300,USD,0,,2026-10-04 04:32:51.356399+00:00,travelpayouts,one_way,month-matrix,0
YTO,Toronto,LON,London,2027-01-25 00:00:00+00:00,,,,300,USD,0,,2026-10-04 04:32:51.356399+00:00,travelpayouts,one_way,month-matrix,0
YTO,Toronto,LON,London,2027-01-26 00:00:00+00:00,,,,300,USD,0,,2026-10-04 04:32:51.356399+00:00,travelpayouts,one_way,month-matrix,0
YTO,Toronto,LON,London,2027-01-27 00:00:00+00:00,,,,300,USD,0,,2026-10-04 04:32:51.356399+00:00,travelpayouts,one_way,month-matrix,0
YTO,Toronto,LON,London,2027-01-28 00:00:00+00:00,,,,300,USD,0,,2026-10-04 04:32:51.356399+00:00,travelpayouts,one_way,month-matrix,0
YTO,Toronto,LON,London,2027-01-29 00:00:00+00:00,,,,300,USD,0,,2026-10-04 04:32:51.356399+00:00,travelpayouts,one_way,month-matrix,0
YTO,Toronto,LON,London,2027-01-30 00:00:00+00:00,,,,300,USD,0,,2026-10-04 04:32:51.356399+00:00,travelpayouts,one_way,month-matrix,0
YTO,Toronto,LON,London,2027-01-18 00:00:00+00:00,,,,306,USD,1,,2026-10-04 04:32:51.356399+00:00,travelpayouts,one_way,month-matrix,1070
YTO,Toronto,LON,London,2027-02-01 03:45:00+00:00,,TP,262,294,USD,1,,2026-10-04 04:32:51.868465+00:00,travelpayouts,one_way,prices_for_dates,720
YTO,Toronto,LON,London,2027-01-19 03:45:00+00:00,,TP,262,306,USD,1,,2026-10-04 04:32:51.868465+00:00,travelpayouts,one_way,prices_for_dates,1070
YTO,Toronto,LON,London,2027-01-25 00:00:00+00:00,2027-01-31 00:00:00+00:00,,,477,USD,1,,2026-10-04 04:32:52.947222+00:00,travelpayouts,round_trip,month-matrix,2210
YTO,Toronto,LON,London,2027-01-25 00:00:00+00:00,2027-01-30 00:00:00+00:00,,,480,USD,0,,2026-10-04 04:32:52.947222+00:00,travelpayouts,round_trip,month-matrix,0
YTO,Toronto,LON,London,2027-01-25 00:00:00+00:00,2027-01-29 00:00:00+00:00,,,483,USD,1,,2026-10-04 04:32:52.947222+00:00,travelpayouts,round_trip,month-matrix,2210
YTO,Toronto,LON,London,2027-01-26 00:40:00+00:00,2027-01-31 20:35:00+00:00,FI,602,477,USD,1,,2026-10-04 04:32:53.456110+00:00,travelpayouts,round_trip,prices_for_dates,2210
YTO,Toronto,LON,London,2027-01-26 00:40:00+00:00,2027-01-29 20:35:00+00:00,FI,602,483,USD,1,,2026-10-04 04:32:53.456110+00:00,travelpayouts,round_trip,prices_for_dates,2210
YTO,Toronto,YVR,Vancouver,2026-10-30 00:00:00+00:00,,,,110,USD,1,,2026-10-04 04:32:54.522930+00:00,travelpayouts,one_way,month-matrix,460
YTO,Toronto,YVR,Vancouver,2026-10-29 00:00:00+00:00,,,,110,USD,0,,2026-10-04 04:32:54.522930+00:00,travelpayouts,one_way,month-matrix,0
YTO,Toronto,YVR,Vancouver,2026-10-28 00:00:00+00:00,,,,110,USD,1,,2026-10-04 04:32:54.522930+00:00,travelpayouts,one_way,month-matrix,460
YTO,Toronto,YVR,Vancouver,2026-10-21 00:00:00+00:00,,,,116,USD,0,,2026-10-04 04:32:54.522930+00:00,travelpayouts,one_way,month-matrix,310
YTO,Toronto,YVR,Vancouver,2026-10-24 00:00:00+00:00,,,,119,USD,0,,2026-10-04 04:32:54.522930+00:00,travelpayouts,one_way,month-matrix,0
YTO,Toronto,YVR,Vancouver,2026-10-25 00:00:00+00:00,,,,119,USD,0,,2026-10-04 04:32:54.522930+00:00,travelpayouts,one_way,month-matrix,0
YTO,Toronto,YVR,Vancouver,2026-10-26 00:00:00+00:00,,,,119,USD,0,,2026-10-04 04:32:54.522930+00:00,travelpayouts,one_way,month-matrix,0
YTO,Toronto,YVR,Vancouver,2026-10-27 00:00:00+00:00,,,,119,USD,0,,2026-10-04 04:32:54.522930+00:00,travelpayouts,one_way,month-matrix,0
YTO,Toronto,YVR,Vancouver,2026-10-31 00:00:00+00:00,,,,125,USD,0,,2026-10-04 04:32:54.522930+00:00,travelpayouts,one_way,month-matrix,330
YTO,Toronto,YVR,Vancouver,2026-10-23 00:00:00+00:00,,,,129,USD,0,,2026-10-04 04:32:54.522930+00:00,travelpayouts,one_way,month-matrix,310
YTO,Toronto,YVR,Vancouver,2026-10-22 00:00:00+00:00,,,,149,USD,0,,2026-10-04 04:32:54.522930+00:00,travelpayouts,one_way,month-matrix,310
YTO,Toronto,YVR,Vancouver,2026-10-20 00:00:00+00:00,,,,158,USD,0,,2026-10-04 04:32:54.522930+00:00,travelpayouts,one_way,month-matrix,0
YTO,Toronto,YVR,Vancouver,2026-10-17 00:00:00+00:00,,,,184,USD,0,,2026-10-04 04:32:54.522930+00:00,travelpayouts,one_way,month-matrix,310
YTO,Toronto,YVR,Vancouver,2026-10-07 00:00:00+00:00,,,,196,USD,1,,2026-10-04 04:32:54.522930+00:00,travelpayouts,one_way,month-matrix,495
YTO,Toronto,YVR,Vancouver,2026-10-16 00:00:00+00:00,,,,197,USD,0,,2026-10-04 04:32:54.522930+00:00,travelpayouts,one_way,month-matrix,310
YTO,Toronto,YVR,Vancouver,2026-10-19 00:00:00+00:00,,,,200,USD,0,,2026-10-04 04:32:54.522930+00:00,travelpayouts,one_way,month-matrix,310
YTO,Toronto,YVR,Vancouver,2026-10-18 00:00:00+00:00,,,,206,USD,1,,2026-10-04 04:32:54.522930+00:00,travelpayouts,one_way,month-matrix,495
YTO,Toronto,YVR,Vancouver,2026-10-15 00:00:00+00:00,,,,211,USD,0,,2026-10-04 04:32:54.522930+00:00,travelpayouts,one_way,month-matrix,310
YTO,Toronto,YVR,Vancouver,2026-10-11 00:00:00+00:00,,,,213,USD,1,,2026-10-04 04:32:54.522930+00:00,travelpayouts,one_way,month-matrix,495
YTO,Toronto,YVR,Vancouver,2026-10-14 00:00:00+00:00,,,,219,USD,1,,2026-10-04 04:32:54.522930+00:00,travelpayouts,one_way,month-matrix,495
YTO,Toronto,YVR,Vancouver,2026-10-10 00:00:00+00:00,,,,235,USD,1,,2026-10-04 04:32:54.522930+00:00,travelpayouts,one_way,month-matrix,630
YTO,Toronto,YVR,Vancouver,2026-10-06 00:00:00+00:00,,,,240,USD,0,,2026-10-04 04:32:54.522930+00:00,travelpayouts,one_way,month-matrix,0
YTO,Toronto,YVR,Vancouver,2026-10-12 00:00:00+00:00,,,,250,USD,0,,2026-10-04 04:32:54.522930+00:00,travelpayouts,one_way,month-matrix,310
YTO,Toronto,YVR,Vancouver,2026-10-08 00:00:00+00:00,,,,251,USD,1,,2026-10-04 04:32:54.522930+00:00,travelpayouts,one_way,month-matrix,565
YTO,Toronto,YVR,Vancouver,2026-10-04 00:00:00+00:00,,,,254,USD,0,,2026-10-04 04:32:54.522930+00:00,travelpayouts,one_way,month-matrix,310
YTO,Toronto,YVR,Vancouver,2026-10-05 00:00:00+00:00,,,,284,USD,0,,2026-10-04 04:32:54.522930+00:00,travelpayouts,one_way,month-matrix,310
YTO,Toronto,YVR,Vancouver,2026-10-09 00:00:00+00:00,,,,307,USD,0,,2026-10-04 04:32:54.522930+00:00,travelpayouts,one_way,month-matrix,310
YTO,Toronto,YVR,Vancouver,2026-10-13 00:00:00+00:00,,,,333,USD,0,,2026-10-04 04:32:54.522930+00:00,travelpayouts,one_way,month-matrix,314
YTO,Toronto,YVR,Vancouver,2026-10-30 10:45:00+00:00,,PD,2529,110,USD,1,,2026-10-04 04:32:55.043057+00:00,travelpayouts,one_way,prices_for_dates,460
YTO,Toronto,YVR,Vancouver,2026-10-28 10:45:00+00:00,,PD,2529,110,USD,1,,2026-10-04 04:32:55.043057+00:00,travelpayouts,one_way,prices_for_dates,460
YTO,Toronto,YVR,Vancouver,2026-10-22 01:15:00+00:00,,F8,603,116,USD,0,,2026-10-04 04:32:55.043057+00:00,travelpayouts,one_way,prices_for_dates,310
YTO,Toronto,YVR,Vancouver,2026-11-01 01:00:00+00:00,,F8,613,125,USD,0,,2026-10-04 04:32:55.043057+00:00,travelpayouts,one_way,prices_for_dates,330
YTO,Toronto,YVR,Vancouver,2026-10-23 13:40:00+00:00,,F8,605,129,USD,0,,2026-10-04 04:32:55.043057+00:00,travelpayouts,one_way,prices_for_dates,310
YTO,Toronto,YVR,Vancouver,2026-10-22 13:40:00+00:00,,F8,605,149,USD,0,,2026-10-04 04:32:55.043057+00:00,travelpayouts,one_way,prices_for_dates,310
YTO,Toronto,YVR,Vancouver,2026-10-17 11:40:00+00:00,,F8,601,184,USD,0,,2026-10-04 04:32:55.043057+00:00,travelpayouts,one_way,prices_for_dates,310
YTO,Toronto,YVR,Vancouver,2026-10-07 10:05:00+00:00,,PD,2438,196,USD,1,,2026-10-04 04:32:55.043057+00:00,travelpayouts,one_way,prices_for_dates,495
YTO,Toronto,YVR,Vancouver,2026-10-16 11:40:00+00:00,,F8,601,197,USD,0,,2026-10-04 04:32:55.043057+00:00,travelpayouts,one_way,prices_for_dates,310
YTO,Toronto,YVR,Vancouver,2026-10-19 11:40:00+00:00,,F8,601,200,USD,0,,2026-10-04 04:32:55.043057+00:00,travelpayouts,one_way,prices_for_dates,310
YTO,Toronto,YVR,Vancouver,2026-10-18 10:05:00+00:00,,PD,2438,206,USD,1,,2026-10-04 04:32:55.043057+00:00,travelpayouts,one_way,prices_for_dates,495
YTO,Toronto,YVR,Vancouver,2026-10-15 23:55:00+00:00,,F8,607,211,USD,0,,2026-10-04 04:32:55.043057+00:00,travelpayouts,one_way,prices_for_dates,310
YTO,Toronto,YVR,Vancouver,2026-10-11 10:05:00+00:00,,PD,2438,213,USD,1,,2026-10-04 04:32:55.043057+00:00,travelpayouts,one_way,prices_for_dates,495
YTO,Toronto,YVR,Vancouver,2026-10-14 10:05:00+00:00,,PD,2438,219,USD,1,,2026-10-04 04:32:55.043057+00:00,travelpayouts,one_way,prices_for_dates,495
YTO,Toronto,YVR,Vancouver,2026-10-10 18:05:00+00:00,,PD,2525,235,USD,1,,2026-10-04 04:32:55.043057+00:00,travelpayouts,one_way,prices_for_dates,630
YTO,Toronto,YVR,Vancouver,2026-10-12 11:40:00+00:00,,F8,601,250,USD,0,,2026-10-04 04:32:55.043057+00:00,travelpayouts,one_way,prices_for_dates,310
YTO,Toronto,YVR,Vancouver,2026-10-08 10:10:00+00:00,,WS,437,251,USD,1,,2026-10-04 04:32:55.043057+00:00,travelpayouts,one_way,prices_for_dates,565
YTO,Toronto,YVR,Vancouver,2026-10-04 15:55:00+00:00,,F8,609,254,USD,0,,2026-10-04 04:32:55.043057+00:00,travelpayouts,one_way,prices_for_dates,310
YTO,Toronto,YVR,Vancouver,2026-10-05 11:40:00+00:00,,F8,601,284,USD,0,,2026-10-04 04:32:55.043057+00:00,travelpayouts,one_way,prices_for_dates,310
YTO,Toronto,YVR,Vancouver,2026-10-09 15:55:00+00:00,,F8,609,307,USD,0,,2026-10-04 04:32:55.043057+00:00,travelpayouts,one_way,prices_for_dates,310
YTO,Toronto,YVR,Vancouver,2026-10-14 02:30:00+00:00,,WS,731,333,USD,0,,2026-10-04 04:32:55.043057+00:00,travelpayouts,one_way,prices_for_dates,314
YTO,Toronto,YVR,Vancouver,2026-10-29 00:00:00+00:00,,,,118,USD,0,,2026-10-04 04:32:55.540640+00:00,travelpayouts,one_way,latest,0
YTO,Toronto,YVR,Vancouver,2026-10-30 00:00:00+00:00,,,,126,USD,0,,2026-10-04 04:32:55.540640+00:00,travelpayouts,one_way,latest,330
YTO,Toronto,YVR,Vancouver,2026-10-21 00:00:00+00:00,,,,136,USD,0,,2026-10-04 04:32:55.540640+00:00,travelpayouts,one_way,latest,308
YTO,Toronto,YVR,Vancouver,2026-10-20 00:00:00+00:00,,,,168,USD,0,,2026-10-04 04:32:55.540640+00:00,travelpayouts,one_way,latest,0
YTO,Toronto,YVR,Vancouver,2026-10-16 00:00:00+00:00,,,,180,USD,1,,2026-10-04 04:32:55.540640+00:00,travelpayouts,one_way,latest,530
YTO,Toronto,YVR,Vancouver,2026-10-12 00:00:00+00:00,,,,260,USD,0,,2026-10-04 04:32:55.540640+00:00,travelpayouts,one_way,latest,314
YTO,Toronto,YVR,Vancouver,2026-10-07 00:00:00+00:00,,,,280,USD,0,,2026-10-04 04:32:55.540640+00:00,travelpayouts,one_way,latest,309
YTO,Toronto,YVR,Vancouver,2026-10-06 00:00:00+00:00,,,,282,USD,0,,2026-10-04 04:32:55.540640+00:00,travelpayouts,one_way,latest,0
YTO,Toronto,YVR,Vancouver,2026-10-04 00:00:00+00:00,,,,282,USD,0,,2026-10-04 04:32:55.540640+00:00,travelpayouts,one_way,latest,310
YTO,Toronto,YVR,Vancouver,2026-10-09 00:00:00+00:00,,,,346,USD,0,,2026-10-04 04:32:55.540640+00:00,travelpayouts,one_way,latest,310
YTO,Toronto,YVR,Vancouver,2026-10-25 00:00:00+00:00,2026-10-28 00:00:00+00:00,,,215,USD,1,,2026-10-04 04:32:56.096055+00:00,travelpayouts,round_trip,month-matrix,1015
YTO,Toronto,YVR,Vancouver,2026-10-23 00:00:00+00:00,2026-10-30 00:00:00+00:00,,,219,USD,1,,2026-10-04 04:32:56.096055+00:00,travelpayouts,round_trip,month-matrix,835
YTO,Toronto,YVR,Vancouver,2026-10-20 00:00:00+00:00,2026-10-23 00:00:00+00:00,,,223,USD,1,,2026-10-04 04:32:56.096055+00:00,travelpayouts,round_trip,month-matrix,1155
YTO,Toronto,YVR,Vancouver,2026-10-19 00:00:00+00:00,2026-10-22 00:00:00+00:00,,,235,USD,1,,2026-10-04 04:32:56.096055+00:00,travelpayouts,round_trip,month-matrix,880
YTO,Toronto,YVR,Vancouver,2026-10-22 00:00:00+00:00,2026-10-30 00:00:00+00:00,,,241,USD,1,,2026-10-04 04:32:56.096055+00:00,travelpayouts,round_trip,month-matrix,830
YTO,Toronto,YVR,Vancouver,2026-10-26 00:00:00+00:00,2026-10-28 00:00:00+00:00,,,258,USD,1,,2026-10-04 04:32:56.096055+00:00,travelpayouts,round_trip,month-matrix,885
YTO,Toronto,YVR,Vancouver,2026-10-17 00:00:00+00:00,2026-10-20 00:00:00+00:00,,,290,USD,1,,2026-10-04 04:32:56.096055+00:00,travelpayouts,round_trip,month-matrix,735
YTO,Toronto,YVR,Vancouver,2026-10-16 00:00:00+00:00,2026-10-19 00:00:00+00:00,,,309,USD,1,,2026-10-04 04:32:56.096055+00:00,travelpayouts,round_trip,month-matrix,878
YTO,Toronto,YVR,Vancouver,2026-10-14 00:00:00+00:00,2026-10-17 00:00:00+00:00,,,337,USD,1,,2026-10-04 04:32:56.096055+00:00,travelpayouts,round_trip,month-matrix,1200
YTO,Toronto,YVR,Vancouver,2026-10-11 00:00:00+00:00,2026-10-14 00:00:00+00:00,,,342,USD,1,,2026-10-04 04:32:56.096055+00:00,travelpayouts,round_trip,month-matrix,775
YTO,Toronto,YVR,Vancouver,2026-10-08 00:00:00+00:00,2026-10-08 00:00:00+00:00,,,497,USD,1,,2026-10-04 04:32:56.096055+00:00,travelpayouts,round_trip,month-matrix,750
YTO,Toronto,YVR,Vancouver,2026-10-09 00:00:00+00:00,2026-10-16 00:00:00+00:00,,,506,USD,1,,2026-10-04 04:32:56.096055+00:00,travelpayouts,round_trip,month-matrix,748
YTO,Toronto,YVR,Vancouver,2026-10-25 10:05:00+00:00,2026-10-28 17:30:00+00:00,PD,2438,215,USD,1,,2026-10-04 04:32:56.597264+00:00,travelpayouts,round_trip,prices_for_dates,1015
YTO,Toronto,YVR,Vancouver,2026-10-23 12:15:00+00:00,2026-10-31 03:55:00+00:00,WS,709,219,USD,0,,2026-10-04 04:32:56.597264+00:00,travelpayouts,round_trip,prices_for_dates,835
YTO,Toronto,YVR,Vancouver,2026-10-20 18:05:00+00:00,2026-10-23 16:50:00+00:00,P3,2525,223,USD,1,,2026-10-04 04:32:56.597264+00:00,travelpayouts,round_trip,prices_for_dates,1155
YTO,Toronto,YVR,Vancouver,2026-10-19 11:40:00+00:00,2026-10-22 14:00:00+00:00,F8,601,235,USD,0,,2026-10-04 04:32:56.597264+00:00,travelpayouts,round_trip,prices_for_dates,880
YTO,Toronto,YVR,Vancouver,2026-10-22 17:55:00+00:00,2026-10-31 03:55:00+00:00,F8,611,241,USD,0,,2026-10-04 04:32:56.597264+00:00,travelpayouts,round_trip,prices_for_dates,830
YTO,Toronto,YVR,Vancouver,2026-10-26 11:00:00+00:00,2026-10-28 17:30:00+00:00,PD,2205,258,USD,1,,2026-10-04 04:32:56.597264+00:00,travelpayouts,round_trip,prices_for_dates,885
YTO,Toronto,YVR,Vancouver,2026-10-17 13:40:00+00:00,2026-10-20 16:50:00+00:00,F8,605,290,USD,0,,2026-10-04 04:32:56.597264+00:00,travelpayouts,round_trip,prices_for_dates,735
YTO,Toronto,YVR,Vancouver,2026-10-16 20:55:00+00:00,2026-10-19 14:00:00+00:00,PD,2259,309,USD,1,,2026-10-04 04:32:56.597264+00:00,travelpayouts,round_trip,prices_for_dates,878
YTO,Toronto,YVR,Vancouver,2026-10-14 18:05:00+00:00,2026-10-17 14:00:00+00:00,P3,2525,337,USD,1,,2026-10-04 04:32:56.597264+00:00,travelpayouts,round_trip,prices_for_dates,1200
YTO,Toronto,YVR,Vancouver,2026-10-11 10:05:00+00:00,2026-10-15 05:45:00+00:00,P3,2438,342,USD,1,,2026-10-04 04:32:56.597264+00:00,travelpayouts,round_trip,prices_for_dates,775
YTO,Toronto,YVR,Vancouver,2026-10-08 11:40:00+00:00,2026-10-08 19:05:00+00:00,F8,601,497,USD,0,,2026-10-04 04:32:56.597264+00:00,travelpayouts,round_trip,prices_for_dates,750
YTO,Toronto,YVR,Vancouver,2026-10-09 11:40:00+00:00,2026-10-16 14:00:00+00:00,F8,601,506,USD,0,,2026-10-04 04:32:56.597264+00:00,travelpayouts,round_trip,prices_for_dates,748
YTO,Toronto,YVR,Vancouver,2026-10-19 00:00:00+00:00,2026-10-22 00:00:00+00:00,,,248,USD,0,,2026-10-04 04:32:57.145034+00:00,travelpayouts,round_trip,latest,585
YTO,Toronto,YVR,Vancouver,2026-10-16 00:00:00+00:00,2026-10-19 00:00:00+00:00,,,328,USD,0,,2026-10-04 04:32:57.145034+00:00,travelpayouts,round_trip,latest,583
YTO,Toronto,YVR,Vancouver,2026-11-04 00:00:00+00:00,,,,109,USD,1,,2026-10-04 04:32:57.627279+00:00,travelpayouts,one_way,month-matrix,460
YTO,Toronto,YVR,Vancouver,2026-11-13 00:00:00+00:00,,,,109,USD,1,,2026-10-04 04:32:57.627279+00:00,travelpayouts,one_way,month-matrix,460
YTO,Toronto,YVR,Vancouver,2026-11-03 00:00:00+00:00,,,,111,USD,0,,2026-10-04 04:32:57.627279+00:00,travelpayouts,one_way,month-matrix,0
YTO,Toronto,YVR,Vancouver,2026-11-02 00:00:00+00:00,,,,112,USD,0,,2026-10-04 04:32:57.627279+00:00,travelpayouts,one_way,month-matrix,330
YTO,Toronto,YVR,Vancouver,2026-11-05 00:00:00+00:00,,,,113,USD,0,,2026-10-04 04:32:57.627279+00:00,travelpayouts,one_way,month-matrix,0
YTO,Toronto,YVR,Vancouver,2026-11-07 00:00:00+00:00,,,,113,USD,0,,2026-10-04 04:32:57.627279+00:00,travelpayouts,one_way,month-matrix,0
YTO,Toronto,YVR,Vancouver,2026-11-08 00:00:00+00:00,,,,113,USD,0,,2026-10-04 04:32:57.627279+00:00,travelpayouts,one_way,month-matrix,0
YTO,Toronto,YVR,Vancouver,2026-11-09 00:00:00+00:00,,,,113,USD,0,,2026-10-04 04:32:57.627279+00:00,travelpayouts,one_way,month-matrix,0
YTO,Toronto,YVR,Vancouver,2026-11-10 00:00:00+00:00,,,,113,USD,0,,2026-10-04 04:32:57.627279+00:00,travelpayouts,one_way,month-matrix,0
YTO,Toronto,YVR,Vancouver,2026-11-11 00:00:00+00:00,,,,113,USD,0,,2026-10-04 04:32:57.627279+00:00,travelpayouts,one_way,month-matrix,0
YTO,Toronto,YVR,Vancouver,2026-11-12 00:00:00+00:00,,,,113,USD,0,,2026-10-04 04:32:57.627279+00:00,travelpayouts,one_way,month-matrix,0
YTO,Toronto,YVR,Vancouver,2026-11-06 00:00:00+00:00,,,,116,USD,0,,2026-10-04 04:32:57.627279+00:00,travelpayouts,one_way,month-matrix,330
YTO,Toronto,YVR,Vancouver,2026-11-14 00:00:00+00:00,,,,117,USD,0,,2026-10-04 04:32:57.627279+00:00,travelpayouts,one_way,month-matrix,0
YTO,Toronto,YVR,Vancouver,2026-11-15 00:00:00+00:00,,,,117,USD,0,,2026-10-04 04:32:57.627279+00:00,travelpayouts,one_way,month-matrix,0
YTO,Toronto,YVR,Vancouver,2026-11-16 00:00:00+00:00,,,,117,USD,0,,2026-10-04 04:32:57.627279+00:00,travelpayouts,one_way,month-matrix,0
YTO,Toronto,YVR,Vancouver,2026-11-17 00:00:00+00:00,,,,117,USD,0,,2026-10-04 04:32:57.627279+00:00,travelpayouts,one_way,month-matrix,0
YTO,Toronto,YVR,Vancouver,2026-11-18 00:00:00+00:00,,,,117,USD,0,,2026-10-04 04:32:57.627279+00:00,travelpayouts,one_way,month-matrix,0
YTO,Toronto,YVR,Vancouver,2026-11-19 00:00:00+00:00,,,,117,USD,0,,2026-10-04 04:32:57.627279+00:00,travelpayouts,one_way,month-matrix,0
YTO,Toronto,YVR,Vancouver,2026-11-20 00:00:00+00:00,,,,117,USD,0,,2026-10-04 04:32:57.627279+00:00,travelpayouts,one_way,month-matrix,0
YTO,Toronto,YVR,Vancouver,2026-11-21 00:00:00+00:00,,,,117,USD,0,,2026-10-04 04:32:57.627279+00:00,travelpayouts,one_way,month-matrix,0
YTO,Toronto,YVR,Vancouver,2026-11-22 00:00:00+00:00,,,,117,USD,0,,2026-10-04 04:32:57.627279+00:00,travelpayouts,one_way,month-matrix,0
YTO,Toronto,YVR,Vancouver,2026-11-23 00:00:00+00:00,,,,117,USD,0,,2026-10-04 04:32:57.627279+00:00,travelpayouts,one_way,month-matrix,0
YTO,Toronto,YVR,Vancouver,2026-11-24 00:00:00+00:00,,,,117,USD,0,,2026-10-04 04:32:57.627279+00:00,travelpayouts,one_way,month-matrix,0
YTO,Toronto,YVR,Vancouver,2026-11-25 00:00:00+00:00,,,,117,USD,0,,2026-10-04 04:32:57.627279+00:00,travelpayouts,one_way,month-matrix,0
YTO,Toronto,YVR,Vancouver,2026-11-26 00:00:00+00:00,,,,125,USD,0,,2026-10-04 04:32:57.627279+00:00,travelpayouts,one_way,month-matrix,330
YTO,Toronto,YVR,Vancouver,2026-11-01 00:00:00+00:00,,,,125,USD,0,,2026-10-04 04:32:57.627279+00:00,travelpayouts,one_way,month-matrix,330
YTO,Toronto,YVR,Vancouver,2026-11-04 11:45:00+00:00,,PD,2529,109,USD,1,,2026-10-04 04:32:58.130547+00:00,travelpayouts,one_way,prices_for_dates,460
YTO,Toronto,YVR,Vancouver,2026-11-13 11:45:00+00:00,,P3,2529,109,USD,1,,2026-10-04 04:32:58.130547+00:00,travelpayouts,one_way,prices_for_dates,460
YTO,Toronto,YVR,Vancouver,2026-11-02 14:00:00+00:00,,F8,611,112,USD,0,,2026-10-04 04:32:58.130547+00:00,travelpayouts,one_way,prices_for_dates,330
YTO,Toronto,YVR,Vancouver,2026-11-07 02:00:00+00:00,,F8,613,116,USD,0,,2026-10-04 04:32:58.130547+00:00,travelpayouts,one_way,prices_for_dates,330
YTO,Toronto,YVR,Vancouver,2026-11-26 14:00:00+00:00,,F8,611,125,USD,0,,2026-10-04 04:32:58.130547+00:00,travelpayouts,one_way,prices_for_dates,330
YTO,Toronto,YVR,Vancouver,2026-11-02 02:00:00+00:00,,F8,613,125,USD,0,,2026-10-04 04:32:58.130547+00:00,travelpayouts,one_way,prices_for_dates,330
YTO,Toronto,YVR,Vancouver,2026-11-05 00:00:00+00:00,,,,126,USD,0,,2026-10-04 04:32:58.656804+00:00,travelpayouts,one_way,latest,0
YTO,Toronto,YVR,Vancouver,2026-11-02 00:00:00+00:00,,,,131,USD,1,,2026-10-04 04:32:58.656804+00:00,travelpayouts,one_way,latest,460
YTO,Toronto,YVR,Vancouver,2026-11-03 00:00:00+00:00,,,,134,USD,0,,2026-10-04 04:32:58.656804+00:00,travelpayouts,one_way,latest,0
YTO,Toronto,YVR,Vancouver,2026-11-04 00:00:00+00:00,,,,136,USD,1,,2026-10-04 04:32:58.656804+00:00,travelpayouts,one_way,latest,460
YTO,Toronto,YVR,Vancouver,2026-11-01 00:00:00+00:00,2026-11-07 00:00:00+00:00,,,209,USD,0,,2026-10-04 04:32:59.180475+00:00,travelpayouts,round_trip,month-matrix,597
YTO,Toronto,YVR,Vancouver,2026-11-01 12:05:00+00:00,2026-11-08 07:30:00+00:00,PD,481,209,USD,0,,2026-10-04 04:32:59.704119+00:00,travelpayouts,round_trip,prices_for_dates,597
YTO,Toronto,YVR,Vancouver,2026-12-15 00:00:00+00:00,,,,135,USD,1,,2026-10-04 04:33:00.752203+00:00,travelpayouts,one_way,month-matrix,440
YTO,Toronto,YVR,Vancouver,2026-12-16 00:00:00+00:00,,,,227,USD,0,,2026-10-04 04:33:00.752203+00:00,travelpayouts,one_way,month-matrix,0
YTO,Toronto,YVR,Vancouver,2026-12-17 00:00:00+00:00,,,,227,USD,0,,2026-10-04 04:33:00.752203+00:00,travelpayouts,one_way,month-matrix,0
YTO,Toronto,YVR,Vancouver,2026-12-18 00:00:00+00:00,,,,227,USD,0,,2026-10-04 04:33:00.752203+00:00,travelpayouts,one_way,month-matrix,0
YTO,Toronto,YVR,Vancouver,2026-12-19 00:00:00+00:00,,,,227,USD,0,,2026-10-04 04:33:00.752203+00:00,travelpayouts,one_way,month-matrix,0
YTO,Toronto,YVR,Vancouver,2026-12-20 00:00:00+00:00,,,,318,USD,0,,2026-10-04 04:33:00.752203+00:00,travelpayouts,one_way,month-matrix,325
YTO,Toronto,YVR,Vancouver,2026-12-15 12:00:00+00:00,,PD,2205,135,USD,1,,2026-10-04 04:33:01.277835+00:00,travelpayouts,one_way,prices_for_dates,440
YTO,Toronto,YVR,Vancouver,2026-12-21 02:30:00+00:00,,PD,319,318,USD,0,,2026-10-04 04:33:01.277835+00:00,travelpayouts,one_way,prices_for_dates,325
YTO,Toronto,YVR,Vancouver,2026-12-01 00:00:00+00:00,2026-12-01 00:00:00+00:00,,,217,USD,1,,2026-10-04 04:33:02.323415+00:00,travelpayouts,round_trip,month-matrix,730
YTO,Toronto,YVR,Vancouver,2026-12-08 00:00:00+00:00,2027-01-04 00:00:00+00:00,,,291,USD,0,,2026-10-04 04:33:02.323415+00:00,travelpayouts,round_trip,month-matrix,600
YTO,Toronto,YVR,Vancouver,2026-12-24 00:00:00+00:00,2027-01-09 00:00:00+00:00,,,333,USD,0,,2026-10-04 04:33:02.323415+00:00,travelpayouts,round_trip,month-matrix,602
YTO,Toronto,YVR,Vancouver,2026-12-08 00:00:00+00:00,2027-01-03 00:00:00+00:00,,,337,USD,1,,2026-10-04 04:33:02.323415+00:00,travelpayouts,round_trip,month-matrix,880
YTO,Toronto,YVR,Vancouver,2026-12-23 00:00:00+00:00,2026-12-28 00:00:00+00:00,,,389,USD,1,,2026-10-04 04:33:02.323415+00:00,travelpayouts,round_trip,month-matrix,727
YTO,Toronto,YVR,Vancouver,2026-12-01 11:45:00+00:00,2026-12-02 07:30:00+00:00,PD,2529,217,USD,1,,2026-10-04 04:33:02.847951+00:00,travelpayouts,round_trip,prices_for_dates,730
YTO,Toronto,YVR,Vancouver,2026-12-09 03:20:00+00:00,2027-01-05 01:55:00+00:00,WS,737,291,USD,0,,2026-10-04 04:33:02.847951+00:00,travelpayouts,round_trip,prices_for_dates,600
YTO,Toronto,YVR,Vancouver,2026-12-24 12:05:00+00:00,2027-01-09 09:15:00+00:00,PD,7481,333,USD,0,,2026-10-04 04:33:02.847951+00:00,travelpayouts,round_trip,prices_for_dates,602
YTO,Toronto,YVR,Vancouver,2026-12-09 03:20:00+00:00,2027-01-04 05:55:00+00:00,WS,737,337,USD,0,,2026-10-04 04:33:02.847951+00:00,travelpayouts,round_trip,prices_for_dates,880
YTO,Toronto,YVR,Vancouver,2026-12-24 01:30:00+00:00,2026-12-28 09:15:00+00:00,AC,7976,389,USD,1,,2026-10-04 04:33:02.847951+00:00,travelpayouts,round_trip,prices_for_dates,727
YTO,Toronto,YVR,Vancouver,2027-01-26 00:00:00+00:00,,,,126,USD,0,,2026-10-04 04:33:03.893782+00:00,travelpayouts,one_way,month-matrix,330
YTO,Toronto,YVR,Vancouver,2027-01-17 00:00:00+00:00,,,,133,USD,0,,2026-10-04 04:33:03.893782+00:00,travelpayouts,one_way,month-matrix,0
YTO,Toronto,YVR,Vancouver,2027-01-18 00:00:00+00:00,,,,133,USD,0,,2026-10-04 04:33:03.893782+00:00,travelpayouts,one_way,month-matrix,0
YTO,Toronto,YVR,Vancouver,2027-01-19 00:00:00+00:00,,,,133,USD,0,,2026-10-04 04:33:03.893782+00:00,travelpayouts,one_way,month-matrix,0
YTO,Toronto,YVR,Vancouver,2027-01-20 00:00:00+00:00,,,,133,USD,0,,2026-10-04 04:33:03.893782+00:00,travelpayouts,one_way,month-matrix,0
YTO,Toronto,YVR,Vancouver,2027-01-21 00:00:00+00:00,,,,133,USD,0,,2026-10-04 04:33:03.893782+00:00,travelpayouts,one_way,month-matrix,0
YTO,Toronto,YVR,Vancouver,2027-01-22 00:00:00+00:00,,,,133,USD,0,,2026-10-04 04:33:03.893782+00:00,travelpayouts,one_way,month-matrix,0
YTO,Toronto,YVR,Vancouver,2027-01-23 00:00:00+00:00,,,,133,USD,0,,2026-10-04 04:33:03.893782+00:00,travelpayouts,one_way,month-matrix,0
YTO,Toronto,YVR,Vancouver,2027-01-24 00:00:00+00:00,,,,133,USD,0,,2026-10-04 04:33:03.893782+00:00,travelpayouts,one_way,month-matrix,0
YTO,Toronto,YVR,Vancouver,2027-01-25 00:00:00+00:00,,,,133,USD,0,,2026-10-04 04:33:03.893782+00:00,travelpayouts,one_way,month-matrix,0
YTO,Toronto,YVR,Vancouver,2027-01-16 00:00:00+00:00,,,,140,USD,1,,2026-10-04 04:33:03.893782+00:00,travelpayouts,one_way,month-matrix,500
YTO,Toronto,YVR,Vancouver,2027-01-08 00:00:00+00:00,,,,144,USD,1,,2026-10-04 04:33:03.893782+00:00,travelpayouts,one_way,month-matrix,460
YTO,Toronto,YVR,Vancouver,2027-01-13 00:00:00+00:00,,,,144,USD,0,,2026-10-04 04:33:03.893782+00:00,travelpayouts,one_way,month-matrix,0
YTO,Toronto,YVR,Vancouver,2027-01-14 00:00:00+00:00,,,,144,USD,0,,2026-10-04 04:33:03.893782+00:00,travelpayouts,one_way,month-matrix,0
YTO,Toronto,YVR,Vancouver,2027-01-15 00:00:00+00:00,,,,144,USD,0,,2026-10-04 04:33:03.893782+00:00,travelpayouts,one_way,month-matrix,0
YTO,Toronto,YVR,Vancouver,2027-01-09 00:00:00+00:00,,,,147,USD,0,,2026-10-04 04:33:03.893782+00:00,travelpayouts,one_way,month-matrix,0
YTO,Toronto,YVR,Vancouver,2027-01-10 00:00:00+00:00,,,,147,USD,0,,2026-10-04 04:33:03.893782+00:00,travelpayouts,one_way,month-matrix,0
YTO,Toronto,YVR,Vancouver,2027-01-11 00:00:00+00:00,,,,147,USD,0,,2026-10-04 04:33:03.893782+00:00,travelpayouts,one_way,month-matrix,0
YTO,Toronto,YVR,Vancouver,2027-01-12 00:00:00+00:00,,,,149,USD,0,,2026-10-04 04:33:03.893782+00:00,travelpayouts,one_way,month-matrix,330
YTO,Toronto,YVR,Vancouver,2027-01-02 00:00:00+00:00,,,,220,USD,0,,2026-10-04 04:33:03.893782+00:00,travelpayouts,one_way,month-matrix,0
YTO,Toronto,YVR,Vancouver,2027-01-03 00:00:00+00:00,,,,220,USD,0,,2026-10-04 04:33:03.893782+00:00,travelpayouts,one_way,month-matrix,0
YTO,Toronto,YVR,Vancouver,2027-01-04 00:00:00+00:00,,,,220,USD,0,,2026-10-04 04:33:03.893782+00:00,travelpayouts,one_way,month-matrix,0
YTO,Toronto,YVR,Vancouver,2027-01-05 00:00:00+00:00,,,,220,USD,0,,2026-10-04 04:33:03.893782+00:00,travelpayouts,one_way,month-matrix,0
YTO,Toronto,YVR,Vancouver,2027-01-06 00:00:00+00:00,,,,220,USD,0,,2026-10-04 04:33:03.893782+00:00,travelpayouts,one_way,month-matrix,0
YTO,Toronto,YVR,Vancouver,2027-01-07 00:00:00+00:00,,,,220,USD,0,,2026-10-04 04:33:03.893782+00:00,travelpayouts,one_way,month-matrix,0
YTO,Toronto,YVR,Vancouver,2027-01-01 00:00:00+00:00,,,,296,USD,0,,2026-10-04 04:33:03.893782+00:00,travelpayouts,one_way,month-matrix,327
YTO,Toronto,YVR,Vancouver,2027-01-27 02:00:00+00:00,,F8,613,126,USD,0,,2026-10-04 04:33:04.421812+00:00,travelpayouts,one_way,prices_for_dates,330
YTO,Toronto,YVR,Vancouver,2027-01-16 11:05:00+00:00,,PD,2438,140,USD,1,,2026-10-04 04:33:04.421812+00:00,travelpayouts,one_way,prices_for_dates,500
YTO,Toronto,YVR,Vancouver,2027-01-08 11:45:00+00:00,,P3,2529,144,USD,1,,2026-10-04 04:33:04.421812+00:00,travelpayouts,one_way,prices_for_dates,460
YTO,Toronto,YVR,Vancouver,2027-01-13 02:00:00+00:00,,F8,613,149,USD,0,,2026-10-04 04:33:04.421812+00:00,travelpayouts,one_way,prices_for_dates,330
YTO,Toronto,YVR,Vancouver,2027-01-01 12:05:00+00:00,,PD,7481,296,USD,0,,2026-10-04 04:33:04.421812+00:00,travelpayouts,one_way,prices_for_dates,327
YTO,Toronto,YVR,Vancouver,2027-01-06 00:00:00+00:00,2027-01-08 00:00:00+00:00,,,315,USD,1,,2026-10-04 04:33:05.471540+00:00,travelpayouts,round_trip,month-matrix,735
YTO,Toronto,YVR,Vancouver,2027-01-05 00:00:00+00:00,2027-01-07 00:00:00+00:00,,,362,USD,1,,2026-10-04 04:33:05.471540+00:00,travelpayouts,round_trip,month-matrix,988
YTO,Toronto,YVR,Vancouver,2027-01-06 11:45:00+00:00,2027-01-08 09:15:00+00:00,PD,2529,315,USD,1,,2026-10-04 04:33:05.994771+00:00,travelpayouts,round_trip,prices_for_dates,735
YTO,Toronto,YVR,Vancouver,2027-01-05 19:45:00+00:00,2027-01-07 19:30:00+00:00,PD,2471,362,USD,1,,2026-10-04 04:33:05.994771+00:00,travelpayouts,round_trip,prices_for_dates,988
YTO,Toronto,YMQ,Montreal,2026-10-15 00:00:00+00:00,,,,84,USD,0,,2026-10-04 04:33:07.108155+00:00,travelpayouts,one_way,month-matrix,75
YTO,Toronto,YMQ,Montreal,2026-10-29 00:00:00+00:00,,,,96,USD,0,,2026-10-04 04:33:07.108155+00:00,travelpayouts,one_way,month-matrix,92
YTO,Toronto,YMQ,Montreal,2026-10-07 00:00:00+00:00,,,,106,USD,0,,2026-10-04 04:33:07.108155+00:00,travelpayouts,one_way,month-matrix,75
YTO,Toronto,YMQ,Montreal,2026-10-20 00:00:00+00:00,,,,109,USD,0,,2026-10-04 04:33:07.108155+00:00,travelpayouts,one_way,month-matrix,0
YTO,Toronto,YMQ,Montreal,2026-10-21 00:00:00+00:00,,,,109,USD,0,,2026-10-04 04:33:07.108155+00:00,travelpayouts,one_way,month-matrix,0
YTO,Toronto,YMQ,Montreal,2026-10-22 00:00:00+00:00,,,,109,USD,0,,2026-10-04 04:33:07.108155+00:00,travelpayouts,one_way,month-matrix,0
YTO,Toronto,YMQ,Montreal,2026-10-23 00:00:00+00:00,,,,109,USD,0,,2026-10-04 04:33:07.108155+00:00,travelpayouts,one_way,month-matrix,0
YTO,Toronto,YMQ,Montreal,2026-10-24 00:00:00+00:00,,,,109,USD,0,,2026-10-04 04:33:07.108155+00:00,travelpayouts,one_way,month-matrix,0
YTO,Toronto,YMQ,Montreal,2026-10-25 00:00:00+00:00,,,,109,USD,0,,2026-10-04 04:33:07.108155+00:00,travelpayouts,one_way,month-matrix,0
YTO,Toronto,YMQ,Montreal,2026-10-26 00:00:00+00:00,,,,109,USD,0,,2026-10-04 04:33:07.108155+00:00,travelpayouts,one_way,month-matrix,0
YTO,Toronto,YMQ,Montreal,2026-10-27 00:00:00+00:00,,,,109,USD,0,,2026-10-04 04:33:07.108155+00:00,travelpayouts,one_way,month-matrix,0
YTO,Toronto,YMQ,Montreal,2026-10-28 00:00:00+00:00,,,,109,USD,0,,2026-10-04 04:33:07.108155+00:00,travelpayouts,one_way,month-matrix,0
YTO,Toronto,YMQ,Montreal,2026-10-12 00:00:00+00:00,,,,111,USD,0,,2026-10-04 04:33:07.108155+00:00,travelpayouts,one_way,month-matrix,85
YTO,Toronto,YMQ,Montreal,2026-10-16 00:00:00+00:00,,,,113,USD,0,,2026-10-04 04:33:07.108155+00:00,travelpayouts,one_way,month-matrix,85
YTO,Toronto,YMQ,Montreal,2026-10-10 00:00:00+00:00,,,,113,USD,0,,2026-10-04 04:33:07.108155+00:00,travelpayouts,one_way,month-matrix,85
YTO,Toronto,YMQ,Montreal,2026-10-11 00:00:00+00:00,,,,114,USD,0,,2026-10-04 04:33:07.108155+00:00,travelpayouts,one_way,month-matrix,85
YTO,Toronto,YMQ,Montreal,2026-10-08 00:00:00+00:00,,,,114,USD,0,,2026-10-04 04:33:07.108155+00:00,travelpayouts,one_way,month-matrix,85
YTO,Toronto,YMQ,Montreal,2026-10-17 00:00:00+00:00,,,,118,USD,0,,2026-10-04 04:33:07.108155+00:00,travelpayouts,one_way,month-matrix,0
YTO,Toronto,YMQ,Montreal,2026-10-18 00:00:00+00:00,,,,118,USD,0,,2026-10-04 04:33:07.108155+00:00,travelpayouts,one_way,month-matrix,0
YTO,Toronto,YMQ,Montreal,2026-10-09 00:00:00+00:00,,,,120,USD,0,,2026-10-04 04:33:07.108155+00:00,travelpayouts,one_way,month-matrix,85
YTO,Toronto,YMQ,Montreal,2026-10-19 00:00:00+00:00,,,,122,USD,0,,2026-10-04 04:33:07.108155+00:00,travelpayouts,one_way,month-matrix,75
YTO,Toronto,YMQ,Montreal,2026-10-13 00:00:00+00:00,,,,123,USD,0,,2026-10-04 04:33:07.108155+00:00,travelpayouts,one_way,month-matrix,75
YTO,Toronto,YMQ,Montreal,2026-10-14 00:00:00+00:00,,,,147,USD,0,,2026-10-04 04:33:07.108155+00:00,travelpayouts,one_way,month-matrix,75
YTO,Toronto,YMQ,Montreal,2026-10-06 00:00:00+00:00,,,,150,USD,0,,2026-10-04 04:33:07.108155+00:00,travelpayouts,one_way,month-matrix,0
YTO,Toronto,YMQ,Montreal,2026-10-05 00:00:00+00:00,,,,194,USD,0,,2026-10-04 04:33:07.108155+00:00,travelpayouts,one_way,month-matrix,85
YTO,Toronto,YMQ,Montreal,2026-10-15 14:00:00+00:00,,PD,2463,84,USD,0,,2026-10-04 04:33:07.620838+00:00,travelpayouts,one_way,prices_for_dates,75
YTO,Toronto,YMQ,Montreal,2026-10-29 10:05:00+00:00,,PD,2438,96,USD,0,,2026-10-04 04:33:07.620838+00:00,travelpayouts,one_way,prices_for_dates,92
YTO,Toronto,YMQ,Montreal,2026-10-07 14:00:00+00:00,,PD,2463,106,USD,0,,2026-10-04 04:33:07.620838+00:00,travelpayouts,one_way,prices_for_dates,75
YTO,Toronto,YMQ,Montreal,2026-10-12 10:05:00+00:00,,PD,2438,111,USD,0,,2026-10-04 04:33:07.620838+00:00,travelpayouts,one_way,prices_for_dates,85
YTO,Toronto,YMQ,Montreal,2026-10-16 19:45:00+00:00,,PD,7051,113,USD,0,,2026-10-04 04:33:07.620838+00:00,travelpayouts,one_way,prices_for_dates,85
YTO,Toronto,YMQ,Montreal,2026-10-10 10:05:00+00:00,,PD,2438,113,USD,0,,2026-10-04 04:33:07.620838+00:00,travelpayouts,one_way,prices_for_dates,85
YTO,Toronto,YMQ,Montreal,2026-10-11 10:05:00+00:00,,PD,2438,114,USD,0,,2026-10-04 04:33:07.620838+00:00,travelpayouts,one_way,prices_for_dates,85
YTO,Toronto,YMQ,Montreal,2026-10-08 10:05:00+00:00,,PD,2438,114,USD,0,,2026-10-04 04:33:07.620838+00:00,travelpayouts,one_way,prices_for_dates,85
YTO,Toronto,YMQ,Montreal,2026-10-10 03:00:00+00:00,,WS,858,120,USD,0,,2026-10-04 04:33:07.620838+00:00,travelpayouts,one_way,prices_for_dates,85
YTO,Toronto,YMQ,Montreal,2026-10-19 14:00:00+00:00,,PD,2463,122,USD,0,,2026-10-04 04:33:07.620838+00:00,travelpayouts,one_way,prices_for_dates,75
YTO,Toronto,YMQ,Montreal,2026-10-13 16:30:00+00:00,,AC,7962,123,USD,0,,2026-10-04 04:33:07.620838+00:00,travelpayouts,one_way,prices_for_dates,75
YTO,Toronto,YMQ,Montreal,2026-10-14 14:00:00+00:00,,PD,2463,147,USD,0,,2026-10-04 04:33:07.620838+00:00,travelpayouts,one_way,prices_for_dates,75
YTO,Toronto,YMQ,Montreal,2026-10-05 10:05:00+00:00,,PD,2438,194,USD,0,,2026-10-04 04:33:07.620838+00:00,travelpayouts,one_way,prices_for_dates,85
YTO,Toronto,YMQ,Montreal,2026-10-09 00:00:00+00:00,,,,119,USD,0,,2026-10-04 04:33:08.117538+00:00,travelpayouts,one_way,latest,85
YTO,Toronto,YMQ,Montreal,2026-10-10 00:00:00+00:00,,,,121,USD,0,,2026-10-04 04:33:08.117538+00:00,travelpayouts,one_way,latest,85
YTO,Toronto,YMQ,Montreal,2026-10-07 00:00:00+00:00,,,,128,USD,0,,2026-10-04 04:33:08.117538+00:00,travelpayouts,one_way,latest,75
YTO,Toronto,YMQ,Montreal,2026-10-14 00:00:00+00:00,,,,132,USD,0,,2026-10-04 04:33:08.117538+00:00,travelpayouts,one_way,latest,85
YTO,Toronto,YMQ,Montreal,2026-10-11 00:00:00+00:00,,,,133,USD,0,,2026-10-04 04:33:08.117538+00:00,travelpayouts,one_way,latest,85
YTO,Toronto,YMQ,Montreal,2026-10-12 00:00:00+00:00,,,,135,USD,0,,2026-10-04 04:33:08.117538+00:00,travelpayouts,one_way,latest,75
YTO,Toronto,YMQ,Montreal,2026-10-06 00:00:00+00:00,,,,161,USD,0,,2026-10-04 04:33:08.117538+00:00,travelpayouts,one_way,latest,0
YTO,Toronto,YMQ,Montreal,2026-10-15 00:00:00+00:00,,,,174,USD,0,,2026-10-04 04:33:08.117538+00:00,travelpayouts,one_way,latest,85
YTO,Toronto,YMQ,Montreal,2026-10-21 00:00:00+00:00,2026-10-23 00:00:00+00:00,,,121,USD,0,,2026-10-04 04:33:08.698007+00:00,travelpayouts,round_trip,month-matrix,171
YTO,Toronto,YMQ,Montreal,2026-10-20 00:00:00+00:00,2026-10-23 00:00:00+00:00,,,170,USD,0,,2026-10-04 04:33:08.698007+00:00,travelpayouts,round_trip,month-matrix,171
YTO,Toronto,YMQ,Montreal,2026-10-24 00:00:00+00:00,2026-10-24 00:00:00+00:00,,,185,USD,0,,2026-10-04 04:33:08.698007+00:00,travelpayouts,round_trip,month-matrix,170
YTO,Toronto,YMQ,Montreal,2026-10-15 00:00:00+00:00,2026-10-16 00:00:00+00:00,,,212,USD,0,,2026-10-04 04:33:08.698007+00:00,travelpayouts,round_trip,month-matrix,171
YTO,Toronto,YMQ,Montreal,2026-10-17 00:00:00+00:00,2026-10-17 00:00:00+00:00,,,214,USD,0,,2026-10-04 04:33:08.698007+00:00,travelpayouts,round_trip,month-matrix,175
YTO,Toronto,YMQ,Montreal,2026-10-21 00:00:00+00:00,2026-10-22 00:00:00+00:00,,,243,USD,0,,2026-10-04 04:33:08.698007+00:00,travelpayouts,round_trip,month-matrix,170
YTO,Toronto,YMQ,Montreal,2026-10-06 00:00:00+00:00,2026-10-09 00:00:00+00:00,,,250,USD,0,,2026-10-04 04:33:08.698007+00:00,travelpayouts,round_trip,month-matrix,175
YTO,Toronto,YMQ,Montreal,2026-10-11 00:00:00+00:00,2026-10-13 00:00:00+00:00,,,280,USD,0,,2026-10-04 04:33:08.698007+00:00,travelpayouts,round_trip,month-matrix,175
YTO,Toronto,YMQ,Montreal,2026-10-22 00:00:00+00:00,2026-10-23 00:00:00+00:00,,,286,USD,0,,2026-10-04 04:33:08.698007+00:00,travelpayouts,round_trip,month-matrix,170
YTO,Toronto,YMQ,Montreal,2026-10-23 00:00:00+00:00,2026-10-23 00:00:00+00:00,,,287,USD,0,,2026-10-04 04:33:08.698007+00:00,travelpayouts,round_trip,month-matrix,175
YTO,Toronto,YMQ,Montreal,2026-10-10 00:00:00+00:00,2026-10-12 00:00:00+00:00,,,335,USD,0,,2026-10-04 04:33:08.698007+00:00,travelpayouts,round_trip,month-matrix,171
YTO,Toronto,YMQ,Montreal,2026-10-21 10:05:00+00:00,2026-10-23 10:45:00+00:00,PD,2438,121,USD,0,,2026-10-04 04:33:09.176906+00:00,travelpayouts,round_trip,prices_for_dates,171
YTO,Toronto,YMQ,Montreal,2026-10-20 10:05:00+00:00,2026-10-23 10:45:00+00:00,PD,7091,170,USD,0,,2026-10-04 04:33:09.176906+00:00,travelpayouts,round_trip,prices_for_dates,171
YTO,Toronto,YMQ,Montreal,2026-10-24 11:55:00+00:00,2026-10-25 00:55:00+00:00,PD,141,185,USD,0,,2026-10-04 04:33:09.176906+00:00,travelpayouts,round_trip,prices_for_dates,170
YTO,Toronto,YMQ,Montreal,2026-10-15 19:45:00+00:00,2026-10-16 10:45:00+00:00,PD,7051,212,USD,0,,2026-10-04 04:33:09.176906+00:00,travelpayouts,round_trip,prices_for_dates,171
YTO,Toronto,YMQ,Montreal,2026-10-17 10:05:00+00:00,2026-10-18 00:55:00+00:00,P3,2438,214,USD,0,,2026-10-04 04:33:09.176906+00:00,travelpayouts,round_trip,prices_for_dates,175
YTO,Toronto,YMQ,Montreal,2026-10-21 10:05:00+00:00,2026-10-22 14:15:00+00:00,PD,7091,243,USD,0,,2026-10-04 04:33:09.176906+00:00,travelpayouts,round_trip,prices_for_dates,170
YTO,Toronto,YMQ,Montreal,2026-10-06 10:05:00+00:00,2026-10-10 00:55:00+00:00,PD,2438,250,USD,0,,2026-10-04 04:33:09.176906+00:00,travelpayouts,round_trip,prices_for_dates,175
YTO,Toronto,YMQ,Montreal,2026-10-12 03:00:00+00:00,2026-10-13 10:45:00+00:00,WS,858,280,USD,0,,2026-10-04 04:33:09.176906+00:00,travelpayouts,round_trip,prices_for_dates,175
YTO,Toronto,YMQ,Montreal,2026-10-22 19:45:00+00:00,2026-10-23 14:15:00+00:00,PD,7051,286,USD,0,,2026-10-04 04:33:09.176906+00:00,travelpayouts,round_trip,prices_for_dates,170
YTO,Toronto,YMQ,Montreal,2026-10-23 10:05:00+00:00,2026-10-24 00:55:00+00:00,P3,2438,287,USD,0,,2026-10-04 04:33:09.176906+00:00,travelpayouts,round_trip,prices_for_dates,175
YTO,Toronto,YMQ,Montreal,2026-10-10 10:05:00+00:00,2026-10-12 10:45:00+00:00,PD,2438,335,USD,0,,2026-10-04 04:33:09.176906+00:00,travelpayouts,round_trip,prices_for_dates,171
YTO,Toronto,YMQ,Montreal,2026-11-02 00:00:00+00:00,,,,90,USD,0,,2026-10-04 04:33:10.239370+00:00,travelpayouts,one_way,month-matrix,92
YTO,Toronto,YMQ,Montreal,2026-11-27 00:00:00+00:00,,,,93,USD,0,,2026-10-04 04:33:10.239370+00:00,travelpayouts,one_way,month-matrix,92
YTO,Toronto,YMQ,Montreal,2026-11-03 00:00:00+00:00,,,,95,USD,0,,2026-10-04 04:33:10.239370+00:00,travelpayouts,one_way,month-matrix,0
YTO,Toronto,YMQ,Montreal,2026-11-04 00:00:00+00:00,,,,95,USD,0,,2026-10-04 04:33:10.239370+00:00,travelpayouts,one_way,month-matrix,0
YTO,Toronto,YMQ,Montreal,2026-11-05 00:00:00+00:00,,,,95,USD,0,,2026-10-04 04:33:10.239370+00:00,travelpayouts,one_way,month-matrix,0
YTO,Toronto,YMQ,Montreal,2026-11-06 00:00:00+00:00,,,,95,USD,0,,2026-10-04 04:33:10.239370+00:00,travelpayouts,one_way,month-matrix,0
YTO,Toronto,YMQ,Montreal,2026-11-07 00:00:00+00:00,,,,95,USD,0,,2026-10-04 04:33:10.239370+00:00,travelpayouts,one_way,month-matrix,0
YTO,Toronto,YMQ,Montreal,2026-11-08 00:00:00+00:00,,,,95,USD,0,,2026-10-04 04:33:10.239370+00:00,travelpayouts,one_way,month-matrix,0
YTO,Toronto,YMQ,Montreal,2026-11-09 00:00:00+00:00,,,,95,USD,0,,2026-10-04 04:33:10.239370+00:00,travelpayouts,one_way,month-matrix,0
YTO,Toronto,YMQ,Montreal,2026-11-10 00:00:00+00:00,,,,95,USD,0,,2026-10-04 04:33:10.239370+00:00,travelpayouts,one_way,month-matrix,0
YTO,Toronto,YMQ,Montreal,2026-11-11 00:00:00+00:00,,,,95,USD,0,,2026-10-04 04:33:10.239370+00:00,travelpayouts,one_way,month-matrix,0
YTO,Toronto,YMQ,Montreal,2026-11-12 00:00:00+00:00,,,,95,USD,0,,2026-10-04 04:33:10.239370+00:00,travelpayouts,one_way,month-matrix,0
YTO,Toronto,YMQ,Montreal,2026-11-13 00:00:00+00:00,,,,95,USD,0,,2026-10-04 04:33:10.239370+00:00,travelpayouts,one_way,month-matrix,0
YTO,Toronto,YMQ,Montreal,2026-11-14 00:00:00+00:00,,,,95,USD,0,,2026-10-04 04:33:10.239370+00:00,travelpayouts,one_way,month-matrix,0
YTO,Toronto,YMQ,Montreal,2026-11-15 00:00:00+00:00,,,,95,USD,0,,2026-10-04 04:33:10.239370+00:00,travelpayouts,one_way,month-matrix,0
YTO,Toronto,YMQ,Montreal,2026-11-16 00:00:00+00:00,,,,95,USD,0,,2026-10-04 04:33:10.239370+00:00,travelpayouts,one_way,month-matrix,0
YTO,Toronto,YMQ,Montreal,2026-11-17 00:00:00+00:00,,,,95,USD,0,,2026-10-04 04:33:10.239370+00:00,travelpayouts,one_way,month-matrix,0
YTO,Toronto,YMQ,Montreal,2026-11-18 00:00:00+00:00,,,,95,USD,0,,2026-10-04 04:33:10.239370+00:00,travelpayouts,one_way,month-matrix,0
YTO,Toronto,YMQ,Montreal,2026-11-19 00:00:00+00:00,,,,95,USD,0,,2026-10-04 04:33:10.239370+00:00,travelpayouts,one_way,month-matrix,0
YTO,Toronto,YMQ,Montreal,2026-11-21 00:00:00+00:00,,,,97,USD,0,,2026-10-04 04:33:10.239370+00:00,travelpayouts,one_way,month-matrix,0
YTO,Toronto,YMQ,Montreal,2026-11-22 00:00:00+00:00,,,,97,USD,0,,2026-10-04 04:33:10.239370+00:00,travelpayouts,one_way,month-matrix,0
YTO,Toronto,YMQ,Montreal,2026-11-23 00:00:00+00:00,,,,97,USD,0,,2026-10-04 04:33:10.239370+00:00,travelpayouts,one_way,month-matrix,0
YTO,Toronto,YMQ,Montreal,2026-11-24 00:00:00+00:00,,,,97,USD,0,,2026-10-04 04:33:10.239370+00:00,travelpayouts,one_way,month-matrix,0
YTO,Toronto,YMQ,Montreal,2026-11-25 00:00:00+00:00,,,,97,USD,0,,2026-10-04 04:33:10.239370+00:00,travelpayouts,one_way,month-matrix,0
YTO,Toronto,YMQ,Montreal,2026-11-26 00:00:00+00:00,,,,97,USD,0,,2026-10-04 04:33:10.239370+00:00,travelpayouts,one_way,month-matrix,0
YTO,Toronto,YMQ,Montreal,2026-11-20 00:00:00+00:00,,,,100,USD,0,,2026-10-04 04:33:10.239370+00:00,travelpayouts,one_way,month-matrix,92
YTO,Toronto,YMQ,Montreal,2026-11-02 11:05:00+00:00,,PD,2438,90,USD,0,,2026-10-04 04:33:10.764836+00:00,travelpayouts,one_way,prices_for_dates,92
YTO,Toronto,YMQ,Montreal,2026-11-27 11:05:00+00:00,,PD,2438,93,USD,0,,2026-10-04 04:33:10.764836+00:00,travelpayouts,one_way,prices_for_dates,92
YTO,Toronto,YMQ,Montreal,2026-11-20 11:05:00+00:00,,PD,7091,100,USD,0,,2026-10-04 04:33:10.764836+00:00,travelpayouts,one_way,prices_for_dates,92
YTO,Toronto,YMQ,Montreal,2026-11-27 00:00:00+00:00,,,,100,USD,0,,2026-10-04 04:33:11.298285+00:00,travelpayouts,one_way,latest,92
YTO,Toronto,YMQ,Montreal,2026-11-21 00:00:00+00:00,,,,100,USD,0,,2026-10-04 04:33:11.298285+00:00,travelpayouts,one_way,latest,0
YTO,Toronto,YMQ,Montreal,2026-11-22 00:00:00+00:00,,,,100,USD,0,,2026-10-04 04:33:11.298285+00:00,travelpayouts,one_way,latest,0
YTO,Toronto,YMQ,Montreal,2026-11-23 00:00:00+00:00,,,,100,USD,0,,2026-10-04 04:33:11.298285+00:00,travelpayouts,one_way,latest,0
YTO,Toronto,YMQ,Montreal,2026-11-24 00:00:00+00:00,,,,100,USD,0,,2026-10-04 04:33:11.298285+00:00,travelpayouts,one_way,latest,0
YTO,Toronto,YMQ,Montreal,2026-11-25 00:00:00+00:00,,,,100,USD,0,,2026-10-04 04:33:11.298285+00:00,travelpayouts,one_way,latest,0
YTO,Toronto,YMQ,Montreal,2026-11-26 00:00:00+00:00,,,,100,USD,0,,2026-10-04 04:33:11.298285+00:00,travelpayouts,one_way,latest,0
YTO,Toronto,YMQ,Montreal,2026-11-08 00:00:00+00:00,2026-11-11 00:00:00+00:00,,,182,USD,0,,2026-10-04 04:33:11.796221+00:00,travelpayouts,round_trip,month-matrix,182
YTO,Toronto,YMQ,Montreal,2026-11-27 00:00:00+00:00,2026-11-29 00:00:00+00:00,,,282,USD,0,,2026-10-04 04:33:11.796221+00:00,travelpayouts,round_trip,month-matrix,160
YTO,Toronto,YMQ,Montreal,2026-11-08 11:05:00+00:00,2026-11-11 20:40:00+00:00,PD,2438,182,USD,0,,2026-10-04 04:33:12.324247+00:00,travelpayouts,round_trip,prices_for_dates,182
YTO,Toronto,YMQ,Montreal,2026-11-27 11:45:00+00:00,2026-11-29 11:45:00+00:00,PD,2529,282,USD,0,,2026-10-04 04:33:12.324247+00:00,travelpayouts,round_trip,prices_for_dates,160
YTO,Toronto,YMQ,Montreal,2027-01-21 00:00:00+00:00,,,,134,USD,0,,2026-10-04 04:33:19.150035+00:00,travelpayouts,one_way,month-matrix,75
YTO,Toronto,YMQ,Montreal,2027-01-21 11:45:00+00:00,,P3,2529,134,USD,0,,2026-10-04 04:33:19.665332+00:00,travelpayouts,one_way,prices_for_dates,75
YTO,Toronto,MIA,Miami,2026-10-27 00:00:00+00:00,,,,147,USD,0,,2026-10-04 04:33:23.868610+00:00,travelpayouts,one_way,month-matrix,0
YTO,Toronto,MIA,Miami,2026-10-25 00:00:00+00:00,,,,149,USD,0,,2026-10-04 04:33:23.868610+00:00,travelpayouts,one_way,month-matrix,0
YTO,Toronto,MIA,Miami,2026-10-11 00:00:00+00:00,,,,162,USD,0,,2026-10-04 04:33:23.868610+00:00,travelpayouts,one_way,month-matrix,204
YTO,Toronto,MIA,Miami,2026-10-20 00:00:00+00:00,,,,216,USD,0,,2026-10-04 04:33:23.868610+00:00,travelpayouts,one_way,month-matrix,0
YTO,Toronto,MIA,Miami,2026-10-21 00:00:00+00:00,,,,216,USD,0,,2026-10-04 04:33:23.868610+00:00,travelpayouts,one_way,month-matrix,0
YTO,Toronto,MIA,Miami,2026-10-22 00:00:00+00:00,,,,216,USD,0,,2026-10-04 04:33:23.868610+00:00,travelpayouts,one_way,month-matrix,0
YTO,Toronto,MIA,Miami,2026-10-14 00:00:00+00:00,,,,225,USD,0,,2026-10-04 04:33:23.868610+00:00,travelpayouts,one_way,month-matrix,0
YTO,Toronto,MIA,Miami,2026-10-15 00:00:00+00:00,,,,225,USD,0,,2026-10-04 04:33:23.868610+00:00,travelpayouts,one_way,month-matrix,0
YTO,Toronto,MIA,Miami,2026-10-16 00:00:00+00:00,,,,225,USD,0,,2026-10-04 04:33:23.868610+00:00,travelpayouts,one_way,month-matrix,0
YTO,Toronto,MIA,Miami,2026-10-17 00:00:00+00:00,,,,225,USD,0,,2026-10-04 04:33:23.868610+00:00,travelpayouts,one_way,month-matrix,0
YTO,Toronto,MIA,Miami,2026-10-18 00:00:00+00:00,,,,225,USD,0,,2026-10-04 04:33:23.868610+00:00,travelpayouts,one_way,month-matrix,0
YTO,Toronto,MIA,Miami,2026-10-23 00:00:00+00:00,,,,239,USD,1,,2026-10-04 04:33:23.868610+00:00,travelpayouts,one_way,month-matrix,1433
YTO,Toronto,MIA,Miami,2026-10-13 00:00:00+00:00,,,,258,USD,2,,2026-10-04 04:33:23.868610+00:00,travelpayouts,one_way,month-matrix,597
YTO,Toronto,MIA,Miami,2026-10-09 00:00:00+00:00,,,,285,USD,1,,2026-10-04 04:33:23.868610+00:00,travelpayouts,one_way,month-matrix,424
YTO,Toronto,MIA,Miami,2026-10-04 00:00:00+00:00,,,,303,USD,1,,2026-10-04 04:33:23.868610+00:00,travelpayouts,one_way,month-matrix,381
YTO,Toronto,MIA,Miami,2026-10-06 00:00:00+00:00,,,,317,USD,0,,2026-10-04 04:33:23.868610+00:00,travelpayouts,one_way,month-matrix,0
YTO,Toronto,MIA,Miami,2026-10-07 00:00:00+00:00,,,,317,USD,0,,2026-10-04 04:33:23.868610+00:00,travelpayouts,one_way,month-matrix,0
YTO,Toronto,MIA,Miami,2026-10-08 00:00:00+00:00,,,,317,USD,0,,2026-10-04 04:33:23.868610+00:00,travelpayouts,one_way,month-matrix,0
YTO,Toronto,MIA,Miami,2026-10-05 00:00:00+00:00,,,,349,USD,1,,2026-10-04 04:33:23.868610+00:00,travelpayouts,one_way,month-matrix,506
YTO,Toronto,MIA,Miami,2026-10-11 13:40:00+00:00,,PD,543,162,USD,0,,2026-10-04 04:33:24.376649+00:00,travelpayouts,one_way,prices_for_dates,204
YTO,Toronto,MIA,Miami,2026-10-23 17:40:00+00:00,,P3,2725,239,USD,1,,2026-10-04 04:33:24.376649+00:00,travelpayouts,one_way,prices_for_dates,1433
YTO,Toronto,MIA,Miami,2026-10-13 16:20:00+00:00,,AC,7866,258,USD,2,,2026-10-04 04:33:24.376649+00:00,travelpayouts,one_way,prices_for_dates,597
YTO,Toronto,MIA,Miami,2026-10-09 15:09:00+00:00,,AA,5668,285,USD,1,,2026-10-04 04:33:24.376649+00:00,travelpayouts,one_way,prices_for_dates,424
YTO,Toronto,MIA,Miami,2026-10-04 11:00:00+00:00,,UA,1612,303,USD,1,,2026-10-04 04:33:24.376649+00:00,travelpayouts,one_way,prices_for_dates,381
YTO,Toronto,MIA,Miami,2026-10-05 10:25:00+00:00,,AC,1500,349,USD,1,,2026-10-04 04:33:24.376649+00:00,travelpayouts,one_way,prices_for_dates,506
YTO,Toronto,MIA,Miami,2026-10-09 00:00:00+00:00,,,,284,USD,1,,2026-10-04 04:33:24.914128+00:00,travelpayouts,one_way,latest,367
YTO,Toronto,MIA,Miami,2026-10-25 00:00:00+00:00,2026-11-09 00:00:00+00:00,,,252,USD,0,,2026-10-04 04:33:25.463197+00:00,travelpayouts,round_trip,month-matrix,0
YTO,Toronto,MIA,Miami,2026-10-25 00:00:00+00:00,2026-11-10 00:00:00+00:00,,,252,USD,0,,2026-10-04 04:33:25.463197+00:00,travelpayouts,round_trip,month-matrix,0
YTO,Toronto,MIA,Miami,2026-10-25 00:00:00+00:00,2026-11-11 00:00:00+00:00,,,252,USD,0,,2026-10-04 04:33:25.463197+00:00,travelpayouts,round_trip,month-matrix,0
YTO,Toronto,MIA,Miami,2026-10-25 00:00:00+00:00,2026-11-12 00:00:00+00:00,,,252,USD,0,,2026-10-04 04:33:25.463197+00:00,travelpayouts,round_trip,month-matrix,0
YTO,Toronto,MIA,Miami,2026-10-25 00:00:00+00:00,2026-11-13 00:00:00+00:00,,,252,USD,0,,2026-10-04 04:33:25.463197+00:00,travelpayouts,round_trip,month-matrix,0
YTO,Toronto,MIA,Miami,2026-10-31 00:00:00+00:00,2026-11-08 00:00:00+00:00,,,255,USD,0,,2026-10-04 04:33:25.463197+00:00,travelpayouts,round_trip,month-matrix,0
YTO,Toronto,MIA,Miami,2026-10-31 00:00:00+00:00,2026-11-09 00:00:00+00:00,,,255,USD,0,,2026-10-04 04:33:25.463197+00:00,travelpayouts,round_trip,month-matrix,0
YTO,Toronto,MIA,Miami,2026-10-31 00:00:00+00:00,2026-11-10 00:00:00+00:00,,,255,USD,0,,2026-10-04 04:33:25.463197+00:00,travelpayouts,round_trip,month-matrix,0
YTO,Toronto,MIA,Miami,2026-10-31 00:00:00+00:00,2026-11-11 00:00:00+00:00,,,255,USD,0,,2026-10-04 04:33:25.463197+00:00,travelpayouts,round_trip,month-matrix,0
YTO,Toronto,MIA,Miami,2026-10-31 00:00:00+00:00,2026-11-12 00:00:00+00:00,,,255,USD,0,,2026-10-04 04:33:25.463197+00:00,travelpayouts,round_trip,month-matrix,0
YTO,Toronto,MIA,Miami,2026-10-23 00:00:00+00:00,2026-11-09 00:00:00+00:00,,,267,USD,0,,2026-10-04 04:33:25.463197+00:00,travelpayouts,round_trip,month-matrix,0
YTO,Toronto,MIA,Miami,2026-10-23 00:00:00+00:00,2026-11-10 00:00:00+00:00,,,267,USD,0,,2026-10-04 04:33:25.463197+00:00,travelpayouts,round_trip,month-matrix,0
YTO,Toronto,MIA,Miami,2026-10-23 00:00:00+00:00,2026-11-11 00:00:00+00:00,,,267,USD,0,,2026-10-04 04:33:25.463197+00:00,travelpayouts,round_trip,month-matrix,0
YTO,Toronto,MIA,Miami,2026-10-26 00:00:00+00:00,2026-10-28 00:00:00+00:00,,,280,USD,0,,2026-10-04 04:33:25.463197+00:00,travelpayouts,round_trip,month-matrix,0
YTO,Toronto,MIA,Miami,2026-10-26 00:00:00+00:00,2026-10-29 00:00:00+00:00,,,280,USD,0,,2026-10-04 04:33:25.463197+00:00,travelpayouts,round_trip,month-matrix,0
YTO,Toronto,MIA,Miami,2026-10-26 00:00:00+00:00,2026-10-30 00:00:00+00:00,,,280,USD,0,,2026-10-04 04:33:25.463197+00:00,travelpayouts,round_trip,month-matrix,0
YTO,Toronto,MIA,Miami,2026-10-26 00:00:00+00:00,2026-10-31 00:00:00+00:00,,,280,USD,0,,2026-10-04 04:33:25.463197+00:00,travelpayouts,round_trip,month-matrix,0
YTO,Toronto,MIA,Miami,2026-10-26 00:00:00+00:00,2026-11-01 00:00:00+00:00,,,280,USD,0,,2026-10-04 04:33:25.463197+00:00,travelpayouts,round_trip,month-matrix,0
YTO,Toronto,MIA,Miami,2026-10-26 00:00:00+00:00,2026-11-02 00:00:00+00:00,,,280,USD,0,,2026-10-04 04:33:25.463197+00:00,travelpayouts,round_trip,month-matrix,0
YTO,Toronto,MIA,Miami,2026-10-26 00:00:00+00:00,2026-11-03 00:00:00+00:00,,,280,USD,0,,2026-10-04 04:33:25.463197+00:00,travelpayouts,round_trip,month-matrix,0
YTO,Toronto,MIA,Miami,2026-10-26 00:00:00+00:00,2026-11-04 00:00:00+00:00,,,280,USD,0,,2026-10-04 04:33:25.463197+00:00,travelpayouts,round_trip,month-matrix,0
YTO,Toronto,MIA,Miami,2026-10-26 00:00:00+00:00,2026-11-05 00:00:00+00:00,,,280,USD,0,,2026-10-04 04:33:25.463197+00:00,travelpayouts,round_trip,month-matrix,0
YTO,Toronto,MIA,Miami,2026-10-09 21:29:00+00:00,2026-10-15 00:06:00+00:00,AA,5667,396,USD,1,,2026-10-04 04:33:25.981571+00:00,travelpayouts,round_trip,prices_for_dates,570
YTO,Toronto,MIA,Miami,2026-10-29 13:35:00+00:00,2026-10-30 02:55:00+00:00,PD,543,407,USD,0,,2026-10-04 04:33:25.981571+00:00,travelpayouts,round_trip,prices_for_dates,1714
YTO,Toronto,MIA,Miami,2026-10-26 00:00:00+00:00,2026-11-06 00:00:00+00:00,,,280,USD,0,,2026-10-04 04:33:26.479947+00:00,travelpayouts,round_trip,latest,0
YTO,Toronto,MIA,Miami,2026-10-26 00:00:00+00:00,2026-11-07 00:00:00+00:00,,,280,USD,0,,2026-10-04 04:33:26.479947+00:00,travelpayouts,round_trip,latest,0
YTO,Toronto,MIA,Miami,2026-10-26 00:00:00+00:00,2026-11-08 00:00:00+00:00,,,280,USD,0,,2026-10-04 04:33:26.479947+00:00,travelpayouts,round_trip,latest,0
YTO,Toronto,MIA,Miami,2026-10-26 00:00:00+00:00,2026-11-09 00:00:00+00:00,,,280,USD,0,,2026-10-04 04:33:26.479947+00:00,travelpayouts,round_trip,latest,0
YTO,Toronto,MIA,Miami,2026-10-26 00:00:00+00:00,2026-11-10 00:00:00+00:00,,,280,USD,0,,2026-10-04 04:33:26.479947+00:00,travelpayouts,round_trip,latest,0
YTO,Toronto,MIA,Miami,2026-10-26 00:00:00+00:00,2026-11-11 00:00:00+00:00,,,280,USD,0,,2026-10-04 04:33:26.479947+00:00,travelpayouts,round_trip,latest,0
YTO,Toronto,MIA,Miami,2026-10-26 00:00:00+00:00,2026-11-12 00:00:00+00:00,,,280,USD,0,,2026-10-04 04:33:26.479947+00:00,travelpayouts,round_trip,latest,0
YTO,Toronto,MIA,Miami,2026-10-26 00:00:00+00:00,2026-11-13 00:00:00+00:00,,,280,USD,0,,2026-10-04 04:33:26.479947+00:00,travelpayouts,round_trip,latest,0
YTO,Toronto,MIA,Miami,2026-10-28 00:00:00+00:00,2026-11-13 00:00:00+00:00,,,292,USD,0,,2026-10-04 04:33:26.479947+00:00,travelpayouts,round_trip,latest,0
YTO,Toronto,MIA,Miami,2026-10-29 00:00:00+00:00,2026-10-30 00:00:00+00:00,,,313,USD,0,,2026-10-04 04:33:26.479947+00:00,travelpayouts,round_trip,latest,0
YTO,Toronto,MIA,Miami,2026-10-29 00:00:00+00:00,2026-10-31 00:00:00+00:00,,,313,USD,0,,2026-10-04 04:33:26.479947+00:00,travelpayouts,round_trip,latest,0
YTO,Toronto,MIA,Miami,2026-10-29 00:00:00+00:00,2026-11-01 00:00:00+00:00,,,313,USD,0,,2026-10-04 04:33:26.479947+00:00,travelpayouts,round_trip,latest,0
YTO,Toronto,MIA,Miami,2026-10-29 00:00:00+00:00,2026-11-02 00:00:00+00:00,,,313,USD,0,,2026-10-04 04:33:26.479947+00:00,travelpayouts,round_trip,latest,0
YTO,Toronto,MIA,Miami,2026-10-29 00:00:00+00:00,2026-11-03 00:00:00+00:00,,,313,USD,0,,2026-10-04 04:33:26.479947+00:00,travelpayouts,round_trip,latest,0
YTO,Toronto,MIA,Miami,2026-10-29 00:00:00+00:00,2026-11-04 00:00:00+00:00,,,313,USD,0,,2026-10-04 04:33:26.479947+00:00,travelpayouts,round_trip,latest,0
YTO,Toronto,MIA,Miami,2026-10-29 00:00:00+00:00,2026-11-05 00:00:00+00:00,,,313,USD,0,,2026-10-04 04:33:26.479947+00:00,travelpayouts,round_trip,latest,0
YTO,Toronto,MIA,Miami,2026-10-29 00:00:00+00:00,2026-11-06 00:00:00+00:00,,,313,USD,0,,2026-10-04 04:33:26.479947+00:00,travelpayouts,round_trip,latest,0
YTO,Toronto,MIA,Miami,2026-10-29 00:00:00+00:00,2026-11-07 00:00:00+00:00,,,313,USD,0,,2026-10-04 04:33:26.479947+00:00,travelpayouts,round_trip,latest,0
YTO,Toronto,MIA,Miami,2026-10-29 00:00:00+00:00,2026-11-08 00:00:00+00:00,,,313,USD,0,,2026-10-04 04:33:26.479947+00:00,travelpayouts,round_trip,latest,0
YTO,Toronto,MIA,Miami,2026-10-29 00:00:00+00:00,2026-11-09 00:00:00+00:00,,,313,USD,0,,2026-10-04 04:33:26.479947+00:00,travelpayouts,round_trip,latest,0
YTO,Toronto,MIA,Miami,2026-10-29 00:00:00+00:00,2026-11-10 00:00:00+00:00,,,313,USD,0,,2026-10-04 04:33:26.479947+00:00,travelpayouts,round_trip,latest,0
YTO,Toronto,MIA,Miami,2026-10-29 00:00:00+00:00,2026-11-11 00:00:00+00:00,,,313,USD,0,,2026-10-04 04:33:26.479947+00:00,travelpayouts,round_trip,latest,0
YTO,Toronto,MIA,Miami,2026-10-09 00:00:00+00:00,2026-10-14 00:00:00+00:00,,,396,USD,1,,2026-10-04 04:33:26.479947+00:00,travelpayouts,round_trip,latest,570
YTO,Toronto,MIA,Miami,2026-10-29 00:00:00+00:00,2026-10-29 00:00:00+00:00,,,407,USD,3,,2026-10-04 04:33:26.479947+00:00,travelpayouts,round_trip,latest,1714
YTO,Toronto,MIA,Miami,2026-11-15 00:00:00+00:00,,,,165,USD,0,,2026-10-04 04:33:27.001229+00:00,travelpayouts,one_way,month-matrix,210
YTO,Toronto,MIA,Miami,2026-11-08 00:00:00+00:00,,,,174,USD,0,,2026-10-04 04:33:27.001229+00:00,travelpayouts,one_way,month-matrix,0
YTO,Toronto,MIA,Miami,2026-11-09 00:00:00+00:00,,,,174,USD,0,,2026-10-04 04:33:27.001229+00:00,travelpayouts,one_way,month-matrix,0
YTO,Toronto,MIA,Miami,2026-11-10 00:00:00+00:00,,,,174,USD,0,,2026-10-04 04:33:27.001229+00:00,travelpayouts,one_way,month-matrix,0
YTO,Toronto,MIA,Miami,2026-11-11 00:00:00+00:00,,,,174,USD,0,,2026-10-04 04:33:27.001229+00:00,travelpayouts,one_way,month-matrix,0
YTO,Toronto,MIA,Miami,2026-11-12 00:00:00+00:00,,,,174,USD,0,,2026-10-04 04:33:27.001229+00:00,travelpayouts,one_way,month-matrix,0
YTO,Toronto,MIA,Miami,2026-11-13 00:00:00+00:00,,,,174,USD,0,,2026-10-04 04:33:27.001229+00:00,travelpayouts,one_way,month-matrix,0
YTO,Toronto,MIA,Miami,2026-11-15 14:35:00+00:00,,TS,7543,165,USD,0,,2026-10-04 04:33:27.523134+00:00,travelpayouts,one_way,prices_for_dates,210
YTO,Toronto,MIA,Miami,2026-12-24 00:00:00+00:00,2026-12-27 00:00:00+00:00,,,555,USD,1,,2026-10-04 04:33:31.735996+00:00,travelpayouts,round_trip,month-matrix,817
YTO,Toronto,MIA,Miami,2026-12-24 17:30:00+00:00,2026-12-27 13:50:00+00:00,AA,5425,555,USD,1,,2026-10-04 04:33:32.278671+00:00,travelpayouts,round_trip,prices_for_dates,817
YTO,Toronto,MIA,Miami,2027-01-02 15:30:00+00:00,,UA,3648,458,USD,1,2026-10-04 05:33:34+00:00,2026-10-04 04:33:34.883441+00:00,travelpayouts,one_way,calendar,
YTO,Toronto,MIA,Miami,2027-01-11 14:15:00+00:00,,WS,1140,355,USD,2,2026-10-04 05:33:34+00:00,2026-10-04 04:33:34.883441+00:00,travelpayouts,one_way,calendar,
YTO,Toronto,MIA,Miami,2027-01-25 11:30:00+00:00,,F8,1690,437,USD,2,2026-10-04 05:33:34+00:00,2026-10-04 04:33:34.883441+00:00,travelpayouts,one_way,calendar,
YTO,Toronto,MIA,Miami,2027-01-11 00:00:00+00:00,2027-01-16 00:00:00+00:00,,,283,USD,0,,2026-10-04 04:33:35.417313+00:00,travelpayouts,round_trip,month-matrix,0
YTO,Toronto,MIA,Miami,2027-01-02 00:00:00+00:00,2027-01-06 00:00:00+00:00,,,458,USD,1,,2026-10-04 04:33:35.417313+00:00,travelpayouts,round_trip,month-matrix,1141
YTO,Toronto,MIA,Miami,2027-01-02 15:30:00+00:00,2027-01-06 13:00:00+00:00,UA,3648,458,USD,1,,2026-10-04 04:33:35.961477+00:00,travelpayouts,round_trip,prices_for_dates,1141
YTO,Toronto,BCN,Barcelona,2026-10-06 00:00:00+00:00,,,,222,USD,1,,2026-10-04 04:33:36.958919+00:00,travelpayouts,one_way,month-matrix,1000
YTO,Toronto,BCN,Barcelona,2026-10-05 00:00:00+00:00,,,,225,USD,0,,2026-10-04 04:33:36.958919+00:00,travelpayouts,one_way,month-matrix,0
YTO,Toronto,BCN,Barcelona,2026-10-04 00:00:00+00:00,,,,229,USD,1,,2026-10-04 04:33:36.958919+00:00,travelpayouts,one_way,month-matrix,1165
YTO,Toronto,BCN,Barcelona,2026-10-11 00:00:00+00:00,,,,260,USD,1,,2026-10-04 04:33:36.958919+00:00,travelpayouts,one_way,month-matrix,2435
YTO,Toronto,BCN,Barcelona,2026-10-15 00:00:00+00:00,,,,262,USD,2,,2026-10-04 04:33:36.958919+00:00,travelpayouts,one_way,month-matrix,1160
YTO,Toronto,BCN,Barcelona,2026-10-10 00:00:00+00:00,,,,281,USD,1,,2026-10-04 04:33:36.958919+00:00,travelpayouts,one_way,month-matrix,995
YTO,Toronto,BCN,Barcelona,2026-10-12 00:00:00+00:00,,,,288,USD,1,,2026-10-04 04:33:36.958919+00:00,travelpayouts,one_way,month-matrix,665
YTO,Toronto,BCN,Barcelona,2026-10-13 00:00:00+00:00,,,,300,USD,0,,2026-10-04 04:33:36.958919+00:00,travelpayouts,one_way,month-matrix,0
YTO,Toronto,BCN,Barcelona,2026-10-19 00:00:00+00:00,,,,308,USD,1,,2026-10-04 04:33:36.958919+00:00,travelpayouts,one_way,month-matrix,1440
YTO,Toronto,BCN,Barcelona,2026-10-14 00:00:00+00:00,,,,312,USD,1,,2026-10-04 04:33:36.958919+00:00,travelpayouts,one_way,month-matrix,665
YTO,Toronto,BCN,Barcelona,2026-10-17 00:00:00+00:00,,,,316,USD,0,,2026-10-04 04:33:36.958919+00:00,travelpayouts,one_way,month-matrix,0
YTO,Toronto,BCN,Barcelona,2026-10-18 00:00:00+00:00,,,,316,USD,0,,2026-10-04 04:33:36.958919+00:00,travelpayouts,one_way,month-matrix,0
YTO,Toronto,BCN,Barcelona,2026-10-16 00:00:00+00:00,,,,324,USD,1,,2026-10-04 04:33:36.958919+00:00,travelpayouts,one_way,month-matrix,1440
YTO,Toronto,BCN,Barcelona,2026-10-09 00:00:00+00:00,,,,324,USD,2,,2026-10-04 04:33:36.958919+00:00,travelpayouts,one_way,month-matrix,1485
YTO,Toronto,BCN,Barcelona,2026-10-07 00:00:00+00:00,,,,332,USD,2,,2026-10-04 04:33:36.958919+00:00,travelpayouts,one_way,month-matrix,870
YTO,Toronto,BCN,Barcelona,2026-10-20 00:00:00+00:00,,,,337,USD,0,,2026-10-04 04:33:36.958919+00:00,travelpayouts,one_way,month-matrix,0
YTO,Toronto,BCN,Barcelona,2026-10-21 00:00:00+00:00,,,,337,USD,0,,2026-10-04 04:33:36.958919+00:00,travelpayouts,one_way,month-matrix,0
YTO,Toronto,BCN,Barcelona,2026-10-22 00:00:00+00:00,,,,337,USD,0,,2026-10-04 04:33:36.958919+00:00,travelpayouts,one_way,month-matrix,0
YTO,Toronto,BCN,Barcelona,2026-10-08 00:00:00+00:00,,,,348,USD,1,,2026-10-04 04:33:36.958919+00:00,travelpayouts,one_way,month-matrix,2480
YTO,Toronto,BCN,Barcelona,2026-10-29 00:00:00+00:00,,,,367,USD,1,,2026-10-04 04:33:36.958919+00:00,travelpayouts,one_way,month-matrix,2030
YTO,Toronto,BCN,Barcelona,2026-10-30 00:00:00+00:00,,,,415,USD,1,,2026-10-04 04:33:36.958919+00:00,travelpayouts,one_way,month-matrix,2060
YTO,Toronto,BCN,Barcelona,2026-10-07 03:55:00+00:00,,TS,230,222,USD,1,,2026-10-04 04:33:37.513949+00:00,travelpayouts,one_way,prices_for_dates,1000
YTO,Toronto,BCN,Barcelona,2026-10-05 03:55:00+00:00,,TS,230,229,USD,1,,2026-10-04 04:33:37.513949+00:00,travelpayouts,one_way,prices_for_dates,1165
YTO,Toronto,BCN,Barcelona,2026-10-12 03:55:00+00:00,,TS,230,260,USD,1,,2026-10-04 04:33:37.513949+00:00,travelpayouts,one_way,prices_for_dates,2435
YTO,Toronto,BCN,Barcelona,2026-10-16 03:55:00+00:00,,TS,230,262,USD,2,,2026-10-04 04:33:37.513949+00:00,travelpayouts,one_way,prices_for_dates,1160
YTO,Toronto,BCN,Barcelona,2026-10-11 03:55:00+00:00,,TS,230,281,USD,1,,2026-10-04 04:33:37.513949+00:00,travelpayouts,one_way,prices_for_dates,995
YTO,Toronto,BCN,Barcelona,2026-10-12 23:55:00+00:00,,P3,2485,288,USD,1,,2026-10-04 04:33:37.513949+00:00,travelpayouts,one_way,prices_for_dates,665
YTO,Toronto,BCN,Barcelona,2026-10-19 11:00:00+00:00,,PD,7326,308,USD,1,,2026-10-04 04:33:37.513949+00:00,travelpayouts,one_way,prices_for_dates,1440
YTO,Toronto,BCN,Barcelona,2026-10-14 23:55:00+00:00,,PD,2485,312,USD,1,,2026-10-04 04:33:37.513949+00:00,travelpayouts,one_way,prices_for_dates,665
YTO,Toronto,BCN,Barcelona,2026-10-16 11:00:00+00:00,,PD,2487,324,USD,1,,2026-10-04 04:33:37.513949+00:00,travelpayouts,one_way,prices_for_dates,1440
YTO,Toronto,BCN,Barcelona,2026-10-09 15:55:00+00:00,,PD,2221,324,USD,2,,2026-10-04 04:33:37.513949+00:00,travelpayouts,one_way,prices_for_dates,1485
YTO,Toronto,BCN,Barcelona,2026-10-07 22:00:00+00:00,,TS,531,332,USD,2,,2026-10-04 04:33:37.513949+00:00,travelpayouts,one_way,prices_for_dates,870
YTO,Toronto,BCN,Barcelona,2026-10-09 01:40:00+00:00,,TS,308,348,USD,1,,2026-10-04 04:33:37.513949+00:00,travelpayouts,one_way,prices_for_dates,2480
YTO,Toronto,BCN,Barcelona,2026-10-30 00:40:00+00:00,,FI,602,367,USD,1,,2026-10-04 04:33:37.513949+00:00,travelpayouts,one_way,prices_for_dates,2030
YTO,Toronto,BCN,Barcelona,2026-10-31 00:10:00+00:00,,TS,764,415,USD,1,,2026-10-04 04:33:37.513949+00:00,travelpayouts,one_way,prices_for_dates,2060
YTO,Toronto,BCN,Barcelona,2026-10-06 00:00:00+00:00,,,,232,USD,1,,2026-10-04 04:33:38.025716+00:00,travelpayouts,one_way,latest,660
YTO,Toronto,BCN,Barcelona,2026-10-05 00:00:00+00:00,,,,241,USD,0,,2026-10-04 04:33:38.025716+00:00,travelpayouts,one_way,latest,0
YTO,Toronto,BCN,Barcelona,2026-10-04 00:00:00+00:00,,,,250,USD,1,,2026-10-04 04:33:38.025716+00:00,travelpayouts,one_way,latest,2435
YTO,Toronto,BCN,Barcelona,2026-10-12 00:00:00+00:00,,,,308,USD,1,,2026-10-04 04:33:38.025716+00:00,travelpayouts,one_way,latest,665
YTO,Toronto,BCN,Barcelona,2026-10-13 00:00:00+00:00,,,,310,USD,0,,2026-10-04 04:33:38.025716+00:00,travelpayouts,one_way,latest,0
YTO,Toronto,BCN,Barcelona,2026-10-09 00:00:00+00:00,,,,361,USD,2,,2026-10-04 04:33:38.025716+00:00,travelpayouts,one_way,latest,1320
YTO,Toronto,BCN,Barcelona,2026-10-18 00:00:00+00:00,2026-11-18 00:00:00+00:00,,,598,USD,1,,2026-10-04 04:33:38.554461+00:00,travelpayouts,round_trip,month-matrix,1405
YTO,Toronto,BCN,Barcelona,2026-10-16 00:00:00+00:00,2026-11-29 00:00:00+00:00,,,613,USD,1,,2026-10-04 04:33:38.554461+00:00,travelpayouts,round_trip,month-matrix,1540
YTO,Toronto,BCN,Barcelona,2026-10-04 00:00:00+00:00,2026-10-10 00:00:00+00:00,,,698,USD,1,,2026-10-04 04:33:38.554461+00:00,travelpayouts,round_trip,month-matrix,1567
YTO,Toronto,BCN,Barcelona,2026-10-05 00:00:00+00:00,2026-10-10 00:00:00+00:00,,,698,USD,1,,2026-10-04 04:33:38.554461+00:00,travelpayouts,round_trip,month-matrix,2659
YTO,Toronto,BCN,Barcelona,2026-10-23 00:00:00+00:00,2026-11-08 00:00:00+00:00,,,709,USD,1,,2026-10-04 04:33:38.554461+00:00,travelpayouts,round_trip,month-matrix,1580
YTO,Toronto,BCN,Barcelona,2026-10-09 00:00:00+00:00,2026-10-16 00:00:00+00:00,,,716,USD,1,,2026-10-04 04:33:38.554461+00:00,travelpayouts,round_trip,month-matrix,2775
YTO,Toronto,BCN,Barcelona,2026-10-26 00:00:00+00:00,2026-11-12 00:00:00+00:00,,,719,USD,1,,2026-10-04 04:33:38.554461+00:00,travelpayouts,round_trip,month-matrix,1865
YTO,Toronto,BCN,Barcelona,2026-10-23 00:00:00+00:00,2026-11-07 00:00:00+00:00,,,720,USD,1,,2026-10-04 04:33:38.554461+00:00,travelpayouts,round_trip,month-matrix,1325
YTO,Toronto,BCN,Barcelona,2026-10-23 00:00:00+00:00,2026-11-09 00:00:00+00:00,,,720,USD,1,,2026-10-04 04:33:38.554461+00:00,travelpayouts,round_trip,month-matrix,1335
YTO,Toronto,BCN,Barcelona,2026-10-13 00:00:00+00:00,2026-10-19 00:00:00+00:00,,,731,USD,1,,2026-10-04 04:33:38.554461+00:00,travelpayouts,round_trip,month-matrix,2580
YTO,Toronto,BCN,Barcelona,2026-10-15 00:00:00+00:00,2026-10-18 00:00:00+00:00,,,804,USD,2,,2026-10-04 04:33:38.554461+00:00,travelpayouts,round_trip,month-matrix,4617
YTO,Toronto,BCN,Barcelona,2026-10-09 00:00:00+00:00,2026-10-17 00:00:00+00:00,,,874,USD,1,,2026-10-04 04:33:38.554461+00:00,travelpayouts,round_trip,month-matrix,3120
YTO,Toronto,BCN,Barcelona,2026-10-18 23:55:00+00:00,2026-11-18 08:30:00+00:00,PD,2485,598,USD,1,,2026-10-04 04:33:39.082115+00:00,travelpayouts,round_trip,prices_for_dates,1405
YTO,Toronto,BCN,Barcelona,2026-10-16 23:55:00+00:00,2026-11-29 08:30:00+00:00,PD,2485,613,USD,1,,2026-10-04 04:33:39.082115+00:00,travelpayouts,round_trip,prices_for_dates,1540
YTO,Toronto,BCN,Barcelona,2026-10-04 17:55:00+00:00,2026-10-10 09:15:00+00:00,UA,8266,698,USD,1,,2026-10-04 04:33:39.082115+00:00,travelpayouts,round_trip,prices_for_dates,1567
YTO,Toronto,BCN,Barcelona,2026-10-05 23:43:00+00:00,2026-10-10 09:15:00+00:00,AC,3904,698,USD,1,,2026-10-04 04:33:39.082115+00:00,travelpayouts,round_trip,prices_for_dates,2659
YTO,Toronto,BCN,Barcelona,2026-10-23 21:10:00+00:00,2026-11-08 11:00:00+00:00,IB,368,709,USD,1,,2026-10-04 04:33:39.082115+00:00,travelpayouts,round_trip,prices_for_dates,1580
YTO,Toronto,BCN,Barcelona,2026-10-09 23:25:00+00:00,2026-10-16 10:50:00+00:00,AA,4438,716,USD,1,,2026-10-04 04:33:39.082115+00:00,travelpayouts,round_trip,prices_for_dates,2775
YTO,Toronto,BCN,Barcelona,2026-10-26 17:15:00+00:00,2026-11-12 11:00:00+00:00,AA,3606,719,USD,1,,2026-10-04 04:33:39.082115+00:00,travelpayouts,round_trip,prices_for_dates,1865
YTO,Toronto,BCN,Barcelona,2026-10-23 21:10:00+00:00,2026-11-07 13:45:00+00:00,IB,368,720,USD,1,,2026-10-04 04:33:39.082115+00:00,travelpayouts,round_trip,prices_for_dates,1325
YTO,Toronto,BCN,Barcelona,2026-10-23 21:10:00+00:00,2026-11-09 09:15:00+00:00,IB,368,720,USD,1,,2026-10-04 04:33:39.082115+00:00,travelpayouts,round_trip,prices_for_dates,1335
YTO,Toronto,BCN,Barcelona,2026-10-13 23:55:00+00:00,2026-10-19 17:00:00+00:00,DE,2403,731,USD,1,,2026-10-04 04:33:39.082115+00:00,travelpayouts,round_trip,prices_for_dates,2580
YTO,Toronto,BCN,Barcelona,2026-10-16 03:55:00+00:00,2026-10-18 06:45:00+00:00,TS,230,804,USD,1,,2026-10-04 04:33:39.082115+00:00,travelpayouts,round_trip,prices_for_dates,4617
YTO,Toronto,BCN,Barcelona,2026-10-09 23:25:00+00:00,2026-10-17 21:10:00+00:00,AA,4438,874,USD,1,,2026-10-04 04:33:39.082115+00:00,travelpayouts,round_trip,prices_for_dates,3120
YTO,Toronto,BCN,Barcelona,2026-11-18 00:00:00+00:00,,,,299,USD,1,,2026-10-04 04:33:40.129442+00:00,travelpayouts,one_way,month-matrix,1180
YTO,Toronto,BCN,Barcelona,2026-11-17 00:00:00+00:00,,,,300,USD,1,,2026-10-04 04:33:40.129442+00:00,travelpayouts,one_way,month-matrix,655
YTO,Toronto,BCN,Barcelona,2026-11-15 00:00:00+00:00,,,,308,USD,2,,2026-10-04 04:33:40.129442+00:00,travelpayouts,one_way,month-matrix,1465
YTO,Toronto,BCN,Barcelona,2026-11-13 00:00:00+00:00,,,,323,USD,1,,2026-10-04 04:33:40.129442+00:00,travelpayouts,one_way,month-matrix,1725
YTO,Toronto,BCN,Barcelona,2026-11-14 00:00:00+00:00,,,,334,USD,1,,2026-10-04 04:33:40.129442+00:00,travelpayouts,one_way,month-matrix,1955
YTO,Toronto,BCN,Barcelona,2026-11-07 00:00:00+00:00,,,,374,USD,2,,2026-10-04 04:33:40.129442+00:00,travelpayouts,one_way,month-matrix,2569
YTO,Toronto,BCN,Barcelona,2026-11-01 00:00:00+00:00,,,,391,USD,1,,2026-10-04 04:33:40.129442+00:00,travelpayouts,one_way,month-matrix,1140
YTO,Toronto,BCN,Barcelona,2026-11-03 00:00:00+00:00,,,,395,USD,1,,2026-10-04 04:33:40.129442+00:00,travelpayouts,one_way,month-matrix,735
YTO,Toronto,BCN,Barcelona,2026-11-18 23:45:00+00:00,,PD,7480,299,USD,1,,2026-10-04 04:33:40.674113+00:00,travelpayouts,one_way,prices_for_dates,1180
YTO,Toronto,BCN,Barcelona,2026-11-17 19:45:00+00:00,,PD,2471,300,USD,1,,2026-10-04 04:33:40.674113+00:00,travelpayouts,one_way,prices_for_dates,655
YTO,Toronto,BCN,Barcelona,2026-11-15 22:50:00+00:00,,PD,2477,308,USD,2,,2026-10-04 04:33:40.674113+00:00,travelpayouts,one_way,prices_for_dates,1465
YTO,Toronto,BCN,Barcelona,2026-11-14 01:55:00+00:00,,PD,2487,323,USD,1,,2026-10-04 04:33:40.674113+00:00,travelpayouts,one_way,prices_for_dates,1725
YTO,Toronto,BCN,Barcelona,2026-11-14 23:45:00+00:00,,TS,480,334,USD,1,,2026-10-04 04:33:40.674113+00:00,travelpayouts,one_way,prices_for_dates,1955
YTO,Toronto,BCN,Barcelona,2026-11-08 04:10:00+00:00,,PD,113,374,USD,2,,2026-10-04 04:33:40.674113+00:00,travelpayouts,one_way,prices_for_dates,2569
YTO,Toronto,BCN,Barcelona,2026-11-02 03:45:00+00:00,,TP,262,391,USD,1,,2026-10-04 04:33:40.674113+00:00,travelpayouts,one_way,prices_for_dates,1140
YTO,Toronto,BCN,Barcelona,2026-11-03 22:30:00+00:00,,TP,258,395,USD,1,,2026-10-04 04:33:40.674113+00:00,travelpayouts,one_way,prices_for_dates,735
YTO,Toronto,BCN,Barcelona,2026-11-21 00:00:00+00:00,2026-11-29 00:00:00+00:00,,,604,USD,1,,2026-10-04 04:33:41.680502+00:00,travelpayouts,round_trip,month-matrix,1585
YTO,Toronto,BCN,Barcelona,2026-11-22 00:00:00+00:00,2026-11-29 00:00:00+00:00,,,609,USD,1,,2026-10-04 04:33:41.680502+00:00,travelpayouts,round_trip,month-matrix,1755
YTO,Toronto,BCN,Barcelona,2026-11-12 00:00:00+00:00,2026-11-26 00:00:00+00:00,,,625,USD,1,,2026-10-04 04:33:41.680502+00:00,travelpayouts,round_trip,month-matrix,4040
YTO,Toronto,BCN,Barcelona,2026-11-02 00:00:00+00:00,2026-11-15 00:00:00+00:00,,,701,USD,1,,2026-10-04 04:33:41.680502+00:00,travelpayouts,round_trip,month-matrix,2820
YTO,Toronto,BCN,Barcelona,2026-11-21 00:00:00+00:00,2026-11-28 00:00:00+00:00,,,710,USD,1,,2026-10-04 04:33:41.680502+00:00,travelpayouts,round_trip,month-matrix,1750
YTO,Toronto,BCN,Barcelona,2026-11-01 00:00:00+00:00,2026-11-15 00:00:00+00:00,,,716,USD,1,,2026-10-04 04:33:41.680502+00:00,travelpayouts,round_trip,month-matrix,2016
YTO,Toronto,BCN,Barcelona,2026-11-19 00:00:00+00:00,2026-11-27 00:00:00+00:00,,,727,USD,1,,2026-10-04 04:33:41.680502+00:00,travelpayouts,round_trip,month-matrix,1405
YTO,Toronto,BCN,Barcelona,2026-11-21 19:45:00+00:00,2026-11-29 08:30:00+00:00,PD,2471,604,USD,1,,2026-10-04 04:33:42.282670+00:00,travelpayouts,round_trip,prices_for_dates,1585
YTO,Toronto,BCN,Barcelona,2026-11-23 03:45:00+00:00,2026-11-29 05:45:00+00:00,TP,262,609,USD,1,,2026-10-04 04:33:42.282670+00:00,travelpayouts,round_trip,prices_for_dates,1755
YTO,Toronto,BCN,Barcelona,2026-11-13 00:40:00+00:00,2026-11-26 13:45:00+00:00,FI,602,625,USD,1,,2026-10-04 04:33:42.282670+00:00,travelpayouts,round_trip,prices_for_dates,4040
YTO,Toronto,BCN,Barcelona,2026-11-03 01:30:00+00:00,2026-11-15 05:20:00+00:00,AC,7976,701,USD,1,,2026-10-04 04:33:42.282670+00:00,travelpayouts,round_trip,prices_for_dates,2820
YTO,Toronto,BCN,Barcelona,2026-11-21 15:45:00+00:00,2026-11-28 08:55:00+00:00,AC,7958,710,USD,1,,2026-10-04 04:33:42.282670+00:00,travelpayouts,round_trip,prices_for_dates,1750
YTO,Toronto,BCN,Barcelona,2026-11-01 12:14:00+00:00,2026-11-15 11:00:00+00:00,AA,2589,716,USD,1,,2026-10-04 04:33:42.282670+00:00,travelpayouts,round_trip,prices_for_dates,2016
YTO,Toronto,BCN,Barcelona,2026-11-20 03:20:00+00:00,2026-11-27 13:40:00+00:00,BA,98,727,USD,1,,2026-10-04 04:33:42.282670+00:00,travelpayouts,round_trip,prices_for_dates,1405
YTO,Toronto,BCN,Barcelona,2026-12-01 00:00:00+00:00,,,,391,USD,1,,2026-10-04 04:33:43.274210+00:00,travelpayouts,one_way,month-matrix,855
YTO,Toronto,BCN,Barcelona,2026-12-01 22:30:00+00:00,,TP,258,391,USD,1,,2026-10-04 04:33:43.874226+00:00,travelpayouts,one_way,prices_for_dates,855
YTO,Toronto,BCN,Barcelona,2026-12-03 00:00:00+00:00,2027-01-13 00:00:00+00:00,,,529,USD,1,,2026-10-04 04:33:44.854101+00:00,travelpayouts,round_trip,month-matrix,1735
YTO,Toronto,BCN,Barcelona,2026-12-26 00:00:00+00:00,2027-01-05 00:00:00+00:00,,,812,USD,1,,2026-10-04 04:33:44.854101+00:00,travelpayouts,round_trip,month-matrix,1924
YTO,Toronto,BCN,Barcelona,2026-12-23 00:00:00+00:00,2027-01-08 00:00:00+00:00,,,864,USD,2,,2026-10-04 04:33:44.854101+00:00,travelpayouts,round_trip,month-matrix,2129
YTO,Toronto,BCN,Barcelona,2026-12-22 00:00:00+00:00,2027-01-09 00:00:00+00:00,,,898,USD,1,,2026-10-04 04:33:44.854101+00:00,travelpayouts,round_trip,month-matrix,2344
YTO,Toronto,BCN,Barcelona,2026-12-26 00:00:00+00:00,2027-01-03 00:00:00+00:00,,,994,USD,1,,2026-10-04 04:33:44.854101+00:00,travelpayouts,round_trip,month-matrix,3595
YTO,Toronto,BCN,Barcelona,2026-12-03 22:30:00+00:00,2027-01-13 11:35:00+00:00,TP,258,529,USD,1,,2026-10-04 04:33:45.537123+00:00,travelpayouts,round_trip,prices_for_dates,1735
YTO,Toronto,BCN,Barcelona,2026-12-26 23:05:00+00:00,2027-01-05 17:45:00+00:00,AA,6917,812,USD,1,,2026-10-04 04:33:45.537123+00:00,travelpayouts,round_trip,prices_for_dates,1924
YTO,Toronto,BCN,Barcelona,2026-12-23 15:55:00+00:00,2027-01-08 11:40:00+00:00,AA,6044,864,USD,2,,2026-10-04 04:33:45.537123+00:00,travelpayouts,round_trip,prices_for_dates,2129
YTO,Toronto,BCN,Barcelona,2026-12-22 18:05:00+00:00,2027-01-09 17:45:00+00:00,AA,1572,898,USD,1,,2026-10-04 04:33:45.537123+00:00,travelpayouts,round_trip,prices_for_dates,2344
YTO,Toronto,BCN,Barcelona,2026-12-27 03:20:00+00:00,2027-01-03 13:55:00+00:00,AA,6921,994,USD,1,,2026-10-04 04:33:45.537123+00:00,travelpayouts,round_trip,prices_for_dates,3595
YTO,Toronto,BCN,Barcelona,2027-01-06 00:00:00+00:00,,,,376,USD,1,,2026-10-04 04:33:46.475900+00:00,travelpayouts,one_way,month-matrix,935
YTO,Toronto,BCN,Barcelona,2027-01-07 03:45:00+00:00,,TP,262,376,USD,1,,2026-10-04 04:33:46.946334+00:00,travelpayouts,one_way,prices_for_dates,935
YTO,Toronto,BCN,Barcelona,2027-01-02 00:00:00+00:00,2027-01-18 00:00:00+00:00,,,655,USD,1,,2026-10-04 04:33:47.970644+00:00,travelpayouts,round_trip,month-matrix,2705
YTO,Toronto,BCN,Barcelona,2027-01-03 01:30:00+00:00,2027-01-18 12:35:00+00:00,QK,7976,655,USD,1,,2026-10-04 04:33:48.496001+00:00,travelpayouts,round_trip,prices_for_dates,2705
YTO,Toronto,MAD,Madrid,2026-10-17 00:00:00+00:00,,,,324,USD,1,,2026-10-04 04:33:49.563853+00:00,travelpayouts,one_way,month-matrix,1890
YTO,Toronto,MAD,Madrid,2026-10-18 00:00:00+00:00,,,,330,USD,0,,2026-10-04 04:33:49.563853+00:00,travelpayouts,one_way,month-matrix,0
YTO,Toronto,MAD,Madrid,2026-10-19 00:00:00+00:00,,,,336,USD,1,,2026-10-04 04:33:49.563853+00:00,travelpayouts,one_way,month-matrix,825
YTO,Toronto,MAD,Madrid,2026-10-20 00:00:00+00:00,,,,343,USD,2,,2026-10-04 04:33:49.563853+00:00,travelpayouts,one_way,month-matrix,955
YTO,Toronto,MAD,Madrid,2026-10-05 00:00:00+00:00,,,,345,USD,1,,2026-10-04 04:33:49.563853+00:00,travelpayouts,one_way,month-matrix,1165
YTO,Toronto,MAD,Madrid,2026-10-04 00:00:00+00:00,,,,363,USD,2,,2026-10-04 04:33:49.563853+00:00,travelpayouts,one_way,month-matrix,3455
YTO,Toronto,MAD,Madrid,2026-10-16 00:00:00+00:00,,,,374,USD,1,,2026-10-04 04:33:49.563853+00:00,travelpayouts,one_way,month-matrix,645
YTO,Toronto,MAD,Madrid,2026-10-06 00:00:00+00:00,,,,374,USD,2,,2026-10-04 04:33:49.563853+00:00,travelpayouts,one_way,month-matrix,1230
YTO,Toronto,MAD,Madrid,2026-10-09 00:00:00+00:00,,,,380,USD,0,,2026-10-04 04:33:49.563853+00:00,travelpayouts,one_way,month-matrix,0
YTO,Toronto,MAD,Madrid,2026-10-10 00:00:00+00:00,,,,380,USD,0,,2026-10-04 04:33:49.563853+00:00,travelpayouts,one_way,month-matrix,0
YTO,Toronto,MAD,Madrid,2026-10-11 00:00:00+00:00,,,,380,USD,0,,2026-10-04 04:33:49.563853+00:00,travelpayouts,one_way,month-matrix,0
YTO,Toronto,MAD,Madrid,2026-10-12 00:00:00+00:00,,,,380,USD,0,,2026-10-04 04:33:49.563853+00:00,travelpayouts,one_way,month-matrix,0
YTO,Toronto,MAD,Madrid,2026-10-13 00:00:00+00:00,,,,380,USD,0,,2026-10-04 04:33:49.563853+00:00,travelpayouts,one_way,month-matrix,0
YTO,Toronto,MAD,Madrid,2026-10-14 00:00:00+00:00,,,,380,USD,0,,2026-10-04 04:33:49.563853+00:00,travelpayouts,one_way,month-matrix,0
YTO,Toronto,MAD,Madrid,2026-10-15 00:00:00+00:00,,,,380,USD,0,,2026-10-04 04:33:49.563853+00:00,travelpayouts,one_way,month-matrix,0
YTO,Toronto,MAD,Madrid,2026-10-08 00:00:00+00:00,,,,387,USD,2,,2026-10-04 04:33:49.563853+00:00,travelpayouts,one_way,month-matrix,2675
YTO,Toronto,MAD,Madrid,2026-10-07 00:00:00+00:00,,,,477,USD,2,,2026-10-04 04:33:49.563853+00:00,travelpayouts,one_way,month-matrix,1335
YTO,Toronto,MAD,Madrid,2026-10-18 03:55:00+00:00,,TS,230,324,USD,1,,2026-10-04 04:33:50.071940+00:00,travelpayouts,one_way,prices_for_dates,1890
YTO,Toronto,MAD,Madrid,2026-10-19 20:55:00+00:00,,PD,2473,336,USD,1,,2026-10-04 04:33:50.071940+00:00,travelpayouts,one_way,prices_for_dates,825
YTO,Toronto,MAD,Madrid,2026-10-21 03:55:00+00:00,,TS,230,343,USD,2,,2026-10-04 04:33:50.071940+00:00,travelpayouts,one_way,prices_for_dates,955
YTO,Toronto,MAD,Madrid,2026-10-06 02:55:00+00:00,,TP,262,345,USD,1,,2026-10-04 04:33:50.071940+00:00,travelpayouts,one_way,prices_for_dates,1165
YTO,Toronto,MAD,Madrid,2026-10-04 22:10:00+00:00,,PD,2632,363,USD,2,,2026-10-04 04:33:50.071940+00:00,travelpayouts,one_way,prices_for_dates,3455
YTO,Toronto,MAD,Madrid,2026-10-16 23:55:00+00:00,,PD,2485,374,USD,1,,2026-10-04 04:33:50.071940+00:00,travelpayouts,one_way,prices_for_dates,645
YTO,Toronto,MAD,Madrid,2026-10-07 01:40:00+00:00,,TS,308,374,USD,2,,2026-10-04 04:33:50.071940+00:00,travelpayouts,one_way,prices_for_dates,1230
YTO,Toronto,MAD,Madrid,2026-10-09 00:45:00+00:00,,TS,7267,387,USD,2,,2026-10-04 04:33:50.071940+00:00,travelpayouts,one_way,prices_for_dates,2675
YTO,Toronto,MAD,Madrid,2026-10-08 00:45:00+00:00,,S4,322,477,USD,2,,2026-10-04 04:33:50.071940+00:00,travelpayouts,one_way,prices_for_dates,1335
YTO,Toronto,MAD,Madrid,2026-10-31 00:00:00+00:00,2026-11-14 00:00:00+00:00,,,728,USD,1,,2026-10-04 04:33:51.114242+00:00,travelpayouts,round_trip,month-matrix,1570
YTO,Toronto,MAD,Madrid,2026-10-31 20:15:00+00:00,2026-11-14 12:15:00+00:00,AA,5884,728,USD,1,,2026-10-04 04:33:51.661994+00:00,travelpayouts,round_trip,prices_for_dates,1570
YTO,Toronto,MAD,Madrid,2026-11-23 00:00:00+00:00,,,,334,USD,1,,2026-10-04 04:33:52.710499+00:00,travelpayouts,one_way,month-matrix,745
YTO,Toronto,MAD,Madrid,2026-11-06 00:00:00+00:00,,,,356,USD,1,,2026-10-04 04:33:52.710499+00:00,travelpayouts,one_way,month-matrix,1195
YTO,Toronto,MAD,Madrid,2026-11-24 03:45:00+00:00,,TP,262,334,USD,1,,2026-10-04 04:33:53.206070+00:00,travelpayouts,one_way,prices_for_dates,745
YTO,Toronto,MAD,Madrid,2026-11-07 00:10:00+00:00,,TS,764,356,USD,1,,2026-10-04 04:33:53.206070+00:00,travelpayouts,one_way,prices_for_dates,1195
YTO,Toronto,MAD,Madrid,2026-11-20 00:00:00+00:00,2026-11-30 00:00:00+00:00,,,558,USD,2,,2026-10-04 04:33:54.221542+00:00,travelpayouts,round_trip,month-matrix,2650
YTO,Toronto,MAD,Madrid,2026-11-20 00:00:00+00:00,2026-11-27 00:00:00+00:00,,,675,USD,2,,2026-10-04 04:33:54.221542+00:00,travelpayouts,round_trip,month-matrix,2800
YTO,Toronto,MAD,Madrid,2026-11-01 00:00:00+00:00,2026-11-15 00:00:00+00:00,,,733,USD,1,,2026-10-04 04:33:54.221542+00:00,travelpayouts,round_trip,month-matrix,2272
YTO,Toronto,MAD,Madrid,2026-11-20 22:50:00+00:00,2026-11-30 19:00:00+00:00,PD,2477,558,USD,2,,2026-10-04 04:33:54.658721+00:00,travelpayouts,round_trip,prices_for_dates,2650
YTO,Toronto,MAD,Madrid,2026-11-20 22:50:00+00:00,2026-11-27 14:10:00+00:00,TS,7489,675,USD,2,,2026-10-04 04:33:54.658721+00:00,travelpayouts,round_trip,prices_for_dates,2800
YTO,Toronto,MAD,Madrid,2026-11-01 18:17:00+00:00,2026-11-15 15:20:00+00:00,AA,4369,733,USD,1,,2026-10-04 04:33:54.658721+00:00,travelpayouts,round_trip,prices_for_dates,2272
YTO,Toronto,MAD,Madrid,2026-12-22 15:46:00+00:00,,AA,4347,997,USD,1,2026-10-04 05:33:56+00:00,2026-10-04 04:33:56.996645+00:00,travelpayouts,one_way,calendar,
YTO,Toronto,MAD,Madrid,2026-12-22 00:00:00+00:00,2027-01-09 00:00:00+00:00,,,997,USD,1,,2026-10-04 04:33:57.437879+00:00,travelpayouts,round_trip,month-matrix,2479
YTO,Toronto,MAD,Madrid,2026-12-22 15:46:00+00:00,2027-01-09 17:10:00+00:00,AA,4347,997,USD,1,,2026-10-04 04:33:57.934691+00:00,travelpayouts,round_trip,prices_for_dates,2479
YTO,Toronto,MAD,Madrid,2027-01-06 00:00:00+00:00,,,,331,USD,1,,2026-10-04 04:33:59.008166+00:00,travelpayouts,one_way,month-matrix,745
YTO,Toronto,MAD,Madrid,2027-01-07 03:45:00+00:00,,TP,262,331,USD,1,,2026-10-04 04:33:59.495024+00:00,travelpayouts,one_way,prices_for_dates,745
YTO,Toronto,SFO,San Francisco,2026-10-12 00:00:00+00:00,,,,372,USD,1,,2026-10-04 04:34:03.698227+00:00,travelpayouts,one_way,month-matrix,563
YTO,Toronto,SFO,San Francisco,2026-10-11 00:00:00+00:00,,,,373,USD,0,,2026-10-04 04:34:03.698227+00:00,travelpayouts,one_way,month-matrix,0
YTO,Toronto,SFO,San Francisco,2026-10-10 00:00:00+00:00,,,,373,USD,1,,2026-10-04 04:34:03.698227+00:00,travelpayouts,one_way,month-matrix,563
YTO,Toronto,SFO,San Francisco,2026-10-12 22:21:00+00:00,,AA,1111,372,USD,1,,2026-10-04 04:34:04.280088+00:00,travelpayouts,one_way,prices_for_dates,563
YTO,Toronto,SFO,San Francisco,2026-10-10 22:21:00+00:00,,AA,1111,373,USD,1,,2026-10-04 04:34:04.280088+00:00,travelpayouts,one_way,prices_for_dates,563
YTO,Toronto,SFO,San Francisco,2026-10-08 00:00:00+00:00,2026-10-29 00:00:00+00:00,,,389,USD,1,,2026-10-04 04:34:05.311449+00:00,travelpayouts,round_trip,month-matrix,919
YTO,Toronto,SFO,San Francisco,2026-10-06 00:00:00+00:00,2026-10-26 00:00:00+00:00,,,417,USD,1,,2026-10-04 04:34:05.311449+00:00,travelpayouts,round_trip,month-matrix,965
YTO,Toronto,SFO,San Francisco,2026-10-06 00:00:00+00:00,2026-10-27 00:00:00+00:00,,,417,USD,1,,2026-10-04 04:34:05.311449+00:00,travelpayouts,round_trip,month-matrix,916
YTO,Toronto,SFO,San Francisco,2026-10-06 00:00:00+00:00,2026-10-28 00:00:00+00:00,,,417,USD,0,,2026-10-04 04:34:05.311449+00:00,travelpayouts,round_trip,month-matrix,0
YTO,Toronto,SFO,San Francisco,2026-10-06 00:00:00+00:00,2026-10-29 00:00:00+00:00,,,417,USD,0,,2026-10-04 04:34:05.311449+00:00,travelpayouts,round_trip,month-matrix,0
YTO,Toronto,SFO,San Francisco,2026-10-06 00:00:00+00:00,2026-10-30 00:00:00+00:00,,,417,USD,1,,2026-10-04 04:34:05.311449+00:00,travelpayouts,round_trip,month-matrix,965
YTO,Toronto,SFO,San Francisco,2026-10-07 00:00:00+00:00,2026-10-27 00:00:00+00:00,,,417,USD,1,,2026-10-04 04:34:05.311449+00:00,travelpayouts,round_trip,month-matrix,934
YTO,Toronto,SFO,San Francisco,2026-10-07 00:00:00+00:00,2026-10-28 00:00:00+00:00,,,417,USD,1,,2026-10-04 04:34:05.311449+00:00,travelpayouts,round_trip,month-matrix,993
YTO,Toronto,SFO,San Francisco,2026-10-07 00:00:00+00:00,2026-10-29 00:00:00+00:00,,,417,USD,1,,2026-10-04 04:34:05.311449+00:00,travelpayouts,round_trip,month-matrix,937
YTO,Toronto,SFO,San Francisco,2026-10-07 00:00:00+00:00,2026-10-22 00:00:00+00:00,,,428,USD,0,,2026-10-04 04:34:05.311449+00:00,travelpayouts,round_trip,month-matrix,0
YTO,Toronto,SFO,San Francisco,2026-10-07 00:00:00+00:00,2026-10-23 00:00:00+00:00,,,428,USD,0,,2026-10-04 04:34:05.311449+00:00,travelpayouts,round_trip,month-matrix,0
YTO,Toronto,SFO,San Francisco,2026-10-07 00:00:00+00:00,2026-10-24 00:00:00+00:00,,,428,USD,0,,2026-10-04 04:34:05.311449+00:00,travelpayouts,round_trip,month-matrix,0
YTO,Toronto,SFO,San Francisco,2026-10-07 00:00:00+00:00,2026-10-25 00:00:00+00:00,,,428,USD,0,,2026-10-04 04:34:05.311449+00:00,travelpayouts,round_trip,month-matrix,0
YTO,Toronto,SFO,San Francisco,2026-10-07 00:00:00+00:00,2026-10-26 00:00:00+00:00,,,428,USD,0,,2026-10-04 04:34:05.311449+00:00,travelpayouts,round_trip,month-matrix,0
YTO,Toronto,SFO,San Francisco,2026-10-07 00:00:00+00:00,2026-10-21 00:00:00+00:00,,,438,USD,1,,2026-10-04 04:34:05.311449+00:00,travelpayouts,round_trip,month-matrix,839
YTO,Toronto,SFO,San Francisco,2026-10-08 15:40:00+00:00,2026-10-29 13:47:00+00:00,AA,6488,389,USD,1,,2026-10-04 04:34:05.805474+00:00,travelpayouts,round_trip,prices_for_dates,919
YTO,Toronto,SFO,San Francisco,2026-10-06 15:40:00+00:00,2026-10-27 06:36:00+00:00,AA,6488,417,USD,1,,2026-10-04 04:34:05.805474+00:00,travelpayouts,round_trip,prices_for_dates,965
YTO,Toronto,SFO,San Francisco,2026-10-06 15:40:00+00:00,2026-10-27 14:10:00+00:00,AA,6488,417,USD,1,,2026-10-04 04:34:05.805474+00:00,travelpayouts,round_trip,prices_for_dates,916
YTO,Toronto,SFO,San Francisco,2026-10-06 15:40:00+00:00,2026-10-31 06:36:00+00:00,AA,6488,417,USD,1,,2026-10-04 04:34:05.805474+00:00,travelpayouts,round_trip,prices_for_dates,965
YTO,Toronto,SFO,San Francisco,2026-10-07 17:15:00+00:00,2026-10-27 14:10:00+00:00,AA,3606,417,USD,1,,2026-10-04 04:34:05.805474+00:00,travelpayouts,round_trip,prices_for_dates,934
YTO,Toronto,SFO,San Francisco,2026-10-07 11:29:00+00:00,2026-10-28 14:10:00+00:00,AA,3524,417,USD,1,,2026-10-04 04:34:05.805474+00:00,travelpayouts,round_trip,prices_for_dates,993
YTO,Toronto,SFO,San Francisco,2026-10-07 17:15:00+00:00,2026-10-29 13:47:00+00:00,AA,3606,417,USD,1,,2026-10-04 04:34:05.805474+00:00,travelpayouts,round_trip,prices_for_dates,937
YTO,Toronto,SFO,San Francisco,2026-10-07 11:29:00+00:00,2026-10-21 20:20:00+00:00,AA,3524,438,USD,1,,2026-10-04 04:34:05.805474+00:00,travelpayouts,round_trip,prices_for_dates,839
YTO,Toronto,SFO,San Francisco,2026-11-06 22:55:00+00:00,,UA,2243,374,USD,1,2026-10-04 05:34:08+00:00,2026-10-04 04:34:08.448766+00:00,travelpayouts,one_way,calendar,
YTO,Toronto,SFO,San Francisco,2026-11-09 11:30:00+00:00,,UA,2603,276,USD,0,2026-10-04 05:34:08+00:00,2026-10-04 04:34:08.448766+00:00,travelpayouts,one_way,calendar,
YTO,Toronto,SFO,San Francisco,2026-11-09 00:00:00+00:00,2026-11-10 00:00:00+00:00,,,276,USD,0,,2026-10-04 04:34:08.984013+00:00,travelpayouts,round_trip,month-matrix,657
YTO,Toronto,SFO,San Francisco,2026-11-06 00:00:00+00:00,2026-11-08 00:00:00+00:00,,,374,USD,1,,2026-10-04 04:34:08.984013+00:00,travelpayouts,round_trip,month-matrix,943
YTO,Toronto,SFO,San Francisco,2026-11-09 11:30:00+00:00,2026-11-10 16:10:00+00:00,UA,2603,276,USD,0,,2026-10-04 04:34:09.476508+00:00,travelpayouts,round_trip,prices_for_dates,657
YTO,Toronto,SFO,San Francisco,2026-11-06 22:55:00+00:00,2026-11-08 14:35:00+00:00,UA,2243,374,USD,1,,2026-10-04 04:34:09.476508+00:00,travelpayouts,round_trip,prices_for_dates,943
YTO,Toronto,TYO,Tokyo,2026-10-27 00:00:00+00:00,,,,465,USD,2,,2026-10-04 04:35:39.425372+00:00,travelpayouts,one_way,month-matrix,2460
YTO,Toronto,TYO,Tokyo,2026-10-24 00:00:00+00:00,,,,541,USD,0,,2026-10-04 04:35:39.425372+00:00,travelpayouts,one_way,month-matrix,0
YTO,Toronto,TYO,Tokyo,2026-10-25 00:00:00+00:00,,,,541,USD,0,,2026-10-04 04:35:39.425372+00:00,travelpayouts,one_way,month-matrix,0
YTO,Toronto,TYO,Tokyo,2026-10-26 00:00:00+00:00,,,,541,USD,0,,2026-10-04 04:35:39.425372+00:00,travelpayouts,one_way,month-matrix,0
YTO,Toronto,TYO,Tokyo,2026-10-28 00:00:00+00:00,,,,601,USD,2,,2026-10-04 04:35:39.425372+00:00,travelpayouts,one_way,month-matrix,2190
YTO,Toronto,TYO,Tokyo,2026-10-23 00:00:00+00:00,,,,617,USD,2,,2026-10-04 04:35:39.425372+00:00,travelpayouts,one_way,month-matrix,2225
YTO,Toronto,TYO,Tokyo,2026-10-20 00:00:00+00:00,,,,674,USD,2,,2026-10-04 04:35:39.425372+00:00,travelpayouts,one_way,month-matrix,2180
YTO,Toronto,TYO,Tokyo,2026-10-06 00:00:00+00:00,,,,736,USD,1,,2026-10-04 04:35:39.425372+00:00,travelpayouts,one_way,month-matrix,1735
YTO,Toronto,TYO,Tokyo,2026-10-07 00:00:00+00:00,,,,736,USD,1,,2026-10-04 04:35:39.425372+00:00,travelpayouts,one_way,month-matrix,990
YTO,Toronto,TYO,Tokyo,2026-10-22 00:00:00+00:00,,,,781,USD,0,,2026-10-04 04:35:39.425372+00:00,travelpayouts,one_way,month-matrix,0
YTO,Toronto,TYO,Tokyo,2026-10-15 00:00:00+00:00,,,,793,USD,1,,2026-10-04 04:35:39.425372+00:00,travelpayouts,one_way,month-matrix,990
YTO,Toronto,TYO,Tokyo,2026-10-19 00:00:00+00:00,,,,806,USD,1,,2026-10-04 04:35:39.425372+00:00,travelpayouts,one_way,month-matrix,1280
YTO,Toronto,TYO,Tokyo,2026-10-17 00:00:00+00:00,,,,837,USD,3,,2026-10-04 04:35:39.425372+00:00,travelpayouts,one_way,month-matrix,3475
YTO,Toronto,TYO,Tokyo,2026-10-05 00:00:00+00:00,,,,937,USD,1,,2026-10-04 04:35:39.425372+00:00,travelpayouts,one_way,month-matrix,1735
YTO,Toronto,TYO,Tokyo,2026-10-14 00:00:00+00:00,,,,946,USD,2,,2026-10-04 04:35:39.425372+00:00,travelpayouts,one_way,month-matrix,2710
YTO,Toronto,TYO,Tokyo,2026-10-21 00:00:00+00:00,,,,946,USD,2,,2026-10-04 04:35:39.425372+00:00,travelpayouts,one_way,month-matrix,1690
YTO,Toronto,TYO,Tokyo,2026-10-18 00:00:00+00:00,,,,991,USD,1,,2026-10-04 04:35:39.425372+00:00,travelpayouts,one_way,month-matrix,1015
YTO,Toronto,TYO,Tokyo,2026-10-13 00:00:00+00:00,,,,1000,USD,1,,2026-10-04 04:35:39.425372+00:00,travelpayouts,one_way,month-matrix,1635
YTO,Toronto,TYO,Tokyo,2026-10-08 00:00:00+00:00,,,,1025,USD,1,,2026-10-04 04:35:39.425372+00:00,travelpayouts,one_way,month-matrix,1015
YTO,Toronto,TYO,Tokyo,2026-10-09 00:00:00+00:00,,,,1025,USD,0,,2026-10-04 04:35:39.425372+00:00,travelpayouts,one_way,month-matrix,0
YTO,Toronto,TYO,Tokyo,2026-10-10 00:00:00+00:00,,,,1025,USD,0,,2026-10-04 04:35:39.425372+00:00,travelpayouts,one_way,month-matrix,0
YTO,Toronto,TYO,Tokyo,2026-10-11 00:00:00+00:00,,,,1025,USD,0,,2026-10-04 04:35:39.425372+00:00,travelpayouts,one_way,month-matrix,0
YTO,Toronto,TYO,Tokyo,2026-10-12 00:00:00+00:00,,,,1025,USD,1,,2026-10-04 04:35:39.425372+00:00,travelpayouts,one_way,month-matrix,1130
YTO,Toronto,TYO,Tokyo,2026-10-16 00:00:00+00:00,,,,1029,USD,1,,2026-10-04 04:35:39.425372+00:00,travelpayouts,one_way,month-matrix,1025
YTO,Toronto,TYO,Tokyo,2026-10-04 00:00:00+00:00,,,,1078,USD,1,,2026-10-04 04:35:39.425372+00:00,travelpayouts,one_way,month-matrix,1800
YTO,Toronto,TYO,Tokyo,2026-10-27 10:45:00+00:00,,PD,2529,465,USD,2,,2026-10-04 04:35:39.888909+00:00,travelpayouts,one_way,prices_for_dates,2460
YTO,Toronto,TYO,Tokyo,2026-10-28 13:50:00+00:00,,PD,671,601,USD,2,,2026-10-04 04:35:39.888909+00:00,travelpayouts,one_way,prices_for_dates,2190
YTO,Toronto,TYO,Tokyo,2026-10-23 13:15:00+00:00,,P3,2719,617,USD,2,,2026-10-04 04:35:39.888909+00:00,travelpayouts,one_way,prices_for_dates,2225
YTO,Toronto,TYO,Tokyo,2026-10-20 22:40:00+00:00,,AC,1041,674,USD,2,,2026-10-04 04:35:39.888909+00:00,travelpayouts,one_way,prices_for_dates,2180
YTO,Toronto,TYO,Tokyo,2026-10-07 02:25:00+00:00,,WS,659,736,USD,1,,2026-10-04 04:35:39.888909+00:00,travelpayouts,one_way,prices_for_dates,1735
YTO,Toronto,TYO,Tokyo,2026-10-07 14:50:00+00:00,,WS,637,736,USD,1,,2026-10-04 04:35:39.888909+00:00,travelpayouts,one_way,prices_for_dates,990
YTO,Toronto,TYO,Tokyo,2026-10-15 14:50:00+00:00,,WS,637,793,USD,1,,2026-10-04 04:35:39.888909+00:00,travelpayouts,one_way,prices_for_dates,990
YTO,Toronto,TYO,Tokyo,2026-10-19 16:30:00+00:00,,KE,78,806,USD,1,,2026-10-04 04:35:39.888909+00:00,travelpayouts,one_way,prices_for_dates,1280
YTO,Toronto,TYO,Tokyo,2026-10-17 11:00:00+00:00,,UA,1612,837,USD,3,,2026-10-04 04:35:39.888909+00:00,travelpayouts,one_way,prices_for_dates,3475
YTO,Toronto,TYO,Tokyo,2026-10-06 02:25:00+00:00,,WS,659,937,USD,1,,2026-10-04 04:35:39.888909+00:00,travelpayouts,one_way,prices_for_dates,1735
YTO,Toronto,TYO,Tokyo,2026-10-14 10:10:00+00:00,,WS,437,946,USD,2,,2026-10-04 04:35:39.888909+00:00,travelpayouts,one_way,prices_for_dates,2710
YTO,Toronto,TYO,Tokyo,2026-10-22 03:10:00+00:00,,WS,387,946,USD,2,,2026-10-04 04:35:39.888909+00:00,travelpayouts,one_way,prices_for_dates,1690
YTO,Toronto,TYO,Tokyo,2026-10-18 13:30:00+00:00,,AC,7956,991,USD,1,,2026-10-04 04:35:39.888909+00:00,travelpayouts,one_way,prices_for_dates,1015
YTO,Toronto,TYO,Tokyo,2026-10-14 03:10:00+00:00,,AC,432,1000,USD,1,,2026-10-04 04:35:39.888909+00:00,travelpayouts,one_way,prices_for_dates,1635
YTO,Toronto,TYO,Tokyo,2026-10-08 12:50:00+00:00,,AC,1039,1025,USD,1,,2026-10-04 04:35:39.888909+00:00,travelpayouts,one_way,prices_for_dates,1015
YTO,Toronto,TYO,Tokyo,2026-10-12 10:10:00+00:00,,UA,1345,1025,USD,1,,2026-10-04 04:35:39.888909+00:00,travelpayouts,one_way,prices_for_dates,1130
YTO,Toronto,TYO,Tokyo,2026-10-16 11:30:00+00:00,,UA,3435,1029,USD,1,,2026-10-04 04:35:39.888909+00:00,travelpayouts,one_way,prices_for_dates,1025
YTO,Toronto,TYO,Tokyo,2026-10-04 22:25:00+00:00,,AA,3610,1078,USD,1,,2026-10-04 04:35:39.888909+00:00,travelpayouts,one_way,prices_for_dates,1800
YTO,Toronto,TYO,Tokyo,2026-10-27 00:00:00+00:00,,,,496,USD,2,,2026-10-04 04:35:40.351449+00:00,travelpayouts,one_way,latest,2460
YTO,Toronto,TYO,Tokyo,2026-10-24 00:00:00+00:00,,,,557,USD,0,,2026-10-04 04:35:40.351449+00:00,travelpayouts,one_way,latest,0
YTO,Toronto,TYO,Tokyo,2026-10-25 00:00:00+00:00,,,,557,USD,0,,2026-10-04 04:35:40.351449+00:00,travelpayouts,one_way,latest,0
YTO,Toronto,TYO,Tokyo,2026-10-26 00:00:00+00:00,,,,557,USD,0,,2026-10-04 04:35:40.351449+00:00,travelpayouts,one_way,latest,0
YTO,Toronto,TYO,Tokyo,2026-10-20 00:00:00+00:00,2026-10-30 00:00:00+00:00,,,1070,USD,1,,2026-10-04 04:35:40.849088+00:00,travelpayouts,round_trip,month-matrix,3125
YTO,Toronto,TYO,Tokyo,2026-10-20 00:00:00+00:00,2026-10-31 00:00:00+00:00,,,1109,USD,0,,2026-10-04 04:35:40.849088+00:00,travelpayouts,round_trip,month-matrix,0
YTO,Toronto,TYO,Tokyo,2026-10-20 00:00:00+00:00,2026-11-01 00:00:00+00:00,,,1109,USD,0,,2026-10-04 04:35:40.849088+00:00,travelpayouts,round_trip,month-matrix,0
YTO,Toronto,TYO,Tokyo,2026-10-20 00:00:00+00:00,2026-11-02 00:00:00+00:00,,,1109,USD,0,,2026-10-04 04:35:40.849088+00:00,travelpayouts,round_trip,month-matrix,0
YTO,Toronto,TYO,Tokyo,2026-10-20 00:00:00+00:00,2026-11-03 00:00:00+00:00,,,1109,USD,0,,2026-10-04 04:35:40.849088+00:00,travelpayouts,round_trip,month-matrix,0
YTO,Toronto,TYO,Tokyo,2026-10-20 00:00:00+00:00,2026-11-04 00:00:00+00:00,,,1109,USD,0,,2026-10-04 04:35:40.849088+00:00,travelpayouts,round_trip,month-matrix,0
YTO,Toronto,TYO,Tokyo,2026-10-20 00:00:00+00:00,2026-11-05 00:00:00+00:00,,,1109,USD,0,,2026-10-04 04:35:40.849088+00:00,travelpayouts,round_trip,month-matrix,0
YTO,Toronto,TYO,Tokyo,2026-10-20 00:00:00+00:00,2026-11-06 00:00:00+00:00,,,1109,USD,0,,2026-10-04 04:35:40.849088+00:00,travelpayouts,round_trip,month-matrix,0
YTO,Toronto,TYO,Tokyo,2026-10-07 00:00:00+00:00,2026-10-13 00:00:00+00:00,,,1109,USD,1,,2026-10-04 04:35:40.849088+00:00,travelpayouts,round_trip,month-matrix,2400
YTO,Toronto,TYO,Tokyo,2026-10-20 00:00:00+00:00,2026-11-07 00:00:00+00:00,,,1147,USD,2,,2026-10-04 04:35:40.849088+00:00,travelpayouts,round_trip,month-matrix,3170
YTO,Toronto,TYO,Tokyo,2026-10-09 00:00:00+00:00,2026-10-11 00:00:00+00:00,,,1645,USD,1,,2026-10-04 04:35:40.849088+00:00,travelpayouts,round_trip,month-matrix,2895
YTO,Toronto,TYO,Tokyo,2026-10-20 18:45:00+00:00,2026-10-30 07:50:00+00:00,NH,7763,1070,USD,1,,2026-10-04 04:53:35.557205+00:00,travelpayouts,round_trip,prices_for_dates,3125
YTO,Toronto,TYO,Tokyo,2026-10-07 10:00:00+00:00,2026-10-13 09:30:00+00:00,WS,627,1109,USD,1,,2026-10-04 04:53:35.557205+00:00,travelpayouts,round_trip,prices_for_dates,2400
YTO,Toronto,TYO,Tokyo,2026-10-21 00:00:00+00:00,2026-11-07 07:00:00+00:00,WS,655,1147,USD,2,,2026-10-04 04:53:35.557205+00:00,travelpayouts,round_trip,prices_for_dates,3170
YTO,Toronto,TYO,Tokyo,2026-10-09 10:00:00+00:00,2026-10-11 00:15:00+00:00,WS,627,1645,USD,1,,2026-10-04 04:53:35.557205+00:00,travelpayouts,round_trip,prices_for_dates,2895
YTO,Toronto,TYO,Tokyo,2026-11-18 00:00:00+00:00,,,,546,USD,2,,2026-10-04 04:53:36.548355+00:00,travelpayouts,one_way,month-matrix,3575
YTO,Toronto,TYO,Tokyo,2026-11-09 00:00:00+00:00,,,,573,USD,2,,2026-10-04 04:53:36.548355+00:00,travelpayouts,one_way,month-matrix,3245
YTO,Toronto,TYO,Tokyo,2026-11-16 00:00:00+00:00,,,,607,USD,0,,2026-10-04 04:53:36.548355+00:00,travelpayouts,one_way,month-matrix,0
YTO,Toronto,TYO,Tokyo,2026-11-17 00:00:00+00:00,,,,607,USD,0,,2026-10-04 04:53:36.548355+00:00,travelpayouts,one_way,month-matrix,0
YTO,Toronto,TYO,Tokyo,2026-11-10 00:00:00+00:00,,,,620,USD,0,,2026-10-04 04:53:36.548355+00:00,travelpayouts,one_way,month-matrix,0
YTO,Toronto,TYO,Tokyo,2026-11-11 00:00:00+00:00,,,,620,USD,0,,2026-10-04 04:53:36.548355+00:00,travelpayouts,one_way,month-matrix,0
YTO,Toronto,TYO,Tokyo,2026-11-12 00:00:00+00:00,,,,620,USD,0,,2026-10-04 04:53:36.548355+00:00,travelpayouts,one_way,month-matrix,0
YTO,Toronto,TYO,Tokyo,2026-11-13 00:00:00+00:00,,,,620,USD,0,,2026-10-04 04:53:36.548355+00:00,travelpayouts,one_way,month-matrix,0
YTO,Toronto,TYO,Tokyo,2026-11-14 00:00:00+00:00,,,,620,USD,0,,2026-10-04 04:53:36.548355+00:00,travelpayouts,one_way,month-matrix,0
YTO,Toronto,TYO,Tokyo,2026-11-15 00:00:00+00:00,,,,667,USD,2,,2026-10-04 04:53:36.548355+00:00,travelpayouts,one_way,month-matrix,1660
YTO,Toronto,TYO,Tokyo,2026-11-19 00:55:00+00:00,,PD,317,546,USD,2,,2026-10-04 04:53:37.046317+00:00,travelpayouts,one_way,prices_for_dates,3575
YTO,Toronto,TYO,Tokyo,2026-11-09 05:30:00+00:00,,PR,119,573,USD,2,,2026-10-04 04:53:37.046317+00:00,travelpayouts,one_way,prices_for_dates,3245
YTO,Toronto,TYO,Tokyo,2026-11-16 03:50:00+00:00,,WS,387,667,USD,2,,2026-10-04 04:53:37.046317+00:00,travelpayouts,one_way,prices_for_dates,1660
YTO,Toronto,TYO,Tokyo,2026-11-07 00:00:00+00:00,2026-11-17 00:00:00+00:00,,,1146,USD,3,,2026-10-04 04:53:37.982442+00:00,travelpayouts,round_trip,month-matrix,5110
YTO,Toronto,TYO,Tokyo,2026-11-08 03:20:00+00:00,2026-11-17 12:35:00+00:00,KE,737,1146,USD,3,,2026-10-04 04:57:08.258365+00:00,travelpayouts,round_trip,prices_for_dates,5110
YTO,Toronto,TYO,Tokyo,2026-12-01 00:00:00+00:00,,,,408,USD,1,,2026-10-04 04:57:09.218278+00:00,travelpayouts,one_way,month-matrix,2000
YTO,Toronto,TYO,Tokyo,2026-12-30 00:00:00+00:00,,,,497,USD,2,,2026-10-04 04:57:09.218278+00:00,travelpayouts,one_way,month-matrix,2180
YTO,Toronto,TYO,Tokyo,2026-12-31 00:00:00+00:00,,,,506,USD,1,,2026-10-04 04:57:09.218278+00:00,travelpayouts,one_way,month-matrix,1140
YTO,Toronto,TYO,Tokyo,2026-12-27 00:00:00+00:00,,,,507,USD,0,,2026-10-04 04:57:09.218278+00:00,travelpayouts,one_way,month-matrix,0
YTO,Toronto,TYO,Tokyo,2026-12-28 00:00:00+00:00,,,,507,USD,0,,2026-10-04 04:57:09.218278+00:00,travelpayouts,one_way,month-matrix,0
YTO,Toronto,TYO,Tokyo,2026-12-29 00:00:00+00:00,,,,507,USD,0,,2026-10-04 04:57:09.218278+00:00,travelpayouts,one_way,month-matrix,0
YTO,Toronto,TYO,Tokyo,2026-12-26 00:00:00+00:00,,,,517,USD,1,,2026-10-04 04:57:09.218278+00:00,travelpayouts,one_way,month-matrix,1805
YTO,Toronto,TYO,Tokyo,2026-12-02 00:00:00+00:00,,,,584,USD,0,,2026-10-04 04:57:09.218278+00:00,travelpayouts,one_way,month-matrix,0
YTO,Toronto,TYO,Tokyo,2026-12-03 00:00:00+00:00,,,,584,USD,0,,2026-10-04 04:57:09.218278+00:00,travelpayouts,one_way,month-matrix,0
YTO,Toronto,TYO,Tokyo,2026-12-04 00:00:00+00:00,,,,584,USD,0,,2026-10-04 04:57:09.218278+00:00,travelpayouts,one_way,month-matrix,0
YTO,Toronto,TYO,Tokyo,2026-12-05 00:00:00+00:00,,,,584,USD,0,,2026-10-04 04:57:09.218278+00:00,travelpayouts,one_way,month-matrix,0
YTO,Toronto,TYO,Tokyo,2026-12-06 00:00:00+00:00,,,,584,USD,0,,2026-10-04 04:57:09.218278+00:00,travelpayouts,one_way,month-matrix,0
YTO,Toronto,TYO,Tokyo,2026-12-07 00:00:00+00:00,,,,584,USD,0,,2026-10-04 04:57:09.218278+00:00,travelpayouts,one_way,month-matrix,0
YTO,Toronto,TYO,Tokyo,2026-12-08 00:00:00+00:00,,,,584,USD,0,,2026-10-04 04:57:09.218278+00:00,travelpayouts,one_way,month-matrix,0
YTO,Toronto,TYO,Tokyo,2026-12-09 00:00:00+00:00,,,,584,USD,0,,2026-10-04 04:57:09.218278+00:00,travelpayouts,one_way,month-matrix,0
YTO,Toronto,TYO,Tokyo,2026-12-10 00:00:00+00:00,,,,584,USD,0,,2026-10-04 04:57:09.218278+00:00,travelpayouts,one_way,month-matrix,0
YTO,Toronto,TYO,Tokyo,2026-12-11 00:00:00+00:00,,,,584,USD,0,,2026-10-04 04:57:09.218278+00:00,travelpayouts,one_way,month-matrix,0
YTO,Toronto,TYO,Tokyo,2026-12-12 00:00:00+00:00,,,,584,USD,0,,2026-10-04 04:57:09.218278+00:00,travelpayouts,one_way,month-matrix,0
YTO,Toronto,TYO,Tokyo,2026-12-13 00:00:00+00:00,,,,584,USD,0,,2026-10-04 04:57:09.218278+00:00,travelpayouts,one_way,month-matrix,0
YTO,Toronto,TYO,Tokyo,2026-12-14 00:00:00+00:00,,,,584,USD,0,,2026-10-04 04:57:09.218278+00:00,travelpayouts,one_way,month-matrix,0
YTO,Toronto,TYO,Tokyo,2026-12-24 00:00:00+00:00,,,,636,USD,3,,2026-10-04 04:57:09.218278+00:00,travelpayouts,one_way,month-matrix,2710
YTO,Toronto,TYO,Tokyo,2026-12-15 00:00:00+00:00,,,,760,USD,1,,2026-10-04 04:57:09.218278+00:00,travelpayouts,one_way,month-matrix,1230
YTO,Toronto,TYO,Tokyo,2026-12-25 00:00:00+00:00,,,,762,USD,1,,2026-10-04 04:57:09.218278+00:00,travelpayouts,one_way,month-matrix,2345
YTO,Toronto,TYO,Tokyo,2026-12-23 00:00:00+00:00,,,,793,USD,2,,2026-10-04 04:57:09.218278+00:00,travelpayouts,one_way,month-matrix,2875
YTO,Toronto,TYO,Tokyo,2026-12-21 00:00:00+00:00,,,,874,USD,2,,2026-10-04 04:57:09.218278+00:00,travelpayouts,one_way,month-matrix,2875
YTO,Toronto,TYO,Tokyo,2026-12-22 00:00:00+00:00,,,,894,USD,3,,2026-10-04 04:57:09.218278+00:00,travelpayouts,one_way,month-matrix,2290
YTO,Toronto,TYO,Tokyo,2026-12-17 00:00:00+00:00,,,,895,USD,3,,2026-10-04 04:57:09.218278+00:00,travelpayouts,one_way,month-matrix,2290
YTO,Toronto,TYO,Tokyo,2026-12-16 00:00:00+00:00,,,,972,USD,1,,2026-10-04 04:57:09.218278+00:00,travelpayouts,one_way,month-matrix,1140
YTO,Toronto,TYO,Tokyo,2026-12-20 00:00:00+00:00,,,,975,USD,2,,2026-10-04 04:57:09.218278+00:00,travelpayouts,one_way,month-matrix,1985
YTO,Toronto,TYO,Tokyo,2026-12-19 00:00:00+00:00,,,,1057,USD,2,,2026-10-04 04:57:09.218278+00:00,travelpayouts,one_way,month-matrix,2875
YTO,Toronto,TYO,Tokyo,2026-12-18 00:00:00+00:00,,,,1067,USD,2,,2026-10-04 04:57:09.218278+00:00,travelpayouts,one_way,month-matrix,3100
YTO,Toronto,TYO,Tokyo,2026-12-01 22:10:00+00:00,,WS,651,408,USD,1,,2026-10-04 04:57:09.732935+00:00,travelpayouts,one_way,prices_for_dates,2000
YTO,Toronto,TYO,Tokyo,2026-12-30 19:10:00+00:00,,WS,447,497,USD,2,,2026-10-04 04:57:09.732935+00:00,travelpayouts,one_way,prices_for_dates,2180
YTO,Toronto,TYO,Tokyo,2026-12-31 12:30:00+00:00,,WS,629,506,USD,1,,2026-10-04 04:57:09.732935+00:00,travelpayouts,one_way,prices_for_dates,1140
YTO,Toronto,TYO,Tokyo,2026-12-26 05:30:00+00:00,,PR,119,517,USD,1,,2026-10-04 04:57:09.732935+00:00,travelpayouts,one_way,prices_for_dates,1805
YTO,Toronto,TYO,Tokyo,2026-12-24 11:45:00+00:00,,PD,2529,636,USD,3,,2026-10-04 04:57:09.732935+00:00,travelpayouts,one_way,prices_for_dates,2710
YTO,Toronto,TYO,Tokyo,2026-12-15 11:00:00+00:00,,WS,627,760,USD,1,,2026-10-04 04:57:09.732935+00:00,travelpayouts,one_way,prices_for_dates,1230
YTO,Toronto,TYO,Tokyo,2026-12-25 18:40:00+00:00,,F8,609,762,USD,1,,2026-10-04 04:57:09.732935+00:00,travelpayouts,one_way,prices_for_dates,2345
YTO,Toronto,TYO,Tokyo,2026-12-24 02:00:00+00:00,,F8,613,793,USD,2,,2026-10-04 04:57:09.732935+00:00,travelpayouts,one_way,prices_for_dates,2875
YTO,Toronto,TYO,Tokyo,2026-12-22 02:00:00+00:00,,F8,613,874,USD,2,,2026-10-04 04:57:09.732935+00:00,travelpayouts,one_way,prices_for_dates,2875
YTO,Toronto,TYO,Tokyo,2026-12-22 11:45:00+00:00,,P3,2529,894,USD,3,,2026-10-04 04:57:09.732935+00:00,travelpayouts,one_way,prices_for_dates,2290
YTO,Toronto,TYO,Tokyo,2026-12-17 11:45:00+00:00,,PD,2529,895,USD,3,,2026-10-04 04:57:09.732935+00:00,travelpayouts,one_way,prices_for_dates,2290
YTO,Toronto,TYO,Tokyo,2026-12-16 12:30:00+00:00,,WS,629,972,USD,1,,2026-10-04 04:57:09.732935+00:00,travelpayouts,one_way,prices_for_dates,1140
YTO,Toronto,TYO,Tokyo,2026-12-21 03:20:00+00:00,,WS,737,975,USD,2,,2026-10-04 04:57:09.732935+00:00,travelpayouts,one_way,prices_for_dates,1985
YTO,Toronto,TYO,Tokyo,2026-12-20 02:00:00+00:00,,F8,613,1057,USD,2,,2026-10-04 04:57:09.732935+00:00,travelpayouts,one_way,prices_for_dates,2875
YTO,Toronto,TYO,Tokyo,2026-12-19 03:50:00+00:00,,WS,387,1067,USD,2,,2026-10-04 04:57:09.732935+00:00,travelpayouts,one_way,prices_for_dates,3100
YTO,Toronto,TYO,Tokyo,2026-12-01 00:00:00+00:00,,,,438,USD,2,,2026-10-04 04:57:10.235069+00:00,travelpayouts,one_way,latest,1660
YTO,Toronto,TYO,Tokyo,2026-12-02 00:00:00+00:00,,,,599,USD,0,,2026-10-04 04:57:10.235069+00:00,travelpayouts,one_way,latest,0
YTO,Toronto,TYO,Tokyo,2026-12-03 00:00:00+00:00,,,,599,USD,0,,2026-10-04 04:57:10.235069+00:00,travelpayouts,one_way,latest,0
YTO,Toronto,TYO,Tokyo,2026-12-04 00:00:00+00:00,,,,599,USD,0,,2026-10-04 04:57:10.235069+00:00,travelpayouts,one_way,latest,0
YTO,Toronto,TYO,Tokyo,2026-12-05 00:00:00+00:00,,,,599,USD,0,,2026-10-04 04:57:10.235069+00:00,travelpayouts,one_way,latest,0
YTO,Toronto,TYO,Tokyo,2026-12-06 00:00:00+00:00,,,,599,USD,0,,2026-10-04 04:57:10.235069+00:00,travelpayouts,one_way,latest,0
YTO,Toronto,TYO,Tokyo,2026-12-07 00:00:00+00:00,,,,599,USD,0,,2026-10-04 04:57:10.235069+00:00,travelpayouts,one_way,latest,0
YTO,Toronto,TYO,Tokyo,2026-12-08 00:00:00+00:00,,,,599,USD,0,,2026-10-04 04:57:10.235069+00:00,travelpayouts,one_way,latest,0
YTO,Toronto,TYO,Tokyo,2026-12-09 00:00:00+00:00,,,,599,USD,0,,2026-10-04 04:57:10.235069+00:00,travelpayouts,one_way,latest,0
YTO,Toronto,TYO,Tokyo,2026-12-10 00:00:00+00:00,,,,599,USD,0,,2026-10-04 04:57:10.235069+00:00,travelpayouts,one_way,latest,0
YTO,Toronto,TYO,Tokyo,2026-12-11 00:00:00+00:00,,,,599,USD,0,,2026-10-04 04:57:10.235069+00:00,travelpayouts,one_way,latest,0
YTO,Toronto,TYO,Tokyo,2026-12-12 00:00:00+00:00,,,,599,USD,0,,2026-10-04 04:57:10.235069+00:00,travelpayouts,one_way,latest,0
YTO,Toronto,TYO,Tokyo,2026-12-13 00:00:00+00:00,,,,599,USD,0,,2026-10-04 04:57:10.235069+00:00,travelpayouts,one_way,latest,0
YTO,Toronto,TYO,Tokyo,2026-12-14 00:00:00+00:00,,,,599,USD,0,,2026-10-04 04:57:10.235069+00:00,travelpayouts,one_way,latest,0
YTO,Toronto,TYO,Tokyo,2026-12-24 00:00:00+00:00,,,,726,USD,3,,2026-10-04 04:57:10.235069+00:00,travelpayouts,one_way,latest,2710
YTO,Toronto,TYO,Tokyo,2026-12-23 00:00:00+00:00,,,,857,USD,3,,2026-10-04 04:57:10.235069+00:00,travelpayouts,one_way,latest,3325
YTO,Toronto,TYO,Tokyo,2026-12-19 00:00:00+00:00,,,,1116,USD,3,,2026-10-04 04:57:10.235069+00:00,travelpayouts,one_way,latest,3125
YTO,Toronto,TYO,Tokyo,2026-12-07 00:00:00+00:00,2026-12-14 00:00:00+00:00,,,832,USD,1,,2026-10-04 04:57:10.707623+00:00,travelpayouts,round_trip,month-matrix,2200
YTO,Toronto,TYO,Tokyo,2026-12-01 00:00:00+00:00,2026-12-09 00:00:00+00:00,,,917,USD,1,,2026-10-04 04:57:10.707623+00:00,travelpayouts,round_trip,month-matrix,3055
YTO,Toronto,TYO,Tokyo,2026-12-10 00:00:00+00:00,2027-01-07 00:00:00+00:00,,,987,USD,1,,2026-10-04 04:57:10.707623+00:00,travelpayouts,round_trip,month-matrix,4330
YTO,Toronto,TYO,Tokyo,2026-12-08 00:00:00+00:00,2027-01-11 00:00:00+00:00,,,998,USD,1,,2026-10-04 04:57:10.707623+00:00,travelpayouts,round_trip,month-matrix,2805
YTO,Toronto,TYO,Tokyo,2026-12-18 00:00:00+00:00,2026-12-29 00:00:00+00:00,,,1737,USD,2,,2026-10-04 04:57:10.707623+00:00,travelpayouts,round_trip,month-matrix,3125
YTO,Toronto,TYO,Tokyo,2026-12-07 12:30:00+00:00,2026-12-14 09:30:00+00:00,WS,629,832,USD,1,,2026-10-04 04:57:11.225446+00:00,travelpayouts,round_trip,prices_for_dates,2200
YTO,Toronto,TYO,Tokyo,2026-12-01 18:40:00+00:00,2026-12-09 07:00:00+00:00,F8,609,917,USD,1,,2026-10-04 04:57:11.225446+00:00,travelpayouts,round_trip,prices_for_dates,3055
YTO,Toronto,TYO,Tokyo,2026-12-10 05:30:00+00:00,2027-01-07 12:35:00+00:00,PR,119,987,USD,1,,2026-10-04 04:57:11.225446+00:00,travelpayouts,round_trip,prices_for_dates,4330
YTO,Toronto,TYO,Tokyo,2026-12-08 14:35:00+00:00,2027-01-11 07:00:00+00:00,WS,655,998,USD,1,,2026-10-04 04:57:11.225446+00:00,travelpayouts,round_trip,prices_for_dates,2805
YTO,Toronto,TYO,Tokyo,2026-12-18 12:00:00+00:00,2026-12-29 09:30:00+00:00,WS,433,1737,USD,2,,2026-10-04 04:57:11.225446+00:00,travelpayouts,round_trip,prices_for_dates,3125
YTO,Toronto,TYO,Tokyo,2026-12-07 00:00:00+00:00,2026-12-14 00:00:00+00:00,,,884,USD,1,,2026-10-04 04:57:11.682070+00:00,travelpayouts,round_trip,latest,2075
YTO,Toronto,TYO,Tokyo,2027-01-18 00:00:00+00:00,,,,369,USD,1,,2026-10-04 04:57:12.180237+00:00,travelpayouts,one_way,month-matrix,1230
YTO,Toronto,TYO,Tokyo,2027-01-18 11:00:00+00:00,,WS,627,369,USD,1,,2026-10-04 04:57:12.638947+00:00,travelpayouts,one_way,prices_for_dates,1230
YTO,Toronto,TYO,Tokyo,2027-01-14 00:00:00+00:00,2027-02-01 00:00:00+00:00,,,913,USD,2,,2026-10-04 04:57:13.595534+00:00,travelpayouts,round_trip,month-matrix,2855
YTO,Toronto,TYO,Tokyo,2027-01-14 12:00:00+00:00,2027-02-01 09:30:00+00:00,WS,433,913,USD,2,,2026-10-04 04:57:14.126001+00:00,travelpayouts,round_trip,prices_for_dates,2855
YTO,Toronto,SEL,Seoul,2026-10-27 00:00:00+00:00,,,,461,USD,2,,2026-10-04 04:57:15.154204+00:00,travelpayouts,one_way,month-matrix,2025
YTO,Toronto,SEL,Seoul,2026-10-28 00:00:00+00:00,,,,536,USD,1,,2026-10-04 04:57:15.154204+00:00,travelpayouts,one_way,month-matrix,2530
YTO,Toronto,SEL,Seoul,2026-10-06 00:00:00+00:00,,,,639,USD,0,,2026-10-04 04:57:15.154204+00:00,travelpayouts,one_way,month-matrix,0
YTO,Toronto,SEL,Seoul,2026-10-07 00:00:00+00:00,,,,639,USD,0,,2026-10-04 04:57:15.154204+00:00,travelpayouts,one_way,month-matrix,0
YTO,Toronto,SEL,Seoul,2026-10-08 00:00:00+00:00,,,,639,USD,0,,2026-10-04 04:57:15.154204+00:00,travelpayouts,one_way,month-matrix,0
YTO,Toronto,SEL,Seoul,2026-10-09 00:00:00+00:00,,,,639,USD,0,,2026-10-04 04:57:15.154204+00:00,travelpayouts,one_way,month-matrix,0
YTO,Toronto,SEL,Seoul,2026-10-10 00:00:00+00:00,,,,639,USD,0,,2026-10-04 04:57:15.154204+00:00,travelpayouts,one_way,month-matrix,0
YTO,Toronto,SEL,Seoul,2026-10-11 00:00:00+00:00,,,,639,USD,0,,2026-10-04 04:57:15.154204+00:00,travelpayouts,one_way,month-matrix,0
YTO,Toronto,SEL,Seoul,2026-10-12 00:00:00+00:00,,,,639,USD,0,,2026-10-04 04:57:15.154204+00:00,travelpayouts,one_way,month-matrix,0
YTO,Toronto,SEL,Seoul,2026-10-13 00:00:00+00:00,,,,639,USD,0,,2026-10-04 04:57:15.154204+00:00,travelpayouts,one_way,month-matrix,0
YTO,Toronto,SEL,Seoul,2026-10-14 00:00:00+00:00,,,,639,USD,0,,2026-10-04 04:57:15.154204+00:00,travelpayouts,one_way,month-matrix,0
YTO,Toronto,SEL,Seoul,2026-10-15 00:00:00+00:00,,,,639,USD,0,,2026-10-04 04:57:15.154204+00:00,travelpayouts,one_way,month-matrix,0
YTO,Toronto,SEL,Seoul,2026-10-16 00:00:00+00:00,,,,639,USD,0,,2026-10-04 04:57:15.154204+00:00,travelpayouts,one_way,month-matrix,0
YTO,Toronto,SEL,Seoul,2026-10-17 00:00:00+00:00,,,,639,USD,0,,2026-10-04 04:57:15.154204+00:00,travelpayouts,one_way,month-matrix,0
YTO,Toronto,SEL,Seoul,2026-10-18 00:00:00+00:00,,,,639,USD,0,,2026-10-04 04:57:15.154204+00:00,travelpayouts,one_way,month-matrix,0
YTO,Toronto,SEL,Seoul,2026-10-19 00:00:00+00:00,,,,639,USD,0,,2026-10-04 04:57:15.154204+00:00,travelpayouts,one_way,month-matrix,0
YTO,Toronto,SEL,Seoul,2026-10-20 00:00:00+00:00,,,,639,USD,0,,2026-10-04 04:57:15.154204+00:00,travelpayouts,one_way,month-matrix,0
YTO,Toronto,SEL,Seoul,2026-10-21 00:00:00+00:00,,,,639,USD,0,,2026-10-04 04:57:15.154204+00:00,travelpayouts,one_way,month-matrix,0
YTO,Toronto,SEL,Seoul,2026-10-22 00:00:00+00:00,,,,639,USD,0,,2026-10-04 04:57:15.154204+00:00,travelpayouts,one_way,month-matrix,0
YTO,Toronto,SEL,Seoul,2026-10-23 00:00:00+00:00,,,,639,USD,0,,2026-10-04 04:57:15.154204+00:00,travelpayouts,one_way,month-matrix,0
YTO,Toronto,SEL,Seoul,2026-10-24 00:00:00+00:00,,,,639,USD,0,,2026-10-04 04:57:15.154204+00:00,travelpayouts,one_way,month-matrix,0
YTO,Toronto,SEL,Seoul,2026-10-25 00:00:00+00:00,,,,639,USD,0,,2026-10-04 04:57:15.154204+00:00,travelpayouts,one_way,month-matrix,0
YTO,Toronto,SEL,Seoul,2026-10-26 00:00:00+00:00,,,,639,USD,0,,2026-10-04 04:57:15.154204+00:00,travelpayouts,one_way,month-matrix,0
YTO,Toronto,SEL,Seoul,2026-10-04 00:00:00+00:00,,,,751,USD,1,,2026-10-04 04:57:15.154204+00:00,travelpayouts,one_way,month-matrix,1305
YTO,Toronto,SEL,Seoul,2026-10-05 00:00:00+00:00,,,,817,USD,2,,2026-10-04 04:57:15.154204+00:00,travelpayouts,one_way,month-matrix,1415
YTO,Toronto,SEL,Seoul,2026-10-27 10:45:00+00:00,,P3,2529,461,USD,2,,2026-10-04 04:57:15.700175+00:00,travelpayouts,one_way,prices_for_dates,2025
YTO,Toronto,SEL,Seoul,2026-10-29 02:20:00+00:00,,WS,737,536,USD,1,,2026-10-04 04:57:15.700175+00:00,travelpayouts,one_way,prices_for_dates,2530
YTO,Toronto,SEL,Seoul,2026-10-04 12:00:00+00:00,,WS,629,751,USD,1,,2026-10-04 04:57:15.700175+00:00,travelpayouts,one_way,prices_for_dates,1305
YTO,Toronto,SEL,Seoul,2026-10-05 10:10:00+00:00,,WS,437,817,USD,2,,2026-10-04 04:57:15.700175+00:00,travelpayouts,one_way,prices_for_dates,1415
YTO,Toronto,SEL,Seoul,2026-10-27 00:00:00+00:00,,,,516,USD,2,,2026-10-04 04:57:16.166304+00:00,travelpayouts,one_way,latest,2025
YTO,Toronto,SEL,Seoul,2026-10-06 00:00:00+00:00,,,,667,USD,0,,2026-10-04 04:57:16.166304+00:00,travelpayouts,one_way,latest,0
YTO,Toronto,SEL,Seoul,2026-10-07 00:00:00+00:00,,,,667,USD,0,,2026-10-04 04:57:16.166304+00:00,travelpayouts,one_way,latest,0
YTO,Toronto,SEL,Seoul,2026-10-08 00:00:00+00:00,,,,667,USD,0,,2026-10-04 04:57:16.166304+00:00,travelpayouts,one_way,latest,0
YTO,Toronto,SEL,Seoul,2026-10-09 00:00:00+00:00,,,,667,USD,0,,2026-10-04 04:57:16.166304+00:00,travelpayouts,one_way,latest,0
YTO,Toronto,SEL,Seoul,2026-10-10 00:00:00+00:00,,,,667,USD,0,,2026-10-04 04:57:16.166304+00:00,travelpayouts,one_way,latest,0
YTO,Toronto,SEL,Seoul,2026-10-11 00:00:00+00:00,,,,667,USD,0,,2026-10-04 04:57:16.166304+00:00,travelpayouts,one_way,latest,0
YTO,Toronto,SEL,Seoul,2026-10-12 00:00:00+00:00,,,,667,USD,0,,2026-10-04 04:57:16.166304+00:00,travelpayouts,one_way,latest,0
YTO,Toronto,SEL,Seoul,2026-10-13 00:00:00+00:00,,,,667,USD,0,,2026-10-04 04:57:16.166304+00:00,travelpayouts,one_way,latest,0
YTO,Toronto,SEL,Seoul,2026-10-14 00:00:00+00:00,,,,667,USD,0,,2026-10-04 04:57:16.166304+00:00,travelpayouts,one_way,latest,0
YTO,Toronto,SEL,Seoul,2026-10-15 00:00:00+00:00,,,,667,USD,0,,2026-10-04 04:57:16.166304+00:00,travelpayouts,one_way,latest,0
YTO,Toronto,SEL,Seoul,2026-10-16 00:00:00+00:00,,,,667,USD,0,,2026-10-04 04:57:16.166304+00:00,travelpayouts,one_way,latest,0
YTO,Toronto,SEL,Seoul,2026-10-17 00:00:00+00:00,,,,667,USD,0,,2026-10-04 04:57:16.166304+00:00,travelpayouts,one_way,latest,0
YTO,Toronto,SEL,Seoul,2026-10-18 00:00:00+00:00,,,,667,USD,0,,2026-10-04 04:57:16.166304+00:00,travelpayouts,one_way,latest,0
YTO,Toronto,SEL,Seoul,2026-10-19 00:00:00+00:00,,,,667,USD,0,,2026-10-04 04:57:16.166304+00:00,travelpayouts,one_way,latest,0
YTO,Toronto,SEL,Seoul,2026-10-20 00:00:00+00:00,,,,667,USD,0,,2026-10-04 04:57:16.166304+00:00,travelpayouts,one_way,latest,0
YTO,Toronto,SEL,Seoul,2026-10-21 00:00:00+00:00,,,,667,USD,0,,2026-10-04 04:57:16.166304+00:00,travelpayouts,one_way,latest,0
YTO,Toronto,SEL,Seoul,2026-10-22 00:00:00+00:00,,,,667,USD,0,,2026-10-04 04:57:16.166304+00:00,travelpayouts,one_way,latest,0
YTO,Toronto,SEL,Seoul,2026-10-23 00:00:00+00:00,,,,667,USD,0,,2026-10-04 04:57:16.166304+00:00,travelpayouts,one_way,latest,0
YTO,Toronto,SEL,Seoul,2026-10-24 00:00:00+00:00,,,,667,USD,0,,2026-10-04 04:57:16.166304+00:00,travelpayouts,one_way,latest,0
YTO,Toronto,SEL,Seoul,2026-10-25 00:00:00+00:00,,,,667,USD,0,,2026-10-04 04:57:16.166304+00:00,travelpayouts,one_way,latest,0
YTO,Toronto,SEL,Seoul,2026-10-26 00:00:00+00:00,,,,667,USD,0,,2026-10-04 04:57:16.166304+00:00,travelpayouts,one_way,latest,0
YTO,Toronto,SEL,Seoul,2026-11-17 00:00:00+00:00,,,,518,USD,2,,2026-10-04 04:57:19.675147+00:00,travelpayouts,one_way,month-matrix,1965
YTO,Toronto,SEL,Seoul,2026-11-16 00:00:00+00:00,,,,539,USD,1,,2026-10-04 04:57:19.675147+00:00,travelpayouts,one_way,month-matrix,2470
YTO,Toronto,SEL,Seoul,2026-11-15 00:00:00+00:00,,,,572,USD,2,,2026-10-04 04:57:19.675147+00:00,travelpayouts,one_way,month-matrix,1950
YTO,Toronto,SEL,Seoul,2026-11-05 00:00:00+00:00,,,,575,USD,0,,2026-10-04 04:57:19.675147+00:00,travelpayouts,one_way,month-matrix,0
YTO,Toronto,SEL,Seoul,2026-11-06 00:00:00+00:00,,,,575,USD,0,,2026-10-04 04:57:19.675147+00:00,travelpayouts,one_way,month-matrix,0
YTO,Toronto,SEL,Seoul,2026-11-07 00:00:00+00:00,,,,575,USD,0,,2026-10-04 04:57:19.675147+00:00,travelpayouts,one_way,month-matrix,0
YTO,Toronto,SEL,Seoul,2026-11-08 00:00:00+00:00,,,,575,USD,0,,2026-10-04 04:57:19.675147+00:00,travelpayouts,one_way,month-matrix,0
YTO,Toronto,SEL,Seoul,2026-11-09 00:00:00+00:00,,,,575,USD,0,,2026-10-04 04:57:19.675147+00:00,travelpayouts,one_way,month-matrix,0
YTO,Toronto,SEL,Seoul,2026-11-10 00:00:00+00:00,,,,575,USD,0,,2026-10-04 04:57:19.675147+00:00,travelpayouts,one_way,month-matrix,0
YTO,Toronto,SEL,Seoul,2026-11-11 00:00:00+00:00,,,,575,USD,0,,2026-10-04 04:57:19.675147+00:00,travelpayouts,one_way,month-matrix,0
YTO,Toronto,SEL,Seoul,2026-11-12 00:00:00+00:00,,,,575,USD,0,,2026-10-04 04:57:19.675147+00:00,travelpayouts,one_way,month-matrix,0
YTO,Toronto,SEL,Seoul,2026-11-13 00:00:00+00:00,,,,575,USD,0,,2026-10-04 04:57:19.675147+00:00,travelpayouts,one_way,month-matrix,0
YTO,Toronto,SEL,Seoul,2026-11-14 00:00:00+00:00,,,,575,USD,0,,2026-10-04 04:57:19.675147+00:00,travelpayouts,one_way,month-matrix,0
YTO,Toronto,SEL,Seoul,2026-11-04 00:00:00+00:00,,,,579,USD,3,,2026-10-04 04:57:19.675147+00:00,travelpayouts,one_way,month-matrix,3140
YTO,Toronto,SEL,Seoul,2026-11-17 11:45:00+00:00,,P3,2529,518,USD,2,,2026-10-04 04:57:20.138251+00:00,travelpayouts,one_way,prices_for_dates,1965
YTO,Toronto,SEL,Seoul,2026-11-17 03:20:00+00:00,,WS,737,539,USD,1,,2026-10-04 04:57:20.138251+00:00,travelpayouts,one_way,prices_for_dates,2470
YTO,Toronto,SEL,Seoul,2026-11-15 12:00:00+00:00,,P3,2205,572,USD,2,,2026-10-04 04:57:20.138251+00:00,travelpayouts,one_way,prices_for_dates,1950
YTO,Toronto,SEL,Seoul,2026-11-04 16:15:00+00:00,,AI,188,579,USD,3,,2026-10-04 04:57:20.138251+00:00,travelpayouts,one_way,prices_for_dates,3140
YTO,Toronto,SEL,Seoul,2026-11-03 00:00:00+00:00,2026-11-17 00:00:00+00:00,,,983,USD,1,,2026-10-04 04:57:22.722972+00:00,travelpayouts,round_trip,month-matrix,2615
YTO,Toronto,SEL,Seoul,2026-11-10 00:00:00+00:00,2026-11-30 00:00:00+00:00,,,1110,USD,1,,2026-10-04 04:57:22.722972+00:00,travelpayouts,round_trip,month-matrix,3380
YTO,Toronto,SEL,Seoul,2026-11-03 18:40:00+00:00,2026-11-17 11:40:00+00:00,F8,609,983,USD,1,,2026-10-04 04:57:23.243673+00:00,travelpayouts,round_trip,prices_for_dates,2615
YTO,Toronto,SEL,Seoul,2026-11-10 21:15:00+00:00,2026-11-30 13:55:00+00:00,KE,6618,1110,USD,1,,2026-10-04 04:57:23.243673+00:00,travelpayouts,round_trip,prices_for_dates,3380
YTO,Toronto,SEL,Seoul,2026-12-01 00:00:00+00:00,,,,527,USD,1,,2026-10-04 04:57:24.222555+00:00,travelpayouts,one_way,month-matrix,1550
YTO,Toronto,SEL,Seoul,2026-12-02 00:00:00+00:00,,,,530,USD,0,,2026-10-04 04:57:24.222555+00:00,travelpayouts,one_way,month-matrix,0
YTO,Toronto,SEL,Seoul,2026-12-03 00:00:00+00:00,,,,533,USD,1,,2026-10-04 04:57:24.222555+00:00,travelpayouts,one_way,month-matrix,1550
YTO,Toronto,SEL,Seoul,2026-12-04 00:00:00+00:00,,,,718,USD,0,,2026-10-04 04:57:24.222555+00:00,travelpayouts,one_way,month-matrix,0
YTO,Toronto,SEL,Seoul,2026-12-05 00:00:00+00:00,,,,718,USD,0,,2026-10-04 04:57:24.222555+00:00,travelpayouts,one_way,month-matrix,0
YTO,Toronto,SEL,Seoul,2026-12-06 00:00:00+00:00,,,,718,USD,0,,2026-10-04 04:57:24.222555+00:00,travelpayouts,one_way,month-matrix,0
YTO,Toronto,SEL,Seoul,2026-12-07 00:00:00+00:00,,,,718,USD,0,,2026-10-04 04:57:24.222555+00:00,travelpayouts,one_way,month-matrix,0
YTO,Toronto,SEL,Seoul,2026-12-08 00:00:00+00:00,,,,718,USD,0,,2026-10-04 04:57:24.222555+00:00,travelpayouts,one_way,month-matrix,0
YTO,Toronto,SEL,Seoul,2026-12-09 00:00:00+00:00,,,,718,USD,0,,2026-10-04 04:57:24.222555+00:00,travelpayouts,one_way,month-matrix,0
YTO,Toronto,SEL,Seoul,2026-12-10 00:00:00+00:00,,,,718,USD,0,,2026-10-04 04:57:24.222555+00:00,travelpayouts,one_way,month-matrix,0
YTO,Toronto,SEL,Seoul,2026-12-11 00:00:00+00:00,,,,718,USD,0,,2026-10-04 04:57:24.222555+00:00,travelpayouts,one_way,month-matrix,0
YTO,Toronto,SEL,Seoul,2026-12-12 00:00:00+00:00,,,,718,USD,0,,2026-10-04 04:57:24.222555+00:00,travelpayouts,one_way,month-matrix,0
YTO,Toronto,SEL,Seoul,2026-12-13 00:00:00+00:00,,,,718,USD,0,,2026-10-04 04:57:24.222555+00:00,travelpayouts,one_way,month-matrix,0
YTO,Toronto,SEL,Seoul,2026-12-14 00:00:00+00:00,,,,718,USD,0,,2026-10-04 04:57:24.222555+00:00,travelpayouts,one_way,month-matrix,0
YTO,Toronto,SEL,Seoul,2026-12-15 00:00:00+00:00,,,,718,USD,0,,2026-10-04 04:57:24.222555+00:00,travelpayouts,one_way,month-matrix,0
YTO,Toronto,SEL,Seoul,2026-12-16 00:00:00+00:00,,,,718,USD,0,,2026-10-04 04:57:24.222555+00:00,travelpayouts,one_way,month-matrix,0
YTO,Toronto,SEL,Seoul,2026-12-17 00:00:00+00:00,,,,903,USD,2,,2026-10-04 04:57:24.222555+00:00,travelpayouts,one_way,month-matrix,1965
YTO,Toronto,SEL,Seoul,2026-12-20 00:00:00+00:00,,,,916,USD,1,,2026-10-04 04:57:24.222555+00:00,travelpayouts,one_way,month-matrix,1765
YTO,Toronto,SEL,Seoul,2026-12-18 00:00:00+00:00,,,,1033,USD,3,,2026-10-04 04:57:24.222555+00:00,travelpayouts,one_way,month-matrix,1655
YTO,Toronto,SEL,Seoul,2026-12-19 00:00:00+00:00,,,,1077,USD,1,,2026-10-04 04:57:24.222555+00:00,travelpayouts,one_way,month-matrix,1980
YTO,Toronto,SEL,Seoul,2026-12-01 18:40:00+00:00,,F8,609,527,USD,1,,2026-10-04 04:57:24.731298+00:00,travelpayouts,one_way,prices_for_dates,1550
YTO,Toronto,SEL,Seoul,2026-12-03 18:40:00+00:00,,F8,609,533,USD,1,,2026-10-04 04:57:24.731298+00:00,travelpayouts,one_way,prices_for_dates,1550
YTO,Toronto,SEL,Seoul,2026-12-17 11:45:00+00:00,,P3,2529,903,USD,2,,2026-10-04 04:57:24.731298+00:00,travelpayouts,one_way,prices_for_dates,1965
YTO,Toronto,SEL,Seoul,2026-12-21 03:20:00+00:00,,WS,737,916,USD,1,,2026-10-04 04:57:24.731298+00:00,travelpayouts,one_way,prices_for_dates,1765
YTO,Toronto,SEL,Seoul,2026-12-18 11:45:00+00:00,,PD,2529,1033,USD,3,,2026-10-04 04:57:24.731298+00:00,travelpayouts,one_way,prices_for_dates,1655
YTO,Toronto,SEL,Seoul,2026-12-19 23:40:00+00:00,,AC,745,1077,USD,1,,2026-10-04 04:57:24.731298+00:00,travelpayouts,one_way,prices_for_dates,1980
YTO,Toronto,HKG,Hong Kong,2026-10-23 00:00:00+00:00,,,,512,USD,2,,2026-10-04 05:30:48.612541+00:00,travelpayouts,one_way,month-matrix,2360
YTO,Toronto,HKG,Hong Kong,2026-10-15 00:00:00+00:00,,,,522,USD,2,,2026-10-04 05:30:48.612541+00:00,travelpayouts,one_way,month-matrix,2065
YTO,Toronto,HKG,Hong Kong,2026-10-22 00:00:00+00:00,,,,579,USD,0,,2026-10-04 05:30:48.612541+00:00,travelpayouts,one_way,month-matrix,0
YTO,Toronto,HKG,Hong Kong,2026-10-16 00:00:00+00:00,,,,584,USD,0,,2026-10-04 05:30:48.612541+00:00,travelpayouts,one_way,month-matrix,0
YTO,Toronto,HKG,Hong Kong,2026-10-17 00:00:00+00:00,,,,584,USD,0,,2026-10-04 05:30:48.612541+00:00,travelpayouts,one_way,month-matrix,0
YTO,Toronto,HKG,Hong Kong,2026-10-18 00:00:00+00:00,,,,584,USD,0,,2026-10-04 05:30:48.612541+00:00,travelpayouts,one_way,month-matrix,0
YTO,Toronto,HKG,Hong Kong,2026-10-19 00:00:00+00:00,,,,584,USD,0,,2026-10-04 05:30:48.612541+00:00,travelpayouts,one_way,month-matrix,0
YTO,Toronto,HKG,Hong Kong,2026-10-20 00:00:00+00:00,,,,584,USD,0,,2026-10-04 05:30:48.612541+00:00,travelpayouts,one_way,month-matrix,0
YTO,Toronto,HKG,Hong Kong,2026-10-21 00:00:00+00:00,,,,647,USD,3,,2026-10-04 05:30:48.612541+00:00,travelpayouts,one_way,month-matrix,2085
YTO,Toronto,HKG,Hong Kong,2026-10-23 22:35:00+00:00,,WS,729,512,USD,2,,2026-10-04 05:47:11.795213+00:00,travelpayouts,one_way,prices_for_dates,2360
YTO,Toronto,HKG,Hong Kong,2026-10-15 22:35:00+00:00,,WS,729,522,USD,2,,2026-10-04 05:47:11.795213+00:00,travelpayouts,one_way,prices_for_dates,2065
YTO,Toronto,HKG,Hong Kong,2026-10-21 21:35:00+00:00,,TP,258,647,USD,3,,2026-10-04 05:47:11.795213+00:00,travelpayouts,one_way,prices_for_dates,2085
YTO,Toronto,HKG,Hong Kong,2026-10-16 00:00:00+00:00,2026-10-23 00:00:00+00:00,,,743,USD,1,,2026-10-04 05:47:15.078371+00:00,travelpayouts,round_trip,month-matrix,2580
YTO,Toronto,HKG,Hong Kong,2026-10-29 00:00:00+00:00,2026-11-01 00:00:00+00:00,,,876,USD,2,,2026-10-04 05:47:15.078371+00:00,travelpayouts,round_trip,month-matrix,4420
YTO,Toronto,HKG,Hong Kong,2026-10-16 22:30:00+00:00,2026-10-23 14:30:00+00:00,UA,8433,743,USD,1,,2026-10-04 05:47:15.533458+00:00,travelpayouts,round_trip,prices_for_dates,2580
YTO,Toronto,HKG,Hong Kong,2026-10-29 20:15:00+00:00,2026-11-01 14:55:00+00:00,WS,729,876,USD,2,,2026-10-04 05:47:15.533458+00:00,travelpayouts,round_trip,prices_for_dates,4420
YTO,Toronto,HKG,Hong Kong,2026-11-02 03:20:00+00:00,,WS,737,1115,USD,1,2026-10-04 07:04:36+00:00,2026-10-04 06:04:36.973020+00:00,travelpayouts,one_way,calendar,
YTO,Toronto,HKG,Hong Kong,2026-11-12 21:15:00+00:00,,PR,3037,824,USD,2,2026-10-04 07:04:36+00:00,2026-10-04 06:04:36.973020+00:00,travelpayouts,one_way,calendar,
YTO,Toronto,HKG,Hong Kong,2026-11-12 00:00:00+00:00,2026-12-13 00:00:00+00:00,,,824,USD,2,,2026-10-04 06:04:37.471883+00:00,travelpayouts,round_trip,month-matrix,3155
YTO,Toronto,HKG,Hong Kong,2026-11-01 00:00:00+00:00,2026-11-30 00:00:00+00:00,,,1115,USD,1,,2026-10-04 06:04:37.471883+00:00,travelpayouts,round_trip,month-matrix,4385
YTO,Toronto,HKG,Hong Kong,2026-11-12 21:15:00+00:00,2026-12-13 05:30:00+00:00,PR,3037,824,USD,2,,2026-10-04 06:04:37.972787+00:00,travelpayouts,round_trip,prices_for_dates,3155
YTO,Toronto,HKG,Hong Kong,2026-11-02 03:20:00+00:00,2026-11-30 15:00:00+00:00,WS,737,1115,USD,1,,2026-10-04 06:04:37.972787+00:00,travelpayouts,round_trip,prices_for_dates,4385
YTO,Toronto,HKG,Hong Kong,2026-12-24 00:00:00+00:00,,,,412,USD,1,,2026-10-04 06:04:38.957399+00:00,travelpayouts,one_way,month-matrix,1700
YTO,Toronto,HKG,Hong Kong,2026-12-25 00:00:00+00:00,,,,509,USD,2,,2026-10-04 06:04:38.957399+00:00,travelpayouts,one_way,month-matrix,1730
YTO,Toronto,HKG,Hong Kong,2026-12-19 00:00:00+00:00,,,,716,USD,3,,2026-10-04 06:04:38.957399+00:00,travelpayouts,one_way,month-matrix,5760
YTO,Toronto,HKG,Hong Kong,2026-12-23 00:00:00+00:00,,,,877,USD,1,,2026-10-04 06:04:38.957399+00:00,travelpayouts,one_way,month-matrix,2115
YTO,Toronto,HKG,Hong Kong,2026-12-22 00:00:00+00:00,,,,966,USD,1,,2026-10-04 06:04:38.957399+00:00,travelpayouts,one_way,month-matrix,2605
YTO,Toronto,HKG,Hong Kong,2026-12-20 00:00:00+00:00,,,,986,USD,1,,2026-10-04 06:04:38.957399+00:00,travelpayouts,one_way,month-matrix,2605
YTO,Toronto,HKG,Hong Kong,2026-12-21 00:00:00+00:00,,,,1026,USD,2,,2026-10-04 06:04:38.957399+00:00,travelpayouts,one_way,month-matrix,2150
YTO,Toronto,HKG,Hong Kong,2026-12-18 00:00:00+00:00,,,,1162,USD,2,,2026-10-04 06:04:38.957399+00:00,travelpayouts,one_way,month-matrix,2440
YTO,Toronto,HKG,Hong Kong,2026-12-24 05:30:00+00:00,,PR,119,412,USD,1,,2026-10-04 06:20:55.488380+00:00,travelpayouts,one_way,prices_for_dates,1700
YTO,Toronto,HKG,Hong Kong,2026-12-25 21:15:00+00:00,,WS,729,509,USD,2,,2026-10-04 06:20:55.488380+00:00,travelpayouts,one_way,prices_for_dates,1730
YTO,Toronto,HKG,Hong Kong,2026-12-20 02:05:00+00:00,,F8,629,716,USD,3,,2026-10-04 06:20:55.488380+00:00,travelpayouts,one_way,prices_for_dates,5760
YTO,Toronto,HKG,Hong Kong,2026-12-24 00:00:00+00:00,,AC,793,877,USD,1,,2026-10-04 06:20:55.488380+00:00,travelpayouts,one_way,prices_for_dates,2115
YTO,Toronto,HKG,Hong Kong,2026-12-23 03:20:00+00:00,,WS,737,966,USD,1,,2026-10-04 06:20:55.488380+00:00,travelpayouts,one_way,prices_for_dates,2605
YTO,Toronto,HKG,Hong Kong,2026-12-21 03:20:00+00:00,,WS,737,986,USD,1,,2026-10-04 06:20:55.488380+00:00,travelpayouts,one_way,prices_for_dates,2605
YTO,Toronto,HKG,Hong Kong,2026-12-22 03:20:00+00:00,,WS,737,1026,USD,2,,2026-10-04 06:20:55.488380+00:00,travelpayouts,one_way,prices_for_dates,2150
YTO,Toronto,HKG,Hong Kong,2026-12-18 12:05:00+00:00,,PD,481,1162,USD,2,,2026-10-04 06:20:55.488380+00:00,travelpayouts,one_way,prices_for_dates,2440
YTO,Toronto,HKG,Hong Kong,2026-12-10 00:00:00+00:00,2027-01-06 00:00:00+00:00,,,813,USD,2,,2026-10-04 06:20:56.429046+00:00,travelpayouts,round_trip,month-matrix,4565
YTO,Toronto,HKG,Hong Kong,2026-12-24 00:00:00+00:00,2027-01-06 00:00:00+00:00,,,887,USD,2,,2026-10-04 06:20:56.429046+00:00,travelpayouts,round_trip,month-matrix,4925
YTO,Toronto,HKG,Hong Kong,2026-12-10 00:00:00+00:00,2027-01-07 00:00:00+00:00,,,1348,USD,1,,2026-10-04 06:20:56.429046+00:00,travelpayouts,round_trip,month-matrix,3900
YTO,Toronto,HKG,Hong Kong,2026-12-23 00:00:00+00:00,2027-01-16 00:00:00+00:00,,,1383,USD,2,,2026-10-04 06:20:56.429046+00:00,travelpayouts,round_trip,month-matrix,4095
YTO,Toronto,HKG,Hong Kong,2026-12-23 00:00:00+00:00,2027-01-17 00:00:00+00:00,,,1445,USD,2,,2026-10-04 06:20:56.429046+00:00,travelpayouts,round_trip,month-matrix,4095
YTO,Toronto,HKG,Hong Kong,2026-12-26 00:00:00+00:00,2027-01-09 00:00:00+00:00,,,1491,USD,1,,2026-10-04 06:20:56.429046+00:00,travelpayouts,round_trip,month-matrix,3857
YTO,Toronto,HKG,Hong Kong,2026-12-28 00:00:00+00:00,2027-01-18 00:00:00+00:00,,,1547,USD,2,,2026-10-04 06:20:56.429046+00:00,travelpayouts,round_trip,month-matrix,4175
YTO,Toronto,HKG,Hong Kong,2026-12-26 00:00:00+00:00,2027-01-05 00:00:00+00:00,,,1660,USD,0,,2026-10-04 06:20:56.429046+00:00,travelpayouts,round_trip,month-matrix,0
YTO,Toronto,HKG,Hong Kong,2026-12-26 00:00:00+00:00,2027-01-06 00:00:00+00:00,,,1660,USD,0,,2026-10-04 06:20:56.429046+00:00,travelpayouts,round_trip,month-matrix,0
YTO,Toronto,HKG,Hong Kong,2026-12-26 00:00:00+00:00,2027-01-07 00:00:00+00:00,,,1660,USD,0,,2026-10-04 06:20:56.429046+00:00,travelpayouts,round_trip,month-matrix,0
YTO,Toronto,HKG,Hong Kong,2026-12-26 00:00:00+00:00,2027-01-08 00:00:00+00:00,,,1660,USD,0,,2026-10-04 06:20:56.429046+00:00,travelpayouts,round_trip,month-matrix,0
YTO,Toronto,HKG,Hong Kong,2026-12-25 00:00:00+00:00,2027-01-08 00:00:00+00:00,,,1685,USD,1,,2026-10-04 06:20:56.429046+00:00,travelpayouts,round_trip,month-matrix,4320
YTO,Toronto,HKG,Hong Kong,2026-12-25 00:00:00+00:00,2027-01-05 00:00:00+00:00,,,1687,USD,0,,2026-10-04 06:20:56.429046+00:00,travelpayouts,round_trip,month-matrix,0
YTO,Toronto,HKG,Hong Kong,2026-12-25 00:00:00+00:00,2027-01-06 00:00:00+00:00,,,1687,USD,0,,2026-10-04 06:20:56.429046+00:00,travelpayouts,round_trip,month-matrix,0
YTO,Toronto,HKG,Hong Kong,2026-12-25 00:00:00+00:00,2027-01-07 00:00:00+00:00,,,1687,USD,0,,2026-10-04 06:20:56.429046+00:00,travelpayouts,round_trip,month-matrix,0
YTO,Toronto,HKG,Hong Kong,2026-12-25 00:00:00+00:00,2027-01-04 00:00:00+00:00,,,1690,USD,3,,2026-10-04 06:20:56.429046+00:00,travelpayouts,round_trip,month-matrix,6834
YTO,Toronto,HKG,Hong Kong,2026-12-22 00:00:00+00:00,2027-01-16 00:00:00+00:00,,,1728,USD,1,,2026-10-04 06:20:56.429046+00:00,travelpayouts,round_trip,month-matrix,3857
YTO,Toronto,HKG,Hong Kong,2026-12-18 00:00:00+00:00,2027-01-18 00:00:00+00:00,,,1812,USD,1,,2026-10-04 06:20:56.429046+00:00,travelpayouts,round_trip,month-matrix,3790
YTO,Toronto,HKG,Hong Kong,2026-12-26 00:00:00+00:00,2027-01-04 00:00:00+00:00,,,1830,USD,1,,2026-10-04 06:20:56.429046+00:00,travelpayouts,round_trip,month-matrix,4385
YTO,Toronto,HKG,Hong Kong,2026-12-19 00:00:00+00:00,2027-01-05 00:00:00+00:00,,,2194,USD,1,,2026-10-04 06:20:56.429046+00:00,travelpayouts,round_trip,month-matrix,3865
YTO,Toronto,HKG,Hong Kong,2026-12-10 05:30:00+00:00,2027-01-06 05:30:00+00:00,PR,119,813,USD,1,,2026-10-04 06:20:56.962399+00:00,travelpayouts,round_trip,prices_for_dates,4565
YTO,Toronto,HKG,Hong Kong,2026-12-24 21:15:00+00:00,2027-01-06 05:30:00+00:00,WS,729,887,USD,2,,2026-10-04 06:20:56.962399+00:00,travelpayouts,round_trip,prices_for_dates,4925
YTO,Toronto,HKG,Hong Kong,2026-12-10 05:30:00+00:00,2027-01-07 15:00:00+00:00,PR,119,1348,USD,1,,2026-10-04 06:20:56.962399+00:00,travelpayouts,round_trip,prices_for_dates,3900
YTO,Toronto,HKG,Hong Kong,2026-12-24 03:20:00+00:00,2027-01-16 05:30:00+00:00,WS,6537,1383,USD,2,,2026-10-04 06:20:56.962399+00:00,travelpayouts,round_trip,prices_for_dates,4095
YTO,Toronto,HKG,Hong Kong,2026-12-24 03:20:00+00:00,2027-01-17 05:30:00+00:00,WS,6537,1445,USD,2,,2026-10-04 06:20:56.962399+00:00,travelpayouts,round_trip,prices_for_dates,4095
YTO,Toronto,HKG,Hong Kong,2026-12-27 03:20:00+00:00,2027-01-09 15:00:00+00:00,WS,6537,1491,USD,1,,2026-10-04 06:20:56.962399+00:00,travelpayouts,round_trip,prices_for_dates,3857
YTO,Toronto,HKG,Hong Kong,2026-12-29 03:20:00+00:00,2027-01-18 04:35:00+00:00,WS,6537,1547,USD,2,,2026-10-04 06:20:56.962399+00:00,travelpayouts,round_trip,prices_for_dates,4175
YTO,Toronto,HKG,Hong Kong,2026-12-26 03:20:00+00:00,2027-01-07 17:10:00+00:00,WS,3039,1685,USD,1,,2026-10-04 06:20:56.962399+00:00,travelpayouts,round_trip,prices_for_dates,4320
YTO,Toronto,HKG,Hong Kong,2026-12-25 18:15:00+00:00,2027-01-04 11:10:00+00:00,PD,311,1690,USD,2,,2026-10-04 06:20:56.962399+00:00,travelpayouts,round_trip,prices_for_dates,6834
YTO,Toronto,HKG,Hong Kong,2026-12-23 03:20:00+00:00,2027-01-16 15:00:00+00:00,WS,737,1728,USD,1,,2026-10-04 06:20:56.962399+00:00,travelpayouts,round_trip,prices_for_dates,3857
YTO,Toronto,HKG,Hong Kong,2026-12-19 03:20:00+00:00,2027-01-18 15:00:00+00:00,WS,737,1812,USD,1,,2026-10-04 06:20:56.962399+00:00,travelpayouts,round_trip,prices_for_dates,3790
YTO,Toronto,HKG,Hong Kong,2026-12-27 03:20:00+00:00,2027-01-04 15:00:00+00:00,WS,737,1830,USD,1,,2026-10-04 06:20:56.962399+00:00,travelpayouts,round_trip,prices_for_dates,4385
YTO,Toronto,HKG,Hong Kong,2026-12-19 05:30:00+00:00,2027-01-05 14:55:00+00:00,PR,119,2194,USD,1,,2026-10-04 06:20:56.962399+00:00,travelpayouts,round_trip,prices_for_dates,3865
YTO,Toronto,HKG,Hong Kong,2027-01-18 00:00:00+00:00,,,,481,USD,2,,2026-10-04 06:35:12.744667+00:00,travelpayouts,one_way,month-matrix,1865
YTO,Toronto,HKG,Hong Kong,2027-01-18 21:15:00+00:00,,WS,713,481,USD,2,,2026-10-04 06:35:15.593384+00:00,travelpayouts,one_way,prices_for_dates,1865
YTO,Toronto,SIN,Singapore,2026-10-12 00:00:00+00:00,,,,372,USD,1,,2026-10-04 06:35:19.511890+00:00,travelpayouts,one_way,month-matrix,1415
YTO,Toronto,SIN,Singapore,2026-10-16 00:00:00+00:00,,,,641,USD,2,,2026-10-04 06:35:19.511890+00:00,travelpayouts,one_way,month-matrix,1865
YTO,Toronto,SIN,Singapore,2026-10-04 00:00:00+00:00,,,,698,USD,1,,2026-10-04 06:35:19.511890+00:00,travelpayouts,one_way,month-matrix,1445
YTO,Toronto,SIN,Singapore,2026-10-12 04:35:00+00:00,,AI,190,372,USD,1,,2026-10-04 06:35:19.984889+00:00,travelpayouts,one_way,prices_for_dates,1415
YTO,Toronto,SIN,Singapore,2026-10-16 23:45:00+00:00,,TS,694,641,USD,2,,2026-10-04 06:35:19.984889+00:00,travelpayouts,one_way,prices_for_dates,1865
YTO,Toronto,SIN,Singapore,2026-10-04 10:30:00+00:00,,UA,565,698,USD,1,,2026-10-04 06:35:19.984889+00:00,travelpayouts,one_way,prices_for_dates,1445
YTO,Toronto,SIN,Singapore,2026-12-13 00:00:00+00:00,,,,744,USD,3,,2026-10-04 07:25:26.857509+00:00,travelpayouts,one_way,month-matrix,2750
YTO,Toronto,SIN,Singapore,2026-12-14 00:00:00+00:00,,,,794,USD,2,,2026-10-04 07:25:26.857509+00:00,travelpayouts,one_way,month-matrix,2615
YTO,Toronto,SIN,Singapore,2026-12-13 22:50:00+00:00,,PD,2477,744,USD,3,,2026-10-04 07:25:27.306565+00:00,travelpayouts,one_way,prices_for_dates,2750
YTO,Toronto,SIN,Singapore,2026-12-14 18:40:00+00:00,,F8,609,794,USD,2,,2026-10-04 07:25:27.306565+00:00,travelpayouts,one_way,prices_for_dates,2615
YTO,Toronto,SIN,Singapore,2026-12-23 00:00:00+00:00,2027-01-09 00:00:00+00:00,,,917,USD,2,,2026-10-04 07:41:48.501197+00:00,travelpayouts,round_trip,month-matrix,3455
YTO,Toronto,SIN,Singapore,2026-12-17 00:00:00+00:00,2027-01-14 00:00:00+00:00,,,1995,USD,3,,2026-10-04 07:41:48.501197+00:00,travelpayouts,round_trip,month-matrix,3962
YTO,Toronto,SIN,Singapore,2026-12-23 21:15:00+00:00,2027-01-09 06:20:00+00:00,WS,9313,917,USD,2,,2026-10-04 07:41:48.988471+00:00,travelpayouts,round_trip,prices_for_dates,3455
YTO,Toronto,SIN,Singapore,2026-12-17 21:50:00+00:00,2027-01-13 16:40:00+00:00,AC,171,1995,USD,3,,2026-10-04 07:41:48.988471+00:00,travelpayouts,round_trip,prices_for_dates,3962
YTO,Toronto,DEL,New Delhi,2026-10-07 00:00:00+00:00,,,,528,USD,2,,2026-10-04 08:14:45.280802+00:00,travelpayouts,one_way,month-matrix,1689
YTO,Toronto,DEL,New Delhi,2026-10-08 00:00:00+00:00,,,,568,USD,0,,2026-10-04 08:14:45.280802+00:00,travelpayouts,one_way,month-matrix,0
YTO,Toronto,DEL,New Delhi,2026-10-09 00:00:00+00:00,,,,568,USD,0,,2026-10-04 08:14:45.280802+00:00,travelpayouts,one_way,month-matrix,0
YTO,Toronto,DEL,New Delhi,2026-10-18 00:00:00+00:00,,,,571,USD,3,,2026-10-04 08:14:45.280802+00:00,travelpayouts,one_way,month-matrix,2405
YTO,Toronto,DEL,New Delhi,2026-10-16 00:00:00+00:00,,,,586,USD,0,,2026-10-04 08:14:45.280802+00:00,travelpayouts,one_way,month-matrix,0
YTO,Toronto,DEL,New Delhi,2026-10-17 00:00:00+00:00,,,,586,USD,0,,2026-10-04 08:14:45.280802+00:00,travelpayouts,one_way,month-matrix,0
YTO,Toronto,DEL,New Delhi,2026-10-15 00:00:00+00:00,,,,602,USD,2,,2026-10-04 08:14:45.280802+00:00,travelpayouts,one_way,month-matrix,2636
YTO,Toronto,DEL,New Delhi,2026-10-11 00:00:00+00:00,,,,605,USD,0,,2026-10-04 08:14:45.280802+00:00,travelpayouts,one_way,month-matrix,0
YTO,Toronto,DEL,New Delhi,2026-10-12 00:00:00+00:00,,,,605,USD,0,,2026-10-04 08:14:45.280802+00:00,travelpayouts,one_way,month-matrix,0
YTO,Toronto,DEL,New Delhi,2026-10-13 00:00:00+00:00,,,,605,USD,0,,2026-10-04 08:14:45.280802+00:00,travelpayouts,one_way,month-matrix,0
YTO,Toronto,DEL,New Delhi,2026-10-14 00:00:00+00:00,,,,605,USD,0,,2026-10-04 08:14:45.280802+00:00,travelpayouts,one_way,month-matrix,0
YTO,Toronto,DEL,New Delhi,2026-10-10 00:00:00+00:00,,,,609,USD,3,,2026-10-04 08:14:45.280802+00:00,travelpayouts,one_way,month-matrix,2875
YTO,Toronto,DEL,New Delhi,2026-10-06 00:00:00+00:00,,,,622,USD,0,,2026-10-04 08:14:45.280802+00:00,travelpayouts,one_way,month-matrix,0
YTO,Toronto,DEL,New Delhi,2026-10-05 00:00:00+00:00,,,,716,USD,3,,2026-10-04 08:14:45.280802+00:00,travelpayouts,one_way,month-matrix,2800
YTO,Toronto,DEL,New Delhi,2026-10-07 11:16:00+00:00,,AA,4542,528,USD,2,,2026-10-04 08:14:45.754239+00:00,travelpayouts,one_way,prices_for_dates,1689
YTO,Toronto,DEL,New Delhi,2026-10-19 03:55:00+00:00,,TS,230,571,USD,3,,2026-10-04 08:14:45.754239+00:00,travelpayouts,one_way,prices_for_dates,2405
YTO,Toronto,DEL,New Delhi,2026-10-15 19:29:00+00:00,,AA,4556,602,USD,2,,2026-10-04 08:14:45.754239+00:00,travelpayouts,one_way,prices_for_dates,2636
YTO,Toronto,DEL,New Delhi,2026-10-11 03:55:00+00:00,,TS,230,609,USD,3,,2026-10-04 08:14:45.754239+00:00,travelpayouts,one_way,prices_for_dates,2875
YTO,Toronto,DEL,New Delhi,2026-10-06 02:45:00+00:00,,TS,122,716,USD,3,,2026-10-04 08:14:45.754239+00:00,travelpayouts,one_way,prices_for_dates,2800
YTO,Toronto,DEL,New Delhi,2026-10-16 00:00:00+00:00,,,,632,USD,0,,2026-10-04 08:14:46.198393+00:00,travelpayouts,one_way,latest,0
YTO,Toronto,DEL,New Delhi,2026-10-17 00:00:00+00:00,,,,632,USD,0,,2026-10-04 08:14:46.198393+00:00,travelpayouts,one_way,latest,0
YTO,Toronto,DEL,New Delhi,2026-10-11 00:00:00+00:00,,,,651,USD,0,,2026-10-04 08:14:46.198393+00:00,travelpayouts,one_way,latest,0
YTO,Toronto,DEL,New Delhi,2026-10-12 00:00:00+00:00,,,,651,USD,0,,2026-10-04 08:14:46.198393+00:00,travelpayouts,one_way,latest,0
YTO,Toronto,DEL,New Delhi,2026-10-13 00:00:00+00:00,,,,651,USD,0,,2026-10-04 08:14:46.198393+00:00,travelpayouts,one_way,latest,0
YTO,Toronto,DEL,New Delhi,2026-10-14 00:00:00+00:00,,,,651,USD,0,,2026-10-04 08:14:46.198393+00:00,travelpayouts,one_way,latest,0
YTO,Toronto,DEL,New Delhi,2026-10-15 00:00:00+00:00,,,,693,USD,2,,2026-10-04 08:14:46.198393+00:00,travelpayouts,one_way,latest,1465
YTO,Toronto,DEL,New Delhi,2026-10-15 00:00:00+00:00,2026-11-30 00:00:00+00:00,,,890,USD,1,,2026-10-04 08:14:46.679922+00:00,travelpayouts,round_trip,month-matrix,2570
YTO,Toronto,DEL,New Delhi,2026-10-07 00:00:00+00:00,2026-11-17 00:00:00+00:00,,,910,USD,2,,2026-10-04 08:14:46.679922+00:00,travelpayouts,round_trip,month-matrix,3413
YTO,Toronto,DEL,New Delhi,2026-10-24 00:00:00+00:00,2026-11-08 00:00:00+00:00,,,1007,USD,2,,2026-10-04 08:14:46.679922+00:00,travelpayouts,round_trip,month-matrix,3575
YTO,Toronto,DEL,New Delhi,2026-10-10 00:00:00+00:00,2026-10-30 00:00:00+00:00,,,1107,USD,2,,2026-10-04 08:14:46.679922+00:00,travelpayouts,round_trip,month-matrix,3684
YTO,Toronto,DEL,New Delhi,2026-10-12 00:00:00+00:00,2026-10-27 00:00:00+00:00,,,1152,USD,2,,2026-10-04 08:14:46.679922+00:00,travelpayouts,round_trip,month-matrix,3367
YTO,Toronto,DEL,New Delhi,2026-10-29 00:00:00+00:00,2026-11-26 00:00:00+00:00,,,1203,USD,3,,2026-10-04 08:14:46.679922+00:00,travelpayouts,round_trip,month-matrix,3875
YTO,Toronto,DEL,New Delhi,2026-10-28 00:00:00+00:00,2026-11-28 00:00:00+00:00,,,1307,USD,2,,2026-10-04 08:14:46.679922+00:00,travelpayouts,round_trip,month-matrix,3785
YTO,Toronto,DEL,New Delhi,2026-10-16 02:20:00+00:00,2026-11-30 01:50:00+00:00,LO,46,890,USD,1,,2026-10-04 08:32:06.337560+00:00,travelpayouts,round_trip,prices_for_dates,2570
YTO,Toronto,DEL,New Delhi,2026-10-07 11:16:00+00:00,2026-11-17 16:05:00+00:00,AA,4542,910,USD,2,,2026-10-04 08:32:06.337560+00:00,travelpayouts,round_trip,prices_for_dates,3413
YTO,Toronto,DEL,New Delhi,2026-10-25 00:55:00+00:00,2026-11-07 22:15:00+00:00,AC,1512,1007,USD,2,,2026-10-04 08:32:06.337560+00:00,travelpayouts,round_trip,prices_for_dates,3575
YTO,Toronto,DEL,New Delhi,2026-10-11 01:40:00+00:00,2026-10-29 23:05:00+00:00,TS,308,1107,USD,2,,2026-10-04 08:32:06.337560+00:00,travelpayouts,round_trip,prices_for_dates,3684
YTO,Toronto,DEL,New Delhi,2026-10-12 21:25:00+00:00,2026-10-26 22:40:00+00:00,AC,1508,1152,USD,2,,2026-10-04 08:32:06.337560+00:00,travelpayouts,round_trip,prices_for_dates,3367
YTO,Toronto,DEL,New Delhi,2026-10-29 13:45:00+00:00,2026-11-26 10:40:00+00:00,AC,7956,1203,USD,3,,2026-10-04 08:32:06.337560+00:00,travelpayouts,round_trip,prices_for_dates,3875
YTO,Toronto,DEL,New Delhi,2026-10-28 13:50:00+00:00,2026-11-28 04:25:00+00:00,PD,2125,1307,USD,2,,2026-10-04 08:32:06.337560+00:00,travelpayouts,round_trip,prices_for_dates,3785
YTO,Toronto,DEL,New Delhi,2026-11-27 00:00:00+00:00,,,,424,USD,2,,2026-10-04 08:32:07.250233+00:00,travelpayouts,one_way,month-matrix,1635
YTO,Toronto,DEL,New Delhi,2026-11-11 00:00:00+00:00,,,,496,USD,0,,2026-10-04 08:32:07.250233+00:00,travelpayouts,one_way,month-matrix,0
YTO,Toronto,DEL,New Delhi,2026-11-12 00:00:00+00:00,,,,496,USD,0,,2026-10-04 08:32:07.250233+00:00,travelpayouts,one_way,month-matrix,0
YTO,Toronto,DEL,New Delhi,2026-11-13 00:00:00+00:00,,,,496,USD,0,,2026-10-04 08:32:07.250233+00:00,travelpayouts,one_way,month-matrix,0
YTO,Toronto,DEL,New Delhi,2026-11-14 00:00:00+00:00,,,,496,USD,0,,2026-10-04 08:32:07.250233+00:00,travelpayouts,one_way,month-matrix,0
YTO,Toronto,DEL,New Delhi,2026-11-15 00:00:00+00:00,,,,496,USD,0,,2026-10-04 08:32:07.250233+00:00,travelpayouts,one_way,month-matrix,0
YTO,Toronto,DEL,New Delhi,2026-11-16 00:00:00+00:00,,,,496,USD,0,,2026-10-04 08:32:07.250233+00:00,travelpayouts,one_way,month-matrix,0
YTO,Toronto,DEL,New Delhi,2026-11-17 00:00:00+00:00,,,,496,USD,0,,2026-10-04 08:32:07.250233+00:00,travelpayouts,one_way,month-matrix,0
YTO,Toronto,DEL,New Delhi,2026-11-18 00:00:00+00:00,,,,496,USD,0,,2026-10-04 08:32:07.250233+00:00,travelpayouts,one_way,month-matrix,0
YTO,Toronto,DEL,New Delhi,2026-11-19 00:00:00+00:00,,,,496,USD,0,,2026-10-04 08:32:07.250233+00:00,travelpayouts,one_way,month-matrix,0
YTO,Toronto,DEL,New Delhi,2026-11-20 00:00:00+00:00,,,,496,USD,0,,2026-10-04 08:32:07.250233+00:00,travelpayouts,one_way,month-matrix,0
YTO,Toronto,DEL,New Delhi,2026-11-21 00:00:00+00:00,,,,496,USD,0,,2026-10-04 08:32:07.250233+00:00,travelpayouts,one_way,month-matrix,0
YTO,Toronto,DEL,New Delhi,2026-11-22 00:00:00+00:00,,,,496,USD,0,,2026-10-04 08:32:07.250233+00:00,travelpayouts,one_way,month-matrix,0
YTO,Toronto,DEL,New Delhi,2026-11-23 00:00:00+00:00,,,,496,USD,0,,2026-10-04 08:32:07.250233+00:00,travelpayouts,one_way,month-matrix,0
YTO,Toronto,DEL,New Delhi,2026-11-24 00:00:00+00:00,,,,496,USD,0,,2026-10-04 08:32:07.250233+00:00,travelpayouts,one_way,month-matrix,0
YTO,Toronto,DEL,New Delhi,2026-11-25 00:00:00+00:00,,,,496,USD,0,,2026-10-04 08:32:07.250233+00:00,travelpayouts,one_way,month-matrix,0
YTO,Toronto,DEL,New Delhi,2026-11-26 00:00:00+00:00,,,,496,USD,0,,2026-10-04 08:32:07.250233+00:00,travelpayouts,one_way,month-matrix,0
YTO,Toronto,DEL,New Delhi,2026-11-10 00:00:00+00:00,,,,568,USD,2,,2026-10-04 08:32:07.250233+00:00,travelpayouts,one_way,month-matrix,2315
YTO,Toronto,DEL,New Delhi,2026-11-09 00:00:00+00:00,,,,642,USD,2,,2026-10-04 08:32:07.250233+00:00,travelpayouts,one_way,month-matrix,1625
YTO,Toronto,DEL,New Delhi,2026-11-04 00:00:00+00:00,,,,686,USD,2,,2026-10-04 08:32:07.250233+00:00,travelpayouts,one_way,month-matrix,1635
YTO,Toronto,DEL,New Delhi,2026-11-07 00:00:00+00:00,,,,702,USD,0,,2026-10-04 08:32:07.250233+00:00,travelpayouts,one_way,month-matrix,0
YTO,Toronto,DEL,New Delhi,2026-11-08 00:00:00+00:00,,,,702,USD,0,,2026-10-04 08:32:07.250233+00:00,travelpayouts,one_way,month-matrix,0
YTO,Toronto,DEL,New Delhi,2026-11-28 00:00:00+00:00,,,,715,USD,3,,2026-10-04 08:32:07.250233+00:00,travelpayouts,one_way,month-matrix,1560
YTO,Toronto,DEL,New Delhi,2026-11-05 00:00:00+00:00,,,,724,USD,0,,2026-10-04 08:32:07.250233+00:00,travelpayouts,one_way,month-matrix,0
YTO,Toronto,DEL,New Delhi,2026-11-06 00:00:00+00:00,,,,762,USD,2,,2026-10-04 08:32:07.250233+00:00,travelpayouts,one_way,month-matrix,2855
YTO,Toronto,DEL,New Delhi,2026-11-27 12:00:00+00:00,,AA,4542,424,USD,2,,2026-10-04 08:32:07.701838+00:00,travelpayouts,one_way,prices_for_dates,1635
YTO,Toronto,DEL,New Delhi,2026-11-11 00:40:00+00:00,,AA,4438,568,USD,2,,2026-10-04 08:32:07.701838+00:00,travelpayouts,one_way,prices_for_dates,2315
YTO,Toronto,DEL,New Delhi,2026-11-09 23:30:00+00:00,,LH,6625,642,USD,2,,2026-10-04 08:32:07.701838+00:00,travelpayouts,one_way,prices_for_dates,1625
YTO,Toronto,DEL,New Delhi,2026-11-04 12:00:00+00:00,,AA,4542,686,USD,2,,2026-10-04 08:32:07.701838+00:00,travelpayouts,one_way,prices_for_dates,1635
YTO,Toronto,DEL,New Delhi,2026-11-28 19:45:00+00:00,,PD,2471,715,USD,3,,2026-10-04 08:32:07.701838+00:00,travelpayouts,one_way,prices_for_dates,1560
YTO,Toronto,DEL,New Delhi,2026-11-06 23:05:00+00:00,,UL,2854,762,USD,2,,2026-10-04 08:32:07.701838+00:00,travelpayouts,one_way,prices_for_dates,2855
YTO,Toronto,DEL,New Delhi,2026-11-12 00:00:00+00:00,2026-11-28 00:00:00+00:00,,,981,USD,1,,2026-10-04 08:32:08.646707+00:00,travelpayouts,round_trip,month-matrix,4550
YTO,Toronto,DEL,New Delhi,2026-11-20 00:00:00+00:00,2026-12-21 00:00:00+00:00,,,1065,USD,3,,2026-10-04 08:32:08.646707+00:00,travelpayouts,round_trip,month-matrix,4385
YTO,Toronto,DEL,New Delhi,2026-11-06 00:00:00+00:00,2026-12-07 00:00:00+00:00,,,1161,USD,2,,2026-10-04 08:32:08.646707+00:00,travelpayouts,round_trip,month-matrix,4895
YTO,Toronto,DEL,New Delhi,2026-11-06 00:00:00+00:00,2026-11-23 00:00:00+00:00,,,1217,USD,0,,2026-10-04 08:32:08.646707+00:00,travelpayouts,round_trip,month-matrix,0
YTO,Toronto,DEL,New Delhi,2026-11-06 00:00:00+00:00,2026-11-24 00:00:00+00:00,,,1217,USD,0,,2026-10-04 08:32:08.646707+00:00,travelpayouts,round_trip,month-matrix,0
YTO,Toronto,DEL,New Delhi,2026-11-06 00:00:00+00:00,2026-11-25 00:00:00+00:00,,,1217,USD,0,,2026-10-04 08:32:08.646707+00:00,travelpayouts,round_trip,month-matrix,0
YTO,Toronto,DEL,New Delhi,2026-11-06 00:00:00+00:00,2026-11-26 00:00:00+00:00,,,1217,USD,0,,2026-10-04 08:32:08.646707+00:00,travelpayouts,round_trip,month-matrix,0
YTO,Toronto,DEL,New Delhi,2026-11-06 00:00:00+00:00,2026-11-27 00:00:00+00:00,,,1217,USD,0,,2026-10-04 08:32:08.646707+00:00,travelpayouts,round_trip,month-matrix,0
YTO,Toronto,DEL,New Delhi,2026-11-06 00:00:00+00:00,2026-11-28 00:00:00+00:00,,,1217,USD,0,,2026-10-04 08:32:08.646707+00:00,travelpayouts,round_trip,month-matrix,0
YTO,Toronto,DEL,New Delhi,2026-11-06 00:00:00+00:00,2026-11-29 00:00:00+00:00,,,1217,USD,0,,2026-10-04 08:32:08.646707+00:00,travelpayouts,round_trip,month-matrix,0
YTO,Toronto,DEL,New Delhi,2026-11-06 00:00:00+00:00,2026-11-30 00:00:00+00:00,,,1217,USD,0,,2026-10-04 08:32:08.646707+00:00,travelpayouts,round_trip,month-matrix,0
YTO,Toronto,DEL,New Delhi,2026-11-06 00:00:00+00:00,2026-12-01 00:00:00+00:00,,,1217,USD,0,,2026-10-04 08:32:08.646707+00:00,travelpayouts,round_trip,month-matrix,0
YTO,Toronto,DEL,New Delhi,2026-11-06 00:00:00+00:00,2026-12-02 00:00:00+00:00,,,1217,USD,0,,2026-10-04 08:32:08.646707+00:00,travelpayouts,round_trip,month-matrix,0
YTO,Toronto,DEL,New Delhi,2026-11-06 00:00:00+00:00,2026-12-03 00:00:00+00:00,,,1217,USD,0,,2026-10-04 08:32:08.646707+00:00,travelpayouts,round_trip,month-matrix,0
YTO,Toronto,DEL,New Delhi,2026-11-06 00:00:00+00:00,2026-12-04 00:00:00+00:00,,,1217,USD,0,,2026-10-04 08:32:08.646707+00:00,travelpayouts,round_trip,month-matrix,0
YTO,Toronto,DEL,New Delhi,2026-11-06 00:00:00+00:00,2026-12-05 00:00:00+00:00,,,1217,USD,0,,2026-10-04 08:32:08.646707+00:00,travelpayouts,round_trip,month-matrix,0
YTO,Toronto,DEL,New Delhi,2026-11-06 00:00:00+00:00,2026-12-06 00:00:00+00:00,,,1217,USD,0,,2026-10-04 08:32:08.646707+00:00,travelpayouts,round_trip,month-matrix,0
YTO,Toronto,DEL,New Delhi,2026-11-06 00:00:00+00:00,2026-11-22 00:00:00+00:00,,,1272,USD,3,,2026-10-04 08:32:08.646707+00:00,travelpayouts,round_trip,month-matrix,4175
YTO,Toronto,DEL,New Delhi,2026-11-06 00:00:00+00:00,2026-11-16 00:00:00+00:00,,,1328,USD,0,,2026-10-04 08:32:08.646707+00:00,travelpayouts,round_trip,month-matrix,0
YTO,Toronto,DEL,New Delhi,2026-11-06 00:00:00+00:00,2026-11-17 00:00:00+00:00,,,1328,USD,0,,2026-10-04 08:32:08.646707+00:00,travelpayouts,round_trip,month-matrix,0
YTO,Toronto,DEL,New Delhi,2026-11-06 00:00:00+00:00,2026-11-18 00:00:00+00:00,,,1328,USD,0,,2026-10-04 08:32:08.646707+00:00,travelpayouts,round_trip,month-matrix,0
YTO,Toronto,DEL,New Delhi,2026-11-06 00:00:00+00:00,2026-11-19 00:00:00+00:00,,,1328,USD,0,,2026-10-04 08:32:08.646707+00:00,travelpayouts,round_trip,month-matrix,0
YTO,Toronto,DEL,New Delhi,2026-11-06 00:00:00+00:00,2026-11-20 00:00:00+00:00,,,1328,USD,0,,2026-10-04 08:32:08.646707+00:00,travelpayouts,round_trip,month-matrix,0
YTO,Toronto,DEL,New Delhi,2026-11-06 00:00:00+00:00,2026-11-21 00:00:00+00:00,,,1328,USD,0,,2026-10-04 08:32:08.646707+00:00,travelpayouts,round_trip,month-matrix,0
YTO,Toronto,DEL,New Delhi,2026-11-06 00:00:00+00:00,2026-11-15 00:00:00+00:00,,,1384,USD,1,,2026-10-04 08:32:08.646707+00:00,travelpayouts,round_trip,month-matrix,4420
YTO,Toronto,DEL,New Delhi,2026-11-12 15:20:00+00:00,2026-11-27 20:40:00+00:00,ET,553,981,USD,1,,2026-10-04 08:49:00.419731+00:00,travelpayouts,round_trip,prices_for_dates,4550
YTO,Toronto,DEL,New Delhi,2026-11-20 17:30:00+00:00,2026-12-21 04:25:00+00:00,AI,192,1065,USD,3,,2026-10-04 08:49:00.419731+00:00,travelpayouts,round_trip,prices_for_dates,4385
YTO,Toronto,DEL,New Delhi,2026-11-06 14:10:00+00:00,2026-12-07 04:25:00+00:00,PD,2721,1161,USD,2,,2026-10-04 08:49:00.419731+00:00,travelpayouts,round_trip,prices_for_dates,4895
YTO,Toronto,DEL,New Delhi,2026-11-07 02:35:00+00:00,2026-11-22 10:50:00+00:00,TS,122,1272,USD,3,,2026-10-04 08:49:00.419731+00:00,travelpayouts,round_trip,prices_for_dates,4175
YTO,Toronto,DEL,New Delhi,2026-11-06 17:00:00+00:00,2026-11-15 04:25:00+00:00,MS,996,1384,USD,1,,2026-10-04 08:49:00.419731+00:00,travelpayouts,round_trip,prices_for_dates,4420
YTO,Toronto,DEL,New Delhi,2026-12-31 00:00:00+00:00,,,,525,USD,2,,2026-10-04 08:49:01.404913+00:00,travelpayouts,one_way,month-matrix,2668
YTO,Toronto,DEL,New Delhi,2026-12-21 00:00:00+00:00,,,,830,USD,0,,2026-10-04 08:49:01.404913+00:00,travelpayouts,one_way,month-matrix,0
YTO,Toronto,DEL,New Delhi,2026-12-22 00:00:00+00:00,,,,830,USD,0,,2026-10-04 08:49:01.404913+00:00,travelpayouts,one_way,month-matrix,0
YTO,Toronto,DEL,New Delhi,2026-12-23 00:00:00+00:00,,,,830,USD,0,,2026-10-04 08:49:01.404913+00:00,travelpayouts,one_way,month-matrix,0
YTO,Toronto,DEL,New Delhi,2026-12-24 00:00:00+00:00,,,,830,USD,0,,2026-10-04 08:49:01.404913+00:00,travelpayouts,one_way,month-matrix,0
YTO,Toronto,DEL,New Delhi,2026-12-25 00:00:00+00:00,,,,830,USD,0,,2026-10-04 08:49:01.404913+00:00,travelpayouts,one_way,month-matrix,0
YTO,Toronto,DEL,New Delhi,2026-12-26 00:00:00+00:00,,,,830,USD,0,,2026-10-04 08:49:01.404913+00:00,travelpayouts,one_way,month-matrix,0
YTO,Toronto,DEL,New Delhi,2026-12-27 00:00:00+00:00,,,,830,USD,0,,2026-10-04 08:49:01.404913+00:00,travelpayouts,one_way,month-matrix,0
YTO,Toronto,DEL,New Delhi,2026-12-28 00:00:00+00:00,,,,830,USD,0,,2026-10-04 08:49:01.404913+00:00,travelpayouts,one_way,month-matrix,0
YTO,Toronto,DEL,New Delhi,2026-12-29 00:00:00+00:00,,,,830,USD,0,,2026-10-04 08:49:01.404913+00:00,travelpayouts,one_way,month-matrix,0
YTO,Toronto,DEL,New Delhi,2026-12-30 00:00:00+00:00,,,,830,USD,0,,2026-10-04 08:49:01.404913+00:00,travelpayouts,one_way,month-matrix,0
YTO,Toronto,DEL,New Delhi,2026-12-15 00:00:00+00:00,,,,838,USD,3,,2026-10-04 08:49:01.404913+00:00,travelpayouts,one_way,month-matrix,1825
YTO,Toronto,DEL,New Delhi,2026-12-14 00:00:00+00:00,,,,870,USD,0,,2026-10-04 08:49:01.404913+00:00,travelpayouts,one_way,month-matrix,0
YTO,Toronto,DEL,New Delhi,2026-12-13 00:00:00+00:00,,,,901,USD,3,,2026-10-04 08:49:01.404913+00:00,travelpayouts,one_way,month-matrix,1715
YTO,Toronto,DEL,New Delhi,2026-12-16 00:00:00+00:00,,,,987,USD,0,,2026-10-04 08:49:01.404913+00:00,travelpayouts,one_way,month-matrix,0
YTO,Toronto,DEL,New Delhi,2026-12-17 00:00:00+00:00,,,,987,USD,0,,2026-10-04 08:49:01.404913+00:00,travelpayouts,one_way,month-matrix,0
YTO,Toronto,DEL,New Delhi,2026-12-18 00:00:00+00:00,,,,987,USD,0,,2026-10-04 08:49:01.404913+00:00,travelpayouts,one_way,month-matrix,0
YTO,Toronto,DEL,New Delhi,2026-12-19 00:00:00+00:00,,,,987,USD,0,,2026-10-04 08:49:01.404913+00:00,travelpayouts,one_way,month-matrix,0
YTO,Toronto,DEL,New Delhi,2026-12-20 00:00:00+00:00,,,,1135,USD,4,,2026-10-04 08:49:01.404913+00:00,travelpayouts,one_way,month-matrix,2855
YTO,Toronto,DEL,New Delhi,2026-12-31 18:47:00+00:00,,AA,4623,525,USD,2,,2026-10-04 08:49:01.912268+00:00,travelpayouts,one_way,prices_for_dates,2668
YTO,Toronto,DEL,New Delhi,2026-12-15 17:20:00+00:00,,PD,525,838,USD,3,,2026-10-04 08:49:01.912268+00:00,travelpayouts,one_way,prices_for_dates,1825
YTO,Toronto,DEL,New Delhi,2026-12-13 22:50:00+00:00,,P3,2477,901,USD,3,,2026-10-04 08:49:01.912268+00:00,travelpayouts,one_way,prices_for_dates,1715
YTO,Toronto,DEL,New Delhi,2026-12-20 20:25:00+00:00,,AA,6211,1135,USD,4,,2026-10-04 08:49:01.912268+00:00,travelpayouts,one_way,prices_for_dates,2855
YTO,Toronto,DEL,New Delhi,2026-12-29 00:00:00+00:00,2027-02-27 00:00:00+00:00,,,1177,USD,2,,2026-10-04 08:49:02.897139+00:00,travelpayouts,round_trip,month-matrix,3986
YTO,Toronto,DEL,New Delhi,2026-12-01 00:00:00+00:00,2026-12-04 00:00:00+00:00,,,1248,USD,2,,2026-10-04 08:49:02.897139+00:00,travelpayouts,round_trip,month-matrix,3452
YTO,Toronto,DEL,New Delhi,2026-12-27 00:00:00+00:00,2027-02-11 00:00:00+00:00,,,1260,USD,2,,2026-10-04 08:49:02.897139+00:00,travelpayouts,round_trip,month-matrix,3922
YTO,Toronto,DEL,New Delhi,2026-12-05 00:00:00+00:00,2026-12-16 00:00:00+00:00,,,1337,USD,2,,2026-10-04 08:49:02.897139+00:00,travelpayouts,round_trip,month-matrix,3417
YTO,Toronto,DEL,New Delhi,2026-12-18 00:00:00+00:00,2027-01-10 00:00:00+00:00,,,1972,USD,3,,2026-10-04 08:49:02.897139+00:00,travelpayouts,round_trip,month-matrix,5995
YTO,Toronto,DEL,New Delhi,2026-12-30 00:44:00+00:00,2027-02-27 16:05:00+00:00,AA,4438,1177,USD,2,,2026-10-04 09:05:53.301084+00:00,travelpayouts,round_trip,prices_for_dates,3986
YTO,Toronto,DEL,New Delhi,2026-12-01 22:25:00+00:00,2026-12-04 05:05:00+00:00,AC,8546,1248,USD,2,,2026-10-04 09:05:53.301084+00:00,travelpayouts,round_trip,prices_for_dates,3452
YTO,Toronto,DEL,New Delhi,2026-12-27 21:20:00+00:00,2027-02-11 05:05:00+00:00,AC,1508,1260,USD,2,,2026-10-04 09:05:53.301084+00:00,travelpayouts,round_trip,prices_for_dates,3922
YTO,Toronto,DEL,New Delhi,2026-12-05 21:20:00+00:00,2026-12-15 22:40:00+00:00,AC,3569,1337,USD,2,,2026-10-04 09:05:53.301084+00:00,travelpayouts,round_trip,prices_for_dates,3417
YTO,Toronto,DEL,New Delhi,2026-12-18 17:00:00+00:00,2027-01-10 05:55:00+00:00,MS,996,1972,USD,1,,2026-10-04 09:05:53.301084+00:00,travelpayouts,round_trip,prices_for_dates,5995
YTO,Toronto,DEL,New Delhi,2027-01-10 00:00:00+00:00,,,,518,USD,2,,2026-10-04 09:05:54.234271+00:00,travelpayouts,one_way,month-matrix,1635
YTO,Toronto,DEL,New Delhi,2027-01-12 00:00:00+00:00,,,,528,USD,2,,2026-10-04 09:05:54.234271+00:00,travelpayouts,one_way,month-matrix,2670
YTO,Toronto,DEL,New Delhi,2027-01-11 00:00:00+00:00,,,,675,USD,3,,2026-10-04 09:05:54.234271+00:00,travelpayouts,one_way,month-matrix,3085
YTO,Toronto,DEL,New Delhi,2027-01-10 12:00:00+00:00,,AA,4542,518,USD,2,,2026-10-04 09:05:54.697501+00:00,travelpayouts,one_way,prices_for_dates,1635
YTO,Toronto,DEL,New Delhi,2027-01-12 18:45:00+00:00,,AA,4623,528,USD,2,,2026-10-04 09:05:54.697501+00:00,travelpayouts,one_way,prices_for_dates,2670
YTO,Toronto,DEL,New Delhi,2027-01-11 23:20:00+00:00,,PD,607,675,USD,3,,2026-10-04 09:05:54.697501+00:00,travelpayouts,one_way,prices_for_dates,3085
YTO,Toronto,DEL,New Delhi,2027-01-07 00:00:00+00:00,2027-02-25 00:00:00+00:00,,,730,USD,2,,2026-10-04 09:05:55.681180+00:00,travelpayouts,round_trip,month-matrix,3412
YTO,Toronto,DEL,New Delhi,2027-01-21 00:00:00+00:00,2027-03-18 00:00:00+00:00,,,787,USD,1,,2026-10-04 09:05:55.681180+00:00,travelpayouts,round_trip,month-matrix,2660
YTO,Toronto,DEL,New Delhi,2027-01-27 00:00:00+00:00,2027-03-02 00:00:00+00:00,,,881,USD,2,,2026-10-04 09:05:55.681180+00:00,travelpayouts,round_trip,month-matrix,4506
YTO,Toronto,DEL,New Delhi,2027-01-21 00:00:00+00:00,2027-03-16 00:00:00+00:00,,,882,USD,2,,2026-10-04 09:05:55.681180+00:00,travelpayouts,round_trip,month-matrix,4170
YTO,Toronto,DEL,New Delhi,2027-01-20 00:00:00+00:00,2027-02-25 00:00:00+00:00,,,887,USD,2,,2026-10-04 09:05:55.681180+00:00,travelpayouts,round_trip,month-matrix,3551
YTO,Toronto,DEL,New Delhi,2027-01-21 00:00:00+00:00,2027-03-07 00:00:00+00:00,,,906,USD,0,,2026-10-04 09:05:55.681180+00:00,travelpayouts,round_trip,month-matrix,0
YTO,Toronto,DEL,New Delhi,2027-01-21 00:00:00+00:00,2027-03-08 00:00:00+00:00,,,906,USD,0,,2026-10-04 09:05:55.681180+00:00,travelpayouts,round_trip,month-matrix,0
YTO,Toronto,DEL,New Delhi,2027-01-21 00:00:00+00:00,2027-03-06 00:00:00+00:00,,,931,USD,2,,2026-10-04 09:05:55.681180+00:00,travelpayouts,round_trip,month-matrix,4230
YTO,Toronto,DEL,New Delhi,2027-01-12 00:00:00+00:00,2027-02-13 00:00:00+00:00,,,934,USD,2,,2026-10-04 09:05:55.681180+00:00,travelpayouts,round_trip,month-matrix,4516
YTO,Toronto,DEL,New Delhi,2027-01-04 00:00:00+00:00,2027-02-04 00:00:00+00:00,,,937,USD,1,,2026-10-04 09:05:55.681180+00:00,travelpayouts,round_trip,month-matrix,3965
YTO,Toronto,DEL,New Delhi,2027-01-20 00:00:00+00:00,2027-02-26 00:00:00+00:00,,,977,USD,0,,2026-10-04 09:05:55.681180+00:00,travelpayouts,round_trip,month-matrix,0
YTO,Toronto,DEL,New Delhi,2027-01-20 00:00:00+00:00,2027-02-27 00:00:00+00:00,,,977,USD,0,,2026-10-04 09:05:55.681180+00:00,travelpayouts,round_trip,month-matrix,0
YTO,Toronto,DEL,New Delhi,2027-01-20 00:00:00+00:00,2027-02-28 00:00:00+00:00,,,977,USD,0,,2026-10-04 09:05:55.681180+00:00,travelpayouts,round_trip,month-matrix,0
YTO,Toronto,DEL,New Delhi,2027-01-20 00:00:00+00:00,2027-03-01 00:00:00+00:00,,,977,USD,0,,2026-10-04 09:05:55.681180+00:00,travelpayouts,round_trip,month-matrix,0
YTO,Toronto,DEL,New Delhi,2027-01-20 00:00:00+00:00,2027-03-02 00:00:00+00:00,,,977,USD,0,,2026-10-04 09:05:55.681180+00:00,travelpayouts,round_trip,month-matrix,0
YTO,Toronto,DEL,New Delhi,2027-01-20 00:00:00+00:00,2027-03-03 00:00:00+00:00,,,977,USD,0,,2026-10-04 09:05:55.681180+00:00,travelpayouts,round_trip,month-matrix,0
YTO,Toronto,DEL,New Delhi,2027-01-20 00:00:00+00:00,2027-03-04 00:00:00+00:00,,,977,USD,0,,2026-10-04 09:05:55.681180+00:00,travelpayouts,round_trip,month-matrix,0
YTO,Toronto,DEL,New Delhi,2027-01-20 00:00:00+00:00,2027-03-05 00:00:00+00:00,,,1067,USD,2,,2026-10-04 09:05:55.681180+00:00,travelpayouts,round_trip,month-matrix,3095
YTO,Toronto,DEL,New Delhi,2027-01-07 00:00:00+00:00,2027-02-24 00:00:00+00:00,,,1158,USD,2,,2026-10-04 09:05:55.681180+00:00,travelpayouts,round_trip,month-matrix,4030
YTO,Toronto,DEL,New Delhi,2027-01-01 00:00:00+00:00,2027-01-21 00:00:00+00:00,,,1200,USD,2,,2026-10-04 09:05:55.681180+00:00,travelpayouts,round_trip,month-matrix,3550
YTO,Toronto,DEL,New Delhi,2027-01-07 21:20:00+00:00,2027-02-24 22:40:00+00:00,AC,1508,730,USD,2,,2026-10-04 09:22:28.252634+00:00,travelpayouts,round_trip,prices_for_dates,3412
YTO,Toronto,DEL,New Delhi,2027-01-21 22:40:00+00:00,2027-03-18 02:00:00+00:00,AA,6917,787,USD,1,,2026-10-04 09:22:28.252634+00:00,travelpayouts,round_trip,prices_for_dates,2660
YTO,Toronto,DEL,New Delhi,2027-01-27 12:00:00+00:00,2027-03-02 00:10:00+00:00,AA,4542,881,USD,2,,2026-10-04 09:22:28.252634+00:00,travelpayouts,round_trip,prices_for_dates,4506
YTO,Toronto,DEL,New Delhi,2027-01-22 00:40:00+00:00,2027-03-16 16:05:00+00:00,AA,4438,882,USD,2,,2026-10-04 09:22:28.252634+00:00,travelpayouts,round_trip,prices_for_dates,4170
YTO,Toronto,DEL,New Delhi,2027-01-20 12:00:00+00:00,2027-02-25 16:05:00+00:00,AA,4542,887,USD,2,,2026-10-04 09:22:28.252634+00:00,travelpayouts,round_trip,prices_for_dates,3551
YTO,Toronto,DEL,New Delhi,2027-01-22 00:40:00+00:00,2027-03-06 16:05:00+00:00,AA,4438,931,USD,2,,2026-10-04 09:22:28.252634+00:00,travelpayouts,round_trip,prices_for_dates,4230
YTO,Toronto,DEL,New Delhi,2027-01-12 15:54:00+00:00,2027-02-13 16:05:00+00:00,AA,4347,934,USD,2,,2026-10-04 09:22:28.252634+00:00,travelpayouts,round_trip,prices_for_dates,4516
YTO,Toronto,DEL,New Delhi,2027-01-04 19:20:00+00:00,2027-02-03 20:10:00+00:00,CX,805,937,USD,1,,2026-10-04 09:22:28.252634+00:00,travelpayouts,round_trip,prices_for_dates,3965
YTO,Toronto,DEL,New Delhi,2027-01-20 12:00:00+00:00,2027-03-05 17:15:00+00:00,AA,4542,1067,USD,2,,2026-10-04 09:22:28.252634+00:00,travelpayouts,round_trip,prices_for_dates,3095
YTO,Toronto,DEL,New Delhi,2027-01-07 18:45:00+00:00,2027-02-24 00:20:00+00:00,AA,4623,1158,USD,2,,2026-10-04 09:22:28.252634+00:00,travelpayouts,round_trip,prices_for_dates,4030
YTO,Toronto,DEL,New Delhi,2027-01-01 12:00:00+00:00,2027-01-21 16:05:00+00:00,AA,4542,1200,USD,2,,2026-10-04 09:22:28.252634+00:00,travelpayouts,round_trip,prices_for_dates,3550
YTO,Toronto,DEL,New Delhi,2027-01-21 00:00:00+00:00,2027-03-16 00:00:00+00:00,,,903,USD,2,,2026-10-04 09:22:28.740984+00:00,travelpayouts,round_trip,latest,5125
YTO,Toronto,DEL,New Delhi,2027-01-21 00:00:00+00:00,2027-03-07 00:00:00+00:00,,,920,USD,0,,2026-10-04 09:22:28.740984+00:00,travelpayouts,round_trip,latest,0
YTO,Toronto,DEL,New Delhi,2027-01-21 00:00:00+00:00,2027-03-08 00:00:00+00:00,,,920,USD,0,,2026-10-04 09:22:28.740984+00:00,travelpayouts,round_trip,latest,0
YTO,Toronto,DEL,New Delhi,2027-01-21 00:00:00+00:00,2027-03-06 00:00:00+00:00,,,937,USD,2,,2026-10-04 09:22:28.740984+00:00,travelpayouts,round_trip,latest,3990
YTO,Toronto,SHA,Shanghai,2026-10-05 00:00:00+00:00,,,,593,USD,2,,2026-10-04 09:22:29.291622+00:00,travelpayouts,one_way,month-matrix,1890
YTO,Toronto,SHA,Shanghai,2026-10-05 23:00:00+00:00,,WS,729,593,USD,2,,2026-10-04 09:22:29.790664+00:00,travelpayouts,one_way,prices_for_dates,1890
YTO,Toronto,SHA,Shanghai,2026-10-19 00:00:00+00:00,2026-10-26 00:00:00+00:00,,,1096,USD,2,,2026-10-04 09:37:28.533381+00:00,travelpayouts,round_trip,month-matrix,4520
YTO,Toronto,SHA,Shanghai,2026-10-10 00:00:00+00:00,2026-10-18 00:00:00+00:00,,,1509,USD,2,,2026-10-04 09:37:28.533381+00:00,travelpayouts,round_trip,month-matrix,5755
YTO,Toronto,SHA,Shanghai,2026-10-19 13:30:00+00:00,2026-10-26 10:45:00+00:00,WS,713,1096,USD,2,,2026-10-04 09:37:31.207345+00:00,travelpayouts,round_trip,prices_for_dates,4520
YTO,Toronto,SHA,Shanghai,2026-10-11 02:45:00+00:00,2026-10-18 03:55:00+00:00,TS,122,1509,USD,2,,2026-10-04 09:37:31.207345+00:00,travelpayouts,round_trip,prices_for_dates,5755
YTO,Toronto,SHA,Shanghai,2026-11-15 00:00:00+00:00,,,,559,USD,2,,2026-10-04 09:37:32.143878+00:00,travelpayouts,one_way,month-matrix,2605
YTO,Toronto,SHA,Shanghai,2026-11-05 00:00:00+00:00,,,,565,USD,0,,2026-10-04 09:37:32.143878+00:00,travelpayouts,one_way,month-matrix,0
YTO,Toronto,SHA,Shanghai,2026-11-06 00:00:00+00:00,,,,565,USD,0,,2026-10-04 09:37:32.143878+00:00,travelpayouts,one_way,month-matrix,0
YTO,Toronto,SHA,Shanghai,2026-11-08 00:00:00+00:00,,,,565,USD,0,,2026-10-04 09:37:32.143878+00:00,travelpayouts,one_way,month-matrix,0
YTO,Toronto,SHA,Shanghai,2026-11-09 00:00:00+00:00,,,,565,USD,0,,2026-10-04 09:37:32.143878+00:00,travelpayouts,one_way,month-matrix,0
YTO,Toronto,SHA,Shanghai,2026-11-10 00:00:00+00:00,,,,565,USD,0,,2026-10-04 09:37:32.143878+00:00,travelpayouts,one_way,month-matrix,0
YTO,Toronto,SHA,Shanghai,2026-11-11 00:00:00+00:00,,,,565,USD,0,,2026-10-04 09:37:32.143878+00:00,travelpayouts,one_way,month-matrix,0
YTO,Toronto,SHA,Shanghai,2026-11-12 00:00:00+00:00,,,,565,USD,0,,2026-10-04 09:37:32.143878+00:00,travelpayouts,one_way,month-matrix,0
YTO,Toronto,SHA,Shanghai,2026-11-13 00:00:00+00:00,,,,565,USD,0,,2026-10-04 09:37:32.143878+00:00,travelpayouts,one_way,month-matrix,0
YTO,Toronto,SHA,Shanghai,2026-11-16 00:00:00+00:00,,,,570,USD,0,,2026-10-04 09:37:32.143878+00:00,travelpayouts,one_way,month-matrix,0
YTO,Toronto,SHA,Shanghai,2026-11-17 00:00:00+00:00,,,,570,USD,0,,2026-10-04 09:37:32.143878+00:00,travelpayouts,one_way,month-matrix,0
YTO,Toronto,SHA,Shanghai,2026-11-04 00:00:00+00:00,,,,572,USD,2,,2026-10-04 09:37:32.143878+00:00,travelpayouts,one_way,month-matrix,2605
YTO,Toronto,SHA,Shanghai,2026-11-18 00:00:00+00:00,,,,580,USD,2,,2026-10-04 09:37:32.143878+00:00,travelpayouts,one_way,month-matrix,2830
YTO,Toronto,SHA,Shanghai,2026-11-15 21:15:00+00:00,,WS,729,559,USD,2,,2026-10-04 09:37:32.626896+00:00,travelpayouts,one_way,prices_for_dates,2605
YTO,Toronto,SHA,Shanghai,2026-11-04 21:15:00+00:00,,WS,729,572,USD,2,,2026-10-04 09:37:32.626896+00:00,travelpayouts,one_way,prices_for_dates,2605
YTO,Toronto,SHA,Shanghai,2026-11-19 03:20:00+00:00,,WS,737,580,USD,2,,2026-10-04 09:37:32.626896+00:00,travelpayouts,one_way,prices_for_dates,2830
YTO,Toronto,SHA,Shanghai,2026-11-05 00:00:00+00:00,2026-11-21 00:00:00+00:00,,,936,USD,2,,2026-10-04 09:37:33.575875+00:00,travelpayouts,round_trip,month-matrix,5065
YTO,Toronto,SHA,Shanghai,2026-11-05 00:00:00+00:00,2026-11-20 00:00:00+00:00,,,949,USD,2,,2026-10-04 09:37:33.575875+00:00,travelpayouts,round_trip,month-matrix,5065
YTO,Toronto,SHA,Shanghai,2026-11-04 00:00:00+00:00,2026-11-20 00:00:00+00:00,,,1022,USD,2,,2026-10-04 09:37:33.575875+00:00,travelpayouts,round_trip,month-matrix,3800
YTO,Toronto,SHA,Shanghai,2026-11-06 00:00:00+00:00,2026-11-21 00:00:00+00:00,,,1032,USD,2,,2026-10-04 09:37:33.575875+00:00,travelpayouts,round_trip,month-matrix,3690
YTO,Toronto,SHA,Shanghai,2026-11-05 00:00:00+00:00,2026-11-22 00:00:00+00:00,,,1149,USD,3,,2026-10-04 09:37:33.575875+00:00,travelpayouts,round_trip,month-matrix,4040
YTO,Toronto,SHA,Shanghai,2026-11-05 21:15:00+00:00,2026-11-20 17:45:00+00:00,WS,713,936,USD,2,,2026-10-04 09:38:43.621049+00:00,travelpayouts,round_trip,prices_for_dates,5065
YTO,Toronto,SHA,Shanghai,2026-11-05 21:15:00+00:00,2026-11-19 17:45:00+00:00,WS,713,949,USD,2,,2026-10-04 09:38:43.621049+00:00,travelpayouts,round_trip,prices_for_dates,5065
YTO,Toronto,SHA,Shanghai,2026-11-04 14:00:00+00:00,2026-11-20 08:50:00+00:00,WS,711,1022,USD,2,,2026-10-04 09:38:43.621049+00:00,travelpayouts,round_trip,prices_for_dates,3800
YTO,Toronto,SHA,Shanghai,2026-11-06 21:15:00+00:00,2026-11-21 08:50:00+00:00,WS,713,1032,USD,2,,2026-10-04 09:38:43.621049+00:00,travelpayouts,round_trip,prices_for_dates,3690
YTO,Toronto,SHA,Shanghai,2026-11-05 11:45:00+00:00,2026-11-22 10:10:00+00:00,PD,2529,1149,USD,3,,2026-10-04 09:38:43.621049+00:00,travelpayouts,round_trip,prices_for_dates,4040
YTO,Toronto,SHA,Shanghai,2026-12-26 21:15:00+00:00,,WS,713,1027,USD,2,2026-10-04 10:38:45+00:00,2026-10-04 09:38:46.007923+00:00,travelpayouts,one_way,calendar,
YTO,Toronto,SHA,Shanghai,2026-12-26 00:00:00+00:00,2027-01-04 00:00:00+00:00,,,1027,USD,2,,2026-10-04 09:38:46.476016+00:00,travelpayouts,round_trip,month-matrix,4535
YTO,Toronto,SHA,Shanghai,2026-12-26 21:15:00+00:00,2027-01-03 17:45:00+00:00,WS,713,1027,USD,2,,2026-10-04 09:38:46.939391+00:00,travelpayouts,round_trip,prices_for_dates,4535
